0,1,2,3,4,5,6,7,8,9,10,11,12,13,14,15,16,17,18,19,20,21,22,23,idm135_N,differenceends,class
0.0,0.0,0.5131465,0.0,0.0,0.0,0.0,0.0,0.39295435,3.3387725,1.6080947,2.6128712,0.0,0.0,0.0,0.57896143,0.05267192,2.065379,0.5801018,3.28635,0.0,2.1135888,0.0,4.607733,0.050079236879670405,0.44075829383886256,0
0.0,1.5925367,0.5132995,1.163339,0.0,0.0,0.0,0.0,0.0,2.3806343,0.26047552,1.5563828,0.0,0.0,0.0,0.0,0.0,0.621381,0.0,1.2785237,0.0,0.71428305,0.0,3.330632,0.009333492372979266,0.17535545023696683,0
0.0,0.0,0.0,0.0,0.0,0.0,0.0,0.093608424,0.0,0.31639275,1.3356236,1.5978057,0.0,0.0,0.80316454,0.0,0.0,0.0,0.0,3.2441382,0.0,1.0366478,0.35464263,5.925016,0.005635422661779221,0.5545023696682465,0
0.0,1.2612808,0.0,0.0,0.0,0.0,0.0,0.65227467,0.0,3.6558073,2.822249,3.9836707,0.0,0.0,0.0,0.0,0.0,2.6905606,0.0,3.2862663,0.0,3.8067062,0.0,4.807269,0.0035998560367596273,0.22748815165876782,0
2.2646627,0.0,0.0,0.0,0.0,0.0,0.0,0.0,0.0,0.0,0.0,0.0,3.352089,3.6964228,1.4479564,0.0,0.0,0.0,0.0,0.5143215,0.0,0.0,1.0075431,0.0,0.0053663923233790815,0.3222748815165877,0
0.0,2.3384523,2.9232948,4.859086,0.0,0.0,0.0,0.0,0.0,6.015795,0.0,2.9277866,0.0,0.0,0.0,0.37040997,0.0,0.5180476,0.0,2.7101963,0.0,1.4890802,0.0,6.331815,0.009169522678808167,0.7251184834123223,0
0.0,0.0,0.0,0.0,0.0,0.0,0.0,0.43818504,0.0,0.0,1.6086698,5.0192666,0.0,0.0,0.28716654,0.0,0.0,0.6296643,0.9268245,3.4680934,0.0,1.7801517,0.0,5.4752955,0.0014749991097651614,0.8672985781990522,0
0.0,1.2182796,0.07872164,0.15535961,0.0,0.0,0.0,0.0,0.0,5.516622,4.596337,5.469224,0.0,0.0,0.0,0.0,0.0,3.2666838,0.0,3.7488256,0.0,3.0792105,0.0,6.738009,0.0041175538945827424,0.2985781990521327,0
0.0,3.7462406,2.9229214,1.9642576,0.0,0.0,0.0,0.0,0.0,4.3341856,0.7336686,1.5879972,0.092982695,0.0,0.0,0.26106048,0.0,1.6046375,0.23642206,0.6477688,0.0,1.6795985,0.0,2.7702947,0.0013038218874350286,0.2654028436018957,0
5.2504296,0.0,5.1660776,0.0,11.153374,6.489699,0.0,0.0,0.0,0.0,0.0,0.0,0.0,0.0,12.10632,0.0,0.0,0.0,0.0,0.0,0.0,0.0,7.689835,0.0,0.015651756664498355,0.16587677725118485,0
0.0,2.2669,0.107975006,1.0192884,0.0,0.0,0.0,0.0,0.0,5.4369826,4.91442,3.8144352,0.0,0.0,0.0,0.91225606,0.0,2.326565,0.0,4.5810256,0.0,3.5092802,0.0,7.7690015,0.003880982096482476,0.3886255924170616,0
0.0,0.0,0.0,0.0,0.0,0.0,0.0,0.55947095,0.0,0.0,0.0,1.1984967,0.06649773,0.0,1.2688099,0.0,0.0,0.0,0.34495082,0.0,0.0,0.0,0.4220764,1.8839465,0.004921419002162355,0.19431279620853084,0
0.0,2.7728882,2.6024103,2.3966029,0.0,0.0,0.0,0.0,0.0,4.702008,1.9891374,2.359773,0.0,0.0,0.0,0.0,0.0,1.5963501,0.2130365,2.3320405,0.00083530706,1.626125,0.0,5.185258,0.0018873153647193854,0.47393364928909953,0
0.0,3.3221936,3.0514448,0.0,0.0,0.0,0.0,0.0,0.0,4.714917,2.2448316,3.2479854,0.0,0.0,0.0,0.33901924,0.0,3.0429537,0.28332403,0.031289183,0.0,1.778567,0.0,3.5128982,0.0008872673964907857,0.08530805687203794,0
0.0,1.8979346,2.7329175,4.232735,0.0,0.0,0.0,0.0,0.0,5.933167,1.4511235,3.811404,0.0,0.0,0.0,0.0,0.0,1.6345208,0.0,2.7656207,0.0,2.872556,0.0,5.9869127,0.0055759352703069285,0.5687203791469194,0
0.0,2.8093455,0.0,3.6960464,0.0,0.0,0.0,0.32348815,0.0,8.932502,2.198306,4.565606,0.0,0.0,0.0,2.16266,0.0,1.6629658,0.0,5.8789086,0.0,4.0233064,0.0,8.475497,0.003929808587367236,0.7582938388625593,0
0.0,0.0,0.0,0.0,0.0,0.0,0.0,0.0,0.0,0.0,0.0,0.74446374,0.0,0.0,1.7062694,0.0,0.78320897,0.0,0.35336795,0.6894887,0.0,0.27232018,0.7620786,0.652037,0.04394194120636239,0.9146919431279622,0
0.0,1.3197031,0.0,0.0,0.0,0.0,0.0,0.0,0.0,2.3301964,1.6933069,2.7328367,0.0,0.0,0.0,0.0,0.0,1.2495309,0.0,4.2377324,0.0,2.6542509,0.0,5.569266,0.006895666328204789,0.49763033175355453,0
0.0,0.0,1.3019497,2.597836,0.0,0.0,0.0,0.6490545,0.0,1.8960968,0.0,0.61875165,0.15943669,1.3613282,0.84596765,0.0,0.0,0.0,0.0,0.0,0.0,0.0,0.0,0.0,0.0033307337593814087,0.9383886255924171,0
0.0,2.245703,0.28538203,0.0,0.0,0.13900225,0.0,0.0,0.0,2.0377223,1.0445766,1.8223253,0.0,0.0,0.0,0.47105733,0.0,0.82924545,0.0,1.794133,0.0,1.7920066,0.0,3.0346673,0.0030546902602477362,0.27014218009478674,0
0.0,3.4021811,0.0,0.0,0.0,0.0,0.0,2.3618958,0.0,4.562696,2.4493005,4.665348,0.0,0.0,0.0,0.7984676,0.0,4.419548,0.103257336,4.1769743,0.0,5.6426363,0.0,6.938024,0.0008867521783285457,0.4218009478672986,0
2.7210824,0.0,0.6811111,0.0,0.0,0.9574974,0.0,0.0,0.0,0.0,0.0,0.0,0.43720934,3.6163056,5.78806,0.15370667,0.4982273,0.0,0.0,0.0,0.0,0.0,2.2328978,0.0,0.02455794100945178,0.3696682464454977,0
0.0,0.0,0.70918274,0.0,0.0,3.8391995,0.0,0.0,0.0,0.0,0.0,0.48417744,0.0,2.4920866,0.0,0.0,0.0,0.0,0.0,0.0,0.0,0.0,1.5122467,0.46642214,0.015347925334076806,0.8957345971563982,0
0.0,0.0,0.0,0.0,0.0,0.78820056,0.0,0.0,0.0,0.0,0.0,1.0342063,0.465233,0.0,1.0574538,0.0,0.0,0.0,0.0,0.39144233,0.0,0.0,1.3871337,2.2442331,0.012771830898471179,0.5165876777251185,0
0.0,0.0,0.0,0.0,0.0,0.0,0.0,0.0,0.0,0.26630548,0.44836283,3.3125756,0.0,0.0,0.5373015,0.0,1.1361257,0.0,0.1865116,1.0698745,0.0,0.42585978,1.5231436,5.0440226,0.015399695826041147,0.7772511848341233,0
0.14479145,0.0,0.0,0.0,0.0,3.006306,0.0,0.09786551,0.0,0.0,0.0,0.0,0.0,0.32879195,2.178592,0.0,0.0,0.0,0.0,0.0,0.0,0.0,0.0,0.0,0.014593715577263607,0.3981042654028436,0
0.0,4.239314,0.34772718,0.0,0.0,0.0,0.0,0.0,0.0,5.8438144,3.1237798,5.3271666,0.0,0.0,0.0,0.68799484,0.0,4.1432943,0.0,2.3824117,0.0,3.315712,0.38608456,5.450029,0.0032711913071911294,0.42654028436018954,0
0.0,3.3901784,0.42035055,0.10319619,0.0,0.0,0.0,1.0134381,0.0,6.1700845,0.91253227,4.7979946,0.0,0.0,0.0,1.8388149,0.0,2.2546625,0.0,3.4837856,0.0,4.7788334,0.0,5.6294136,0.001339762565598028,0.1895734597156398,0
0.0,0.0,2.496417,0.0,0.0,2.1599815,0.0,0.0,0.0,0.0,0.0,0.0,0.49026105,4.073257,2.711555,0.0,0.0,0.0,0.56780297,0.0,0.0,0.0,0.8023303,0.8196194,0.011490355483100128,0.26066350710900477,0
0.0,1.8927374,0.733145,0.18020116,0.0,0.0,0.0,0.0,0.0,3.0948064,0.7424704,1.2201233,0.0,0.0,0.0,0.8613001,0.0,0.004058341,0.0,0.96491075,0.0,1.6724173,0.0,1.8124714,0.0021213470298817303,0.18009478672985782,0
0.0,0.6061721,0.0,0.0,0.0,0.0,0.0,1.2158012,0.0,1.6547157,2.702235,2.8097606,0.0,0.0,0.0,0.0,0.0,1.5178982,0.0,2.3123486,0.0,1.8565547,0.0,3.4143608,0.0026191963672091228,0.3886255924170616,0
0.0,2.1290727,0.0,0.0,0.0,0.0,0.0,0.8685145,0.0,4.671993,4.930496,5.64499,0.0,0.0,0.0,0.0,0.0,4.0126934,0.0,4.5457873,0.0,4.5875974,0.0,7.120958,0.002978042717037306,0.4123222748815166,0
0.24695152,0.0,0.0,0.0,0.0,0.7943664,0.0,2.3424904,0.0,0.0,0.0,0.0,0.0,0.0,0.7822911,1.0687641,0.0,0.0,0.34145474,0.0,0.0,0.0,0.0,0.0,0.0050183892323045825,0.24170616113744078,0
0.0,0.95115864,0.54994446,0.0,0.0,2.0145738,0.0,0.0,0.0,0.084030494,0.0,0.9855635,0.0,0.0,0.0,0.0,0.0,0.0,0.0,0.0,0.0,0.0,0.20347548,0.0,0.010972279918533667,0.4123222748815166,0
0.0,0.0,0.0,0.0,0.0,0.0,0.0,0.0,0.0,0.0,0.0,2.1311753,0.0,0.17812787,0.06609632,0.0,3.173229,1.2091773,1.7317047,2.5034835,0.0,1.2829713,1.5106955,3.0768397,0.004849691405292876,0.4834123222748815,0
0.0,0.1968946,0.0,0.0,0.0,0.023844901,0.0,0.20004092,0.0,0.0,0.0,0.31653446,0.0,0.0,0.0,0.0,0.0,0.0,0.0,0.1460215,0.0,0.0,0.0,0.0,0.0032829634709496693,0.21800947867298578,0
0.0,0.6310501,0.23331797,0.0,0.0,0.0,0.0,0.0,0.0,2.704918,1.3385339,2.0919375,0.0,0.0,0.35035986,0.2253199,0.0,0.6546783,0.0,2.708802,0.0,1.3945619,0.0,3.7411995,0.0064519190543319525,0.2322274881516588,0
0.07939609,0.0,1.8129374,0.8266715,0.0,0.0,0.0,0.009678406,0.0,0.38132042,0.0,0.0,0.80732536,1.9817325,0.27373904,0.0,0.0,0.0,0.0,0.0,0.0,0.0,0.0,0.0,0.008039522423990942,0.6255924170616114,0
0.0,0.36961827,0.31213126,0.0,0.0,0.9093208,0.0,0.4122,0.0,0.0,0.0,0.81228006,0.0,0.18849136,0.0,0.0,0.0,0.0,0.0,0.0,0.0,0.0,0.0,0.0,0.0056415915492235525,0.19905213270142183,0
0.0,0.17117648,0.69445133,0.0,0.0,2.4519103,0.0,0.0,0.0,0.7577939,1.7208245,2.1713784,0.0,0.0,0.0,0.0,0.0,0.0,0.0,0.0,0.0,0.0,2.139454,1.5040857,0.019365726428902847,0.2985781990521327,0
0.0,0.0,0.0,0.0,0.0,0.0,0.0,0.333935,0.0,0.0,1.9069335,1.3527024,0.0,0.0,0.6513987,0.0,0.0,0.0,0.0,0.45546493,0.0,0.0,1.0089839,2.6886532,0.006416899177329273,0.3744075829383886,0
0.0,2.2518678,0.0,0.0,0.0,0.0,0.0,1.2781358,0.0,1.7719551,0.0,1.3507415,0.0,0.0,0.22758819,1.3468672,0.0,0.0,0.0,1.7992105,0.0,1.5748639,0.0,2.895072,0.0020479140049563674,0.07109004739336491,0
0.0,0.8735673,1.9703119,3.4422247,0.0,0.0,0.0,0.0,0.0,5.158421,1.1424088,1.598621,0.0,0.0,0.0,0.5382171,0.0,0.5781045,0.0,2.4614477,0.0,1.0588788,0.0,4.999045,0.005752152854075565,0.2985781990521327,0
0.0,0.0,1.6479636,1.3921174,0.7159016,0.0,0.0,0.0,0.0,2.0138173,0.0,0.0,1.2155409,0.0,1.1357715,0.0,0.0,0.0,0.0,0.16872568,0.0,0.0,0.0,1.6762857,0.12974873110032897,0.8720379146919431,0
0.0,2.2944531,0.0,0.0,0.0,0.0,0.0,0.0,0.0,4.4943385,2.9515343,3.7919695,0.0,0.0,0.0,0.0,0.0,4.233062,0.0,3.6807675,0.0,3.381687,0.0,5.9184337,0.002149413527212266,0.22274881516587677,0
0.0,1.8730536,2.199538,1.9788095,0.0,0.0,0.0,0.0,0.0,4.5625186,1.1093271,2.4886978,0.0,0.0,0.5810005,0.12534207,0.0,0.98490846,0.0,0.82094604,0.0,1.5913415,0.0,2.333707,0.0017122685916467172,0.42654028436018954,0
0.0,0.0,0.0,0.0,0.0,0.0,0.0,0.0,0.0,0.0,0.0,0.0,1.806304,0.0,4.69962,0.0,0.0,0.0,0.0,0.85712045,0.0,0.0,3.6324196,3.355583,0.028763951509702866,0.39336492890995256,0
0.0,0.0,0.14037442,0.0,0.0,0.0,0.0,0.0,0.0,0.0,0.74791145,0.0,0.0,0.0,2.9877024,1.0850055,0.0,0.0,1.9898182,3.011521,0.0,1.7450304,0.9520327,5.0920854,0.017033428831938435,0.4786729857819906,0
0.0,0.0,0.0,0.0,0.0,1.1900526,0.0,0.0,0.0,0.0,1.0587832,1.6932762,0.0,0.0,0.0,0.0,0.0,0.0,0.0,1.7581338,0.0,0.03802267,1.0057817,3.3163965,0.017652359715892733,0.3744075829383886,0
1.6878767,0.0,0.0,0.0,0.0,0.0,0.0,0.0,0.0,0.0,0.0,0.0,5.345114,2.2294238,1.3389752,0.0,0.0,0.0,0.0,0.0,0.5147339,0.0,0.0,0.0,0.011566515485584565,0.22748815165876782,0
0.0,1.6707466,0.4739716,0.71882874,0.0,0.0,0.0,0.0,0.0,1.8713727,0.0,0.0,0.0,0.0,0.0,0.52134806,0.0,0.0,0.0,1.0660572,0.0,0.0033759514,0.0,1.5638117,0.005385599753021804,0.20379146919431282,0
0.0,10.059276,0.20180154,0.0,0.0,0.0,0.0,3.6221504,11.363467,0.0,0.0,0.0,0.0,0.0,0.0,0.0,23.38179,0.0,0.0,6.130376,0.0,0.0,0.0,0.0,0.6926899358110419,0.21800947867298578,0
0.0,0.0,0.0,0.0,0.0,0.0,0.0,0.0,0.0,0.21227553,0.0,0.0,1.4575241,0.0,0.011767875,0.0,0.0,0.0,0.0,0.7851197,0.0,0.0,0.11591173,1.2153583,0.023633094396707577,0.42654028436018954,0
0.0,3.936842,0.8615875,0.0,0.0,0.0,0.0,0.0,0.0,4.676974,2.930691,2.7248504,0.0,0.0,0.0,0.19014153,0.0,3.467899,0.0,3.1592226,0.0,2.9989583,0.0,5.1274743,0.0012741485189748387,0.19431279620853084,0
0.0,2.9137127,0.0,0.0,0.0,0.0,0.0,0.68185675,0.0,3.124853,0.42691872,1.6994714,0.0,0.0,0.0,1.6209434,0.0,0.880069,0.0,2.1445203,0.0,2.6541502,0.0,3.0923858,0.002638503624326774,0.10426540284360189,0
0.0,3.9744835,0.19833267,0.0,0.0,0.0,0.0,1.7567765,0.0,4.1318974,1.4256828,3.1066518,0.0,0.0,0.0,0.97551733,0.0,2.1910484,0.0,3.302383,0.0,3.6554492,0.0,5.3550897,0.0018650481821210014,0.5402843601895735,0
4.187992,0.0,0.0,0.0,0.0,3.1917527,0.0,5.667302,0.0,0.0,0.0,0.0,0.19516347,4.3570347,3.5145736,0.0,0.0,0.0,0.0,0.0,0.0,0.0,0.0,0.0,0.012814955784292826,0.40284360189573465,0
0.0,0.0,0.36942148,0.0,0.0,0.0,0.0,0.0,0.0,0.75297624,0.0,0.0,0.0,0.0,0.56748545,0.026341848,0.0,0.0,0.0,0.6932748,0.0,0.0,0.19461167,1.3022063,0.0034358174227726744,0.8151658767772513,0
0.0,4.1171474,1.0152199,0.0,0.0,0.0,0.0,0.0,0.0,6.422301,5.484539,6.6500454,0.0,0.0,0.0,0.45838305,0.0,3.5168588,0.0,2.4587383,0.0,4.446069,0.0,5.9813676,0.0015110554630321266,0.8815165876777252,0
1.8264548,0.0,0.17877603,0.0,0.0,1.6150135,0.0,0.0,0.0,0.0,0.0,0.0,2.3775907,3.4825687,2.2908337,0.0,0.0,0.0,0.0,0.0,0.0,0.0,2.1184585,0.0,0.027651337288557218,0.5165876777251185,0
0.0,1.5552936,1.0885001,2.9232366,0.0,0.0,0.0,0.6854135,0.0,4.775312,0.0,1.2201275,0.0,0.0,0.0,1.2939515,0.0,0.0,0.0,0.28302535,0.0,1.1694429,0.0,2.088277,0.0040289641777463735,0.17061611374407584,0
0.0,1.9630955,0.0,0.0,0.0,0.0,0.0,0.87456036,0.0,3.4923608,3.0416741,4.90663,0.0,0.0,0.0,0.0,0.0,2.529497,0.0,3.1152673,0.0,2.600445,0.0,4.5723367,0.002847860937521436,0.2132701421800948,0
0.0,0.0,1.0817283,1.4730971,0.0,0.5898709,0.0,0.6281508,0.0,0.8816687,0.0,1.2391244,0.009612959,0.16831486,0.7404565,0.6832934,0.0,0.0,0.13432986,0.0,0.0,0.0,0.0,0.09873633,0.0020702752358337843,0.17061611374407584,0
0.0,2.8517547,1.1335635,2.3995821,0.0,0.0,0.0,0.0,0.0,4.622261,0.15715045,1.3489281,0.0,0.0,0.0,0.0,0.0,1.4994445,0.0,1.8358946,0.0,2.7929819,0.0,4.6602345,0.0012675733339139825,0.15639810426540288,0
0.0,1.3383677,0.2098875,1.3401288,0.0,0.0,0.0,0.0,0.0,4.5354867,1.4372838,1.7860416,0.0,0.0,0.0,0.8500941,0.0,0.9096963,0.0,3.0325768,0.0,2.5675204,0.0,5.186888,0.007300034439787462,0.14218009478672985,0
0.0,3.4838238,4.6113753,5.2956066,0.0,0.0,0.0,0.0,0.0,5.0085797,0.19891667,3.214862,0.0,0.0,0.0,0.0,0.0,1.2400211,0.34010026,2.3398702,0.6602044,0.20226792,0.0,5.60303,0.0021986763143005223,0.2559241706161137,0
0.0,2.0135436,0.0,0.35117406,0.0,0.0,0.0,0.0,0.0,2.8533661,0.45280933,2.832415,0.0,0.0,0.07596727,0.13088304,0.0,0.44249642,0.0,1.2675104,0.0,0.0,1.8682337,3.7402287,0.006433088489443106,0.3459715639810427,0
1.5922649,0.0,0.1318909,0.0,0.0,0.59414846,0.0,0.0,0.0,0.0,0.0,0.0,1.5469322,2.6979463,0.10530223,0.0,0.0,0.0,0.0,0.0,0.0,0.0,0.7933128,0.1996126,0.02011710394901794,0.1848341232227488,0
0.0,1.7679026,0.0,0.33726257,0.0,0.0,0.0,0.0,0.0,4.461933,1.4778311,3.125343,0.0,0.0,0.0,0.0,0.0,1.1652601,0.0,3.316274,0.0,3.2966845,0.0,5.401035,0.002539907735197773,0.14691943127962084,0
0.0,3.8767648,0.8279307,2.7217767,0.0,0.0,0.0,0.0,0.0,8.0358305,2.0765886,5.7215147,0.0,0.0,0.0,0.22574991,0.0,2.4424102,0.0,2.9886918,0.0,4.9861474,0.0,6.7321486,0.0031165966086404073,0.7345971563981043,0
0.0,0.7855649,0.0,0.19206367,0.0,0.6334687,0.0,0.0,0.0,1.5707492,0.1988703,1.740177,0.0,0.0,0.1356819,0.0,0.0,0.0,0.0,0.6178908,0.0,0.0,0.18770282,0.42493394,0.009460710962163471,0.3981042654028436,0
0.0,2.4851365,2.7796783,2.0660865,0.0,0.0,0.0,0.0,0.0,6.6519976,1.8406087,4.758153,0.0,0.0,0.0,0.0,0.0,1.8986607,0.0,2.5673149,0.0,1.8183099,0.0,5.862533,0.0026818326208999364,0.4218009478672986,0
0.0,2.8943858,1.9941198,1.6103237,0.0,0.0,0.0,0.0,0.0,4.3309884,0.0,0.53942907,0.0,0.0,0.0,1.1719604,0.0,0.0,0.0,0.7063338,0.0,1.6076363,0.0,2.2855232,0.0036535854549919833,0.11848341232227491,0
0.0,2.1024394,0.7569946,0.0,0.0,0.0,0.0,1.8019087,0.0,2.6831841,0.2927486,2.9659956,0.0,0.0,0.0,1.3163288,0.0,0.18429314,0.0,1.8728957,0.0,2.8594306,0.0,3.1857188,0.002167430966290502,0.19431279620853084,0
0.0,3.3244934,0.51144004,0.0,0.0,0.0,0.0,0.0,0.0,4.282285,0.9829252,2.9645936,0.0,0.0,0.0,1.2488003,0.0,2.1929862,0.0,2.0754318,0.0,2.7098243,0.0,4.4478335,0.0024398141068072525,0.13744075829383887,0
0.0,4.9468026,2.5422776,0.0,0.0,0.0,0.0,0.0,0.0,7.137737,5.3083405,5.9810834,0.0,0.0,0.0,0.0,0.0,3.874459,0.0,1.6773447,0.0,2.7932453,0.0,5.7405553,0.0005480456119599116,0.4786729857819906,0
0.0,0.021392059,0.0,0.0,0.0,0.0,0.0,0.9509541,0.0,2.041107,2.2298858,3.6630337,0.0,0.0,0.0,0.0,0.0,1.2344509,0.0,1.7340001,0.0,1.6861483,0.0,2.587685,0.0027546651505932266,0.4123222748815166,0
4.111208,0.0,0.0,0.0,0.0,0.0,0.0,0.0,0.0,0.0,0.0,0.0,0.83549047,5.7808504,3.3605542,0.0,0.0,0.0,0.0,0.0,0.0,0.0,2.7006798,0.0,0.19584147294438536,0.7962085308056873,0
6.073771,0.0,0.0,0.0,1.8866202,1.2017108,0.0,0.0,0.0,0.0,0.0,0.0,3.9984717,1.9727379,4.6839547,1.7861209,0.42351598,0.0,0.0,0.0,0.0,0.0,6.1602488,0.0,0.026254538885959043,0.7962085308056873,0
0.46504018,0.0,0.4853431,0.0,0.0,1.4812059,0.0,0.0,0.0,0.0,0.0,0.0,1.823789,0.0,1.9104239,0.0,0.0,0.0,0.0,0.0,0.0,0.0,0.0,0.0,0.022629724993855516,0.24170616113744078,0
0.0,0.5105456,0.0,0.0,0.0,0.0,0.0,0.0,0.0,1.6012421,1.4829847,1.8135419,0.0,0.0,0.0,0.0,0.0,1.3667631,0.0,1.4064683,0.0,1.3418595,0.0,1.8397619,0.005062412997939495,0.20379146919431282,0
0.0,0.0,0.45526344,0.0,0.0,0.44525075,0.0,0.0,0.0,0.0,1.5022068,2.1856942,0.0,0.0,0.0,0.0,0.0,0.076787956,0.0,0.18569486,0.0,1.4408234,0.33132184,1.6980932,0.0021919805626165823,0.19431279620853084,0
0.0,1.544939,0.24855088,0.85631883,0.0,0.0,0.0,0.45161006,0.0,3.1824489,0.54455703,1.1820782,0.0,0.0,0.009377908,1.4562991,0.0,0.20610362,0.0,0.9681404,0.0,1.4204016,0.0,1.7489114,0.0014938452051513147,0.11848341232227491,0
0.77044356,0.0,1.8508769,0.0,0.0,2.348077,0.0,1.2634534,0.0,0.0,0.0,0.0,0.0,3.4417088,1.0609341,0.0,0.0,0.0,0.0,0.0,0.0,0.0,0.0,0.0,0.006261029713057418,0.44075829383886256,0
0.03135004,0.3696288,0.930809,0.0,3.3973074,1.386334,0.21189734,0.0,0.0,0.0,0.0,0.0,1.7929218,0.0,0.0,0.36204273,0.0,0.23122509,0.0,0.0,0.0,0.0,1.1428268,0.0,0.04888059190364622,0.3838862559241706,0
0.0,1.3830645,1.833466,0.0,0.0,0.0,0.0,0.0,0.0,3.0010798,0.0,0.0,1.223679,0.8425633,0.0,0.2203173,0.0,0.0,0.0,0.0,0.0,0.0,0.49925274,0.0,0.00920633965660553,0.2369668246445498,0
0.0,0.0,0.74154377,0.0,0.0,0.5069055,0.0,0.0,0.0,0.0,0.0,0.0,1.8347026,3.297663,1.7755077,0.0,0.0,0.0,0.0,0.0,0.0,0.0,0.40474868,0.0,0.01373641919783836,0.4834123222748815,0
0.0,4.4719543,0.8522557,0.8074501,0.0,0.0,0.0,0.0,0.0,4.0064774,0.0,2.3628037,0.0,0.0,0.0,1.2074751,0.0,0.0,0.0,1.6626852,0.0,2.121116,0.0,3.8892434,0.0015463771711851891,0.2511848341232228,0
0.0,0.0,0.0,0.0,0.0,0.0,0.0,0.0,0.0,1.3465816,0.7442305,2.785712,0.0,0.0,1.0713544,0.0,0.0,0.0,1.2823671,1.3504196,0.0,1.5181305,0.78044164,4.797089,0.0256262006570155,0.5971563981042655,0
0.0,1.743796,0.03597045,0.0,0.0,0.0,0.0,0.15609331,0.0,4.4307246,2.2615385,3.88752,0.0,0.0,0.0,0.0,0.0,1.9841453,0.0,4.0098605,0.0,3.7721298,0.0,5.780313,0.003119021066858326,0.3222748815165877,0
0.0,0.0,3.9972758,0.0,0.0,0.0,0.0,0.0,0.0,0.0,0.0,0.0,0.7604829,2.417998,0.76167625,0.0,0.0,0.0,0.0,0.0,0.35315776,0.0,1.4108851,1.7751973,0.006526837342978683,0.5639810426540285,0
0.0,2.3523655,1.1470071,0.32684422,0.0,0.0,0.0,0.4093035,0.0,3.46198,1.4709479,2.1259131,0.0,0.0,0.0,0.97087264,0.0,1.5790356,0.006022727,1.7220209,0.0,2.548926,0.0,3.3381183,0.002406930514553587,0.19905213270142183,0
0.0,1.3445933,0.8143493,0.032736767,0.0,0.0,0.0,0.0,0.0,1.8541368,0.4038242,1.2433846,0.0,0.0,0.0,0.021948703,0.0,1.1024272,0.0,0.67555994,0.0,1.0296559,0.0,1.5060998,0.0014631433550988692,0.037914691943127965,0
0.0,0.0,0.0,0.0,0.0,2.245603,0.0,0.0,0.0,0.0,0.0,0.4457311,0.0,1.4231147,0.8474398,0.0,0.0,0.0,0.0,0.0,0.0,0.0,1.3735173,0.58263445,0.07080455885709841,0.8767772511848341,0
0.0,1.5754192,0.5439503,0.07466881,0.0,0.0,0.0,0.0,0.0,1.8059337,0.17128581,0.0,0.0,0.0,0.0,0.6628092,0.0,0.0,0.0,1.1611829,0.0,1.6223383,0.0,1.0174288,0.006617360119420226,0.3696682464454977,0
0.0,0.5193176,0.0,1.7538067,0.0,0.0,0.26758027,0.0,0.0,3.6500235,1.6186612,3.4958193,0.0,0.0,0.6718076,0.0,0.0,0.0,0.0,2.1599798,0.0,3.1262062,0.19155808,5.5497975,0.010225203226032603,0.2511848341232228,0
0.0,0.3117695,0.0,0.0,0.0,0.0,0.0,0.28442547,0.0,2.161764,2.9292808,3.0844076,0.0,0.0,0.032615434,0.0,0.0,1.2986032,0.0,1.5699826,0.0,1.8986794,0.0,2.7121408,0.0029323433540281853,0.08056872037914695,0
0.0,4.5430655,2.7752047,0.7919168,0.0,0.0,0.0,0.0,0.0,5.9768834,3.0632734,3.5568614,0.0,0.0,0.0,0.0,0.0,4.6373415,0.0,1.6543177,0.0,4.8082695,0.0,6.2718215,0.0006004267608757117,0.41706161137440756,0
0.0,1.1217226,1.6560605,1.8993622,0.0,0.0,0.0,0.0,0.0,4.5400176,0.0,1.3758414,0.0,0.0,0.0,0.49934554,0.0,0.28944537,0.0,1.8253654,0.0,0.056429062,0.0,4.7815247,0.004109376748202879,0.5071090047393365,0
0.0,3.0620599,0.0,0.0,0.0,0.0,0.0,1.6610063,0.0,3.4347737,1.9047467,5.81225,0.0,0.0,0.0,0.05273395,0.0,2.2179854,0.0,3.9263136,0.0,4.496776,0.0,5.632933,0.0011796219621534282,0.6919431279620853,0
0.0,2.6619334,0.5688145,0.0,0.0,0.0,0.0,0.33334753,0.0,3.095727,1.6345861,2.0866504,0.0,0.0,0.0,1.1823146,0.0,1.5298308,0.0,2.1856587,0.0,1.9651245,0.0,3.4058783,0.002542396773016794,0.061611374407582936,0
0.0,0.9064101,0.0,0.39078283,0.0,0.0,0.0,0.0,0.0,4.111824,2.9728127,3.9529045,0.0,0.0,0.0,0.0,0.0,0.9278011,0.0,3.2908382,0.0,1.970574,0.0,4.7701364,0.003811729747561454,0.3601895734597157,0
0.0,0.0,0.0,0.0,0.0,0.46459368,0.0,1.3549151,0.0,0.038035575,1.12194,2.8902357,0.0,0.0,0.0,0.0,0.0,0.0,0.0,0.88870305,0.0,0.0,0.0,1.0457127,0.0029227539991927556,0.24170616113744078,0
0.17320034,0.0,0.44644856,2.0052037,0.0,0.0,0.0,0.40711954,0.0,1.1632199,0.0,0.0,0.0,0.26512185,0.2875355,0.0,0.0,0.0,0.0,0.13028456,0.0,0.0,0.0,0.86035,0.003300724517719175,0.2511848341232228,0
8.134762,0.6749697,0.0,0.0,5.2336893,0.0,0.0,0.0,0.0,0.0,0.0,0.0,2.042601,0.0,0.0,1.9726748,4.0965796,0.0,0.0,0.0,0.0,0.0,0.0,0.0,0.016044990485920455,0.5023696682464455,0
0.0,2.3988535,2.8286648,0.0,0.0,0.568772,0.0,0.0,0.0,2.8234093,0.0,5.3049335,0.0,0.0,0.0,0.03942763,0.0,0.0,0.0,0.10410424,0.0,0.68706673,1.4279844,2.2480583,0.004647681729262725,0.5308056872037915,0
0.0,2.1862102,0.13015229,0.19147973,0.0,0.0,0.0,0.0,0.0,2.778469,1.3024116,0.9452679,0.0,0.0,0.0,0.0,0.0,1.0497756,0.0,2.049083,0.0,1.3008015,0.0,3.8815436,0.003994019464930777,0.27014218009478674,0
0.0,0.91196644,0.3719412,2.938443,0.0,0.0,0.0,0.09436999,0.0,4.5092473,1.1368546,1.141649,0.0,0.0,0.0,0.0,0.0,0.76770854,0.0,1.6945391,0.0,2.2089684,0.0,4.5205607,0.0036642048951291066,0.2132701421800948,0
0.0,2.0304143,0.3236789,0.0,0.0,0.52382565,0.0,0.93980813,0.0,2.2072928,1.5317912,2.031329,0.0,0.0,0.00032978924,1.8470814,0.0,0.2142954,0.0,1.4187977,0.0,2.6569045,0.0,2.4233246,0.0,0.13270142180094788,0
0.0,0.54197997,0.0,2.1078887,0.0,0.0,0.0,0.0,0.0,5.0101156,1.4960457,2.6937687,0.0,0.0,0.0,0.0,0.0,1.0035249,0.0,3.6799784,0.0,2.292105,0.0,6.3270044,0.004644364796345103,0.7535545023696683,0
0.0,0.0,1.1877921,0.3981411,0.0,0.0,0.0,0.0,0.0,0.0,0.0,0.0,0.0,1.3299468,0.0,0.0,0.0,0.0,0.0,0.0,0.0,0.0,1.111832,0.0,0.0070698305692975805,0.6492890995260664,0
0.0,0.5769861,0.0,0.126164,0.0,1.0281559,0.0,0.0,0.0,2.0143063,0.09385467,1.98489,0.0,0.0,0.00321677,0.13112462,0.0,0.0,0.0,0.90115166,0.0,0.5066667,0.58318806,1.4602301,0.003624043437657777,0.6682464454976303,0
0.0,2.8303177,1.5050074,0.0,0.0,0.30969867,0.0,0.0,0.0,1.8107326,1.7618136,2.5269551,0.0,0.0,0.0,0.0,0.0,0.81691307,0.0,1.3019679,0.0,2.228545,0.0,2.9036562,0.003023123869865247,0.4691943127962085,0
0.0,3.5062673,3.6515653,3.5733006,0.0,0.0,0.0,0.0,0.0,6.7804236,0.25114238,3.3333669,0.0,0.0,0.0,0.81153363,0.0,1.4775401,0.0,2.3014667,0.0,1.3203491,0.0,5.9287143,0.006792311546288973,0.5497630331753555,0
0.0,3.1434772,0.99500465,1.8660805,0.0,0.0,0.0,0.0,0.0,4.247722,3.5249634,3.222167,0.0,0.0,0.0,0.0,0.0,2.3198793,0.0,1.8328378,0.0,2.0998032,0.12739584,4.0685077,0.0041850259529858215,0.16113744075829387,0
0.0,3.3433542,0.0,0.0,0.0,0.0,0.0,0.48228136,0.0,2.7547138,0.0,2.240782,0.0,0.0,0.117546156,0.9046258,0.0,0.0,0.0,4.556215,0.0,3.0053945,0.0,4.8063984,0.0036015648417344016,0.3886255924170616,0
4.994085,0.0,0.0,0.0,0.0,3.2902856,0.0,1.2794914,0.0,0.0,0.0,0.0,0.0,0.0,4.226116,1.543143,0.0,0.0,0.0,0.0,0.0,0.0,0.0,0.0,0.008850098246514027,0.26066350710900477,0
0.0,2.250542,0.0,0.0,0.0,0.0,0.0,0.10777494,0.0,2.4924862,0.8235407,2.142516,0.0,0.0,0.0,0.6806099,0.0,0.80448896,0.0,1.8414094,0.0,2.380185,0.0,2.7550957,0.004157458580957093,0.14691943127962084,0
0.4162598,0.0,0.0,0.0,0.0,0.0,0.0,0.0,0.0,0.0,0.0,0.08458427,0.0,2.0204566,1.7572056,0.0,0.3443696,0.0,0.46115932,0.0,0.0,0.0,0.96196926,0.4881871,0.010517947506248881,0.18009478672985782,0
0.0,2.1733828,0.59901184,0.0,0.0,1.5832347,0.0,0.0,0.0,0.9742783,0.0,3.0667818,0.0,2.498413,0.0,0.0,0.0,0.0,0.0,0.0,0.0,0.0,1.1892915,0.0,0.021322812204015155,0.8530805687203792,0
0.38478997,0.0,0.9166107,0.0,0.0,2.9896967,0.0,0.0,0.0,0.0,0.0,1.0299507,0.0,1.1802071,0.0,0.0,0.0,0.0,0.0,0.0,0.0,0.0,1.2579154,0.0,0.015623579906975677,0.48815165876777256,0
0.0,2.3582826,0.108600736,0.0,0.0,1.0682269,0.0,0.0,0.0,3.0820553,1.374107,3.2594426,0.0,0.0,0.08890553,0.0,0.0,0.3743279,0.0,1.8633459,0.0,0.0,0.0,4.7017117,0.005729589573484795,0.7772511848341233,0
0.0,1.5056901,0.0,0.0,0.0,0.0,0.0,2.7459397,0.0,1.0732425,2.7247262,3.5626404,0.0,0.0,0.0,0.6851916,0.0,1.8602717,0.0,3.3495996,0.0,3.138964,0.0,5.1423106,0.002783856315989355,0.3459715639810427,0
0.0,2.3681054,1.9285839,2.4547756,0.0,0.0,0.0,0.0,0.0,5.785233,0.18293059,3.0778623,0.0,0.0,0.0,0.5944205,0.0,0.81922114,0.01949445,2.9678826,0.0,1.5545146,0.0,5.569919,0.02253109267172441,0.3459715639810427,0
0.0,0.0,2.5537798,0.20037393,0.0,0.14546831,0.0,0.0,0.0,2.358015,0.0,0.2528168,1.2533535,0.0,0.0,0.0,0.0,0.0,0.0,0.0,0.0,0.0,0.025601767,0.0,0.02181815091079407,0.41706161137440756,0
0.0,0.30922294,0.0,0.0,0.0,0.0,0.0,1.2343293,0.0,0.26256028,2.7891185,3.4667997,0.0,0.0,0.0,0.0,0.0,1.239026,0.0,2.432004,0.0,1.8229796,0.0,4.1224566,0.0032370637059527143,0.34123222748815163,0
0.0,0.0,0.4599372,0.5499613,0.0,1.086537,0.0,1.6153291,0.0,0.39510855,0.0,0.45119584,0.0,0.0,0.2927802,0.9400219,0.0,0.0,0.0,0.0,0.0,0.69286346,0.0,0.09336756,0.003963262998630205,0.1279620853080569,0
0.0,0.9828383,0.9717989,0.0,0.0,2.1825354,0.0,0.0,0.0,0.45756307,0.72859645,2.0138345,0.0,0.8142772,0.0,0.0,0.0,0.0,0.0,0.0,0.0,0.0,1.9056989,0.0,0.022472063625529153,0.7582938388625593,0
0.0,0.4938947,0.48494625,0.85895735,0.0,0.0,0.0,0.0,0.0,5.2235827,2.249827,3.5629022,0.0,0.0,0.0,0.0,0.0,1.7814761,0.0,4.9037585,0.0,3.0463288,0.0,8.946201,0.00423447195101485,0.8151658767772513,0
1.503424,0.0,1.4377968,0.0,0.0,0.0,0.0,0.0,0.0,0.0,0.0,0.0,3.231086,4.955893,2.4308143,0.0,0.0,0.0,0.0,0.0,0.0,0.0,1.4370469,0.0,0.16561922824941352,0.5971563981042655,0
0.0,1.3933141,0.113040805,2.0456648,0.0,0.0,0.37981784,0.0,0.0,3.1969008,0.0,1.0960728,1.4134831,0.0,0.20978732,0.0,0.0,0.80941653,0.0,2.877882,0.0,1.0927774,0.8396782,6.1452613,0.008262743206913227,0.7251184834123223,0
2.453791,0.0,0.0,0.0,0.0,0.0,0.0,0.8181161,0.0,0.0,0.0,0.0,3.9040132,3.9402459,1.1566565,0.0,0.0,0.0,0.0,0.0,0.0,0.0,0.0,0.0,0.012274494172409915,0.5023696682464455,0
0.0,1.1641934,0.009163975,0.55008864,0.0,0.0,0.0,0.0,0.0,3.1255867,1.8463832,2.200278,0.0,0.0,0.0,0.0,0.0,0.9397501,0.0,2.3905275,0.0,1.2029575,0.0,3.5602143,0.008370386588515301,0.2796208530805687,0
0.32917425,0.0,2.0002851,0.0,0.0,0.9156445,0.0,1.1694689,0.0,0.0,0.0,0.28769952,0.0,0.7387761,0.035461497,0.0,0.0,0.0,0.4782168,0.0,0.0,0.0,0.0,0.0,0.013490569253697373,0.18009478672985782,0
0.0,0.0,0.0,0.0,0.0,0.0,0.0,0.0,0.0,3.1241977,0.0,6.6568604,0.0,0.0,0.05205984,0.0,0.0,0.46352732,0.0,2.0246933,0.0,0.30592886,0.17937306,4.491496,0.005420284683561743,0.7488151658767773,0
0.0,1.4943601,0.0,0.0,0.0,0.5535829,0.0,0.0,0.0,1.407472,0.0,1.9065619,0.45179147,0.0,0.0,0.0,0.0,0.023663888,0.0,0.0,0.0,0.0,0.0,1.3093276,0.0464437935172555,0.2890995260663507,0
0.0,1.6334357,0.45758498,2.027448,0.0,0.0,0.0,0.0,0.0,4.965604,3.293394,2.9727552,0.0,0.0,0.0,0.0,0.0,1.4651028,0.0,2.7351012,0.0,3.006777,0.0,4.747887,0.004919498811401634,0.3981042654028436,0
0.0,0.0,0.5232611,3.258641,0.0,0.0,0.0,0.0,0.0,2.9790864,0.0,0.058656875,0.0,0.0,0.0,0.0,0.0,0.0,0.0,1.1202705,0.0,0.0,0.0,3.1572206,0.010437106509672734,0.4834123222748815,0
0.0,10.313969,0.0,0.0,7.1460524,0.0,0.0,3.8620336,11.330929,0.0,0.0,0.0,0.4183826,0.0,0.0,0.0,17.505468,0.0,0.0,0.6793179,0.0,0.0,0.0,0.0,0.5096640266590432,0.9052132701421801,0
0.32505223,0.0,0.0,1.0503997,0.0,0.0,0.0,0.5643192,0.0,0.0,0.0,0.0,1.3087467,2.5569253,0.9942986,0.0,0.0,0.0,0.0,0.0,0.0,0.0,0.0,0.0,0.10490354848162677,0.3838862559241706,0
0.0,2.3744578,0.0,0.26867557,0.0,0.0,0.0,0.0,0.0,3.5375345,0.86508113,2.6827636,0.0,0.0,0.0,0.0,0.0,1.2757984,0.0,2.6588197,0.0,1.9902172,0.0,4.0613,0.002853468466808584,0.13270142180094788,0
0.0,0.43873328,0.0,0.23037414,0.0,0.605019,0.0,0.0,0.0,2.5910919,0.91334677,3.1520433,0.0,0.0,0.7015293,0.22349745,0.0,0.8444506,0.8674486,2.0981655,0.0,1.0225186,1.3579699,5.8633924,0.0057127083728805315,0.6303317535545024,0
0.0,1.863781,0.73818135,1.3364838,0.0,0.24666162,0.0,0.0,0.0,4.564216,2.6308517,3.322909,0.0,0.0,0.12344374,0.101503275,0.0,1.9378842,0.060178436,2.1850595,0.0,0.8137953,0.20999217,5.511648,0.00831893445001145,0.3696682464454977,0
0.9759241,0.0,0.0,0.0,0.0,0.0,0.0,2.1017392,0.0,0.0,0.50212926,0.08892239,0.0,0.0,0.0,0.0,0.0,0.0,0.0,1.5648392,0.0,0.0,0.0,1.312735,0.004543113520030212,0.4691943127962085,0
0.0,1.2136858,0.0,0.0,0.0,0.014685381,0.0,0.5678151,0.0,0.5109628,0.71064246,1.8027517,0.0,0.0,0.0,0.0,0.0,0.63805604,0.0,2.2976544,0.0,1.1478107,0.4763703,5.1657205,0.005255648234398322,0.4786729857819906,0
1.9829911,0.0,0.0,0.0,0.0,1.7658406,0.0,0.676238,0.0,0.0,0.0,0.0,0.0,0.87379897,2.142899,0.0,0.0,0.0,0.0,0.0,0.0,0.0,0.0,0.0,0.013709664222272289,0.34123222748815163,0
0.0,0.0,0.0,0.0,26.77213,1.0223333,22.367424,0.0,9.524418,0.0,0.0,0.0,0.17470501,0.0,0.0,0.0,13.121134,0.0,0.0,0.0,0.0,0.0,11.820259,0.0,0.07756447247602086,0.44075829383886256,0
0.0,0.0,1.651765,2.2558317,0.0,0.0,0.0,0.0,0.0,3.245299,0.0,0.4594049,0.0,0.0,0.0,0.0,0.0,0.0,0.0,0.5595767,0.0,0.0,0.0,3.5902696,0.012645492725650874,0.3364928909952607,0
0.0,0.0,1.4806392,1.5547532,0.0,0.0,0.0,0.0,0.0,2.5341237,0.0,0.2832396,0.90310633,0.0,0.0,0.0,0.0,0.0,0.0,0.9807523,0.0,0.0,0.0,3.6919694,0.00782166211397025,0.3459715639810427,0
4.765201,0.0,0.0,0.0,0.0,2.333222,0.0,0.0,0.0,0.0,0.0,0.0,0.0,2.2852662,1.1508803,0.0,0.0,0.0,0.0,0.0,0.0,0.0,1.0153096,0.0,0.05000207433800815,0.5023696682464455,0
0.0,3.1776447,3.0444872,3.274862,0.0,0.0,0.0,0.0,0.0,6.537914,1.5687395,1.3295968,0.0,0.0,0.0,0.43140396,0.0,1.7947689,0.0,1.4222372,0.0,1.0828686,0.0,4.4426765,0.002587359632266336,0.2132701421800948,0
0.0,0.0,0.0,0.073175,0.0,0.58546805,0.0,0.0,0.0,0.088073134,0.66994345,1.1229861,0.0,0.0,0.77876794,0.0,0.0,0.0,0.0,0.61446637,0.0,0.0,1.4440603,2.329673,0.01926716805208665,0.2132701421800948,0
0.0,0.0,0.5396079,0.89114904,0.0,0.0,0.0,1.9304765,0.0,1.5787257,0.0,0.9868735,0.0,0.0,0.0,0.0,0.0,0.0,0.0,0.81704944,0.0,0.0,0.0,3.2204752,0.0030699859984156235,0.27014218009478674,0
0.0,0.0,1.3132517,0.0,0.0,1.7916565,0.0,0.0,0.0,0.0,0.0,1.1817657,0.64044225,0.0,0.0,0.0,0.0,0.0,0.0,0.0,0.0,0.0,2.1776462,0.0,0.025303822696853807,0.24170616113744078,0
0.0,0.8289981,0.0,0.0,0.0,0.0,0.0,0.91840976,0.0,3.2720225,2.816422,3.6348128,0.0,0.0,0.0,0.0,0.0,2.375244,0.0,3.0147457,0.0,2.6248033,0.0,3.832449,0.003993252498337411,0.2369668246445498,0
4.2155204,0.0,0.0,0.0,0.0,0.46768758,0.0,0.0,0.0,0.0,0.0,0.0,2.1329074,3.6276677,2.973586,0.0,0.0,0.0,0.0,0.0,0.0,0.0,1.9424013,0.0,0.19556111549296104,0.30805687203791465,0
0.0,0.0,0.0,0.030141283,0.0,3.2191796,0.0,1.176695,0.0,0.0,0.0,0.0,0.0,0.0,2.4628637,0.0,0.0,0.0,0.3865656,0.0,0.0,0.0,0.0,0.0,0.02245822139187818,0.7251184834123223,0
0.0,3.1711664,1.4427066,0.57999057,0.0,0.0,0.0,0.0,0.0,4.886084,0.8635456,2.9858441,0.0,0.0,0.0,1.026292,0.0,2.17599,0.092767514,1.4006697,0.0,2.0857394,0.0,3.71859,0.0024571743251122543,0.09004739336492892,0
0.0,3.8888388,3.5685482,2.9839513,0.0,0.0,0.0,0.0,0.0,5.5345006,0.0,2.0197892,0.6778605,0.0,0.0,0.0,0.0,0.5431291,0.0,0.28160474,0.0,0.0,0.0,3.3000963,0.01743462359913403,0.5781990521327014,0
0.0,3.0946505,0.2362529,2.349785,0.0,0.0,0.0,1.5757104,0.0,6.6866345,2.3310792,3.8296251,0.0,0.0,0.0,1.9594152,0.0,0.60501117,0.0,2.375014,0.0,4.5501647,0.0,5.134996,0.002264238526732399,0.49763033175355453,0
0.0,0.0,0.43679833,2.7474053,0.0,0.0,0.0,0.026304584,0.0,3.5030706,1.4477993,1.0596471,0.0,0.0,0.0,0.0,0.0,0.0,0.0,0.96259004,0.0,0.2810546,0.0,3.5698898,0.008822489670754167,0.34123222748815163,0
0.0,3.9917665,2.4020011,0.7099113,0.0,0.0,0.0,0.0,0.0,4.875574,2.7613842,3.192038,0.0,0.0,0.0,0.0,0.0,2.674498,0.0,1.6770881,0.0,2.514922,0.0,4.371537,0.0011368129018608064,0.4454976303317536,0
0.0,1.1956909,1.2982411,2.9012744,0.0,0.0,0.0,0.0,0.0,6.5727,2.5061479,4.9199476,0.0,0.0,0.0,0.0,0.0,1.545978,0.0,3.6233861,0.0,2.281461,0.0,6.012751,0.004003070301888891,0.27014218009478674,0
0.0,3.4089818,2.3982208,0.8049515,0.0,0.7005686,0.0,0.0,0.0,3.589335,2.0931034,0.0,0.0,0.0,0.0,1.1999776,0.0,0.5083889,0.0,0.964063,0.0,1.0560865,0.469574,2.2582724,0.00253868664170806,0.5639810426540285,0
0.7106122,0.0,0.0,0.0,0.0,1.8839854,0.0,1.9493314,0.0,0.0,0.0,0.0,0.0,0.16254388,2.0135574,0.0,0.0,0.0,0.0,0.0,0.0,0.0,0.0,0.0,0.00672532828307702,0.1279620853080569,0
0.0,2.8885818,0.0,3.3813992,0.0,0.0,0.0,0.22564279,0.0,6.6804852,0.42344075,2.6690218,0.0,0.0,0.0,2.03351,0.0,0.2583006,0.0,3.267899,0.0,3.136722,0.0,5.7010627,0.005753422790689561,0.24644549763033177,0
0.0,0.0,2.4383156,0.0,0.0,2.1406631,0.0,0.0,0.0,0.0,0.0,0.19702911,0.0,0.0,0.0,0.0,0.0,0.0,0.0,0.0,0.0,0.0,2.2067251,0.0,0.12803848089327377,0.6635071090047394,0
0.0,0.0,0.0,0.0,0.0,1.07436,0.0,0.92271,0.0,0.0,0.0,0.0,1.2824328,0.0,1.4822327,3.7609012,0.23360558,0.0,4.3783846,2.0117273,0.0,1.0139524,1.4229312,0.8948047,0.0023621099997860203,0.34123222748815163,0
0.0,1.804285,0.844181,0.21509342,0.0,0.22780837,0.0,0.0,0.0,1.7079152,0.0,0.8432801,1.6590921,0.0,0.017397504,0.0,0.0,0.0,0.0,1.4190618,0.0,0.0,0.0,2.3818054,0.009421581415672271,0.26066350710900477,0
0.0,2.1039143,0.0,2.2442887,0.0,0.0,0.0,0.0,0.0,5.2923617,1.639931,4.038987,0.0,0.0,0.077628925,1.1317488,0.0,0.7858244,0.0,4.079762,0.0,2.1433783,0.20858558,7.2262397,0.004266017785538858,0.3364928909952607,0
0.0,0.0,0.0,0.0,0.0,0.0,0.0,0.16135491,0.0,0.3459637,0.5782666,1.9823295,0.0,0.0,0.95131737,0.7894873,0.0,0.0,0.3545914,2.5329227,0.0,0.6394202,0.086366154,4.288034,0.0047917013664661254,0.5308056872037915,0
2.0544662,0.0,0.48295474,0.0,1.9513814,7.8369846,0.36654386,0.0,0.0,0.0,0.0,0.0,1.6433759,0.0,10.285282,0.0,1.3745794,0.0,0.0,0.0,0.0,0.0,5.661559,0.0,0.029239950790300864,0.2985781990521327,0
0.0,1.5076597,0.0,0.55542713,0.0,0.0,0.0,0.0,0.0,4.678715,1.5610908,2.945092,0.0,0.0,0.0,0.90489626,0.0,1.3076996,0.0,3.534955,0.0,2.0735705,0.0,5.4160457,0.006721543928535921,0.36492890995260663,0
2.533327,0.0,0.0,0.0,0.0,1.0667745,0.0,0.0,0.0,0.0,0.0,0.0,0.0,1.8005015,3.0200918,1.2503052,0.0,0.0,0.0,0.0,0.0,0.0,0.5909267,0.0,0.05310336414508829,0.34123222748815163,0
0.0,0.0,0.0,0.0,0.0,0.3528963,0.0,0.0,0.0,1.0350184,0.2036922,3.2224278,0.0,0.0,0.0,0.0,0.0,0.0,0.0,0.39458245,0.0,0.0,2.2371702,3.657343,0.017530295418134025,0.7962085308056873,0
1.0211154,0.0,0.26135898,0.0,0.0,2.4773831,0.0,0.0,0.0,0.0,0.0,0.0,0.0,3.2548761,2.5060825,0.0,0.0,0.0,0.0,0.0,0.0,0.0,0.9407301,0.0,0.014311570378293758,0.16113744075829387,0
0.0,4.3854666,2.166083,1.0016009,0.0,0.0,0.0,0.0,0.0,5.6582336,1.6991857,2.5251315,0.0,0.0,0.0,0.49885905,0.0,2.9378695,0.0,1.1904536,0.0,3.6155846,0.0,4.853499,0.0011600782980796987,0.22748815165876782,0
0.0,3.0671034,1.414201,0.0,0.0,0.0,0.0,0.0,0.0,3.9577656,2.1135113,3.2654924,0.0,0.0,0.0,0.0,0.0,2.666936,0.0,1.8366573,0.0,2.4630172,0.0,3.9023318,0.001777029833146819,0.4786729857819906,0
0.0,0.0,0.0,0.05938177,0.0,0.23467,0.0,1.4988989,0.0,0.0030359654,0.0,0.0,1.0730408,0.27757147,0.9243431,0.39109755,0.0,0.0,0.0,0.0,0.0,0.0,0.0,0.0,0.002454194380617904,0.16587677725118485,0
0.0,3.3368843,0.42316264,0.49002838,0.0,0.0,0.0,0.84062034,0.0,4.041849,0.0030768553,1.7200893,0.0,0.0,0.0,2.3690515,0.0,0.8850416,0.23481151,2.0470862,0.0,2.886448,0.0,3.690407,0.002121745100939535,0.13744075829383887,0
0.0,0.0,0.0,0.0,0.0,0.84637517,0.0,0.0,0.0,1.4048827,0.26020956,2.4208946,0.0,0.0,0.525025,0.0,0.0,0.0,0.0,0.012866696,0.0,0.0,0.40197217,1.1348492,0.011413627551752209,0.2322274881516588,0
0.0,1.8023677,0.0,0.21264534,0.0,0.0,0.0,0.0,0.0,5.1226125,2.0968094,3.7163222,0.0,0.0,0.0,0.6046782,0.0,1.8348272,0.0,3.0829797,0.0,2.9607222,0.0,5.186318,0.002336174126869342,0.4786729857819906,0
0.0,0.23782827,0.0,0.38615397,0.0,0.0,0.0,0.0,0.0,3.5131,2.3293214,3.9655144,0.0,0.0,0.0,0.3973628,0.0,1.7581245,0.0,2.997939,0.0,2.942335,0.031115226,5.6974006,0.00886090514878809,0.3459715639810427,0
0.0,0.0,0.0,0.85758144,0.0,0.0,0.15892956,0.0,0.0,4.6764045,2.0351868,4.06351,0.0,0.0,0.9196707,1.0310347,0.0,2.7157142,0.5674724,4.2858043,0.0,2.9812858,1.2238563,7.6405787,0.007767237096885882,0.16113744075829387,0
0.0,4.1028733,2.3172598,1.4277563,0.0,0.86989015,0.0,0.0,0.0,2.8225946,0.0,0.39951503,0.0,0.0,0.0,1.2189907,0.0,0.0,0.0,0.51972294,0.0,1.5820786,0.3488847,2.519042,0.0017097833433978604,0.21800947867298578,0
5.460606,0.0,1.202749,0.0,0.0,0.38658032,0.0,0.0,0.0,0.0,0.0,0.0,0.0,3.7901134,4.8617935,0.0,0.0,0.0,0.0,0.0,0.0,0.0,2.4485633,0.0,0.030333497856441752,0.5355450236966824,0
0.7819878,0.0,0.0,0.0,0.0,0.29760388,0.0,2.2808115,0.0,0.0,0.0,0.0,0.0,0.33774844,0.6556952,0.0,0.0,0.0,0.0,0.0,0.0,0.0,0.0,0.0,0.004873782775825324,0.21800947867298578,0
0.0,1.0226707,0.0,0.0,0.0,0.0,0.0,1.7089516,0.0,1.3617868,1.1184558,2.1317503,0.0,0.0,0.0,0.0,0.0,0.54852295,0.0,2.6136413,0.0,2.5617774,0.0,3.8036714,0.003072377550823804,0.19905213270142183,0
0.0,0.42331338,1.2267032,1.8365942,0.0,0.0,0.0,0.0,0.0,3.5451355,0.0,1.9180095,0.0,0.0,0.0,0.0,0.0,0.0,0.0,2.4159715,0.0,1.4999975,0.0,4.4312115,0.008508353747899497,0.3886255924170616,0
0.0,2.9339595,4.2771473,3.446573,0.0,0.0,0.0,0.0,0.0,7.27384,1.7390485,2.276879,0.0,0.0,0.0,0.0,0.0,1.7021233,0.0,2.226345,0.0,1.1254103,0.0,4.9108996,0.00636169834556422,0.2985781990521327,0
0.0,3.5814314,3.042559,2.6170578,0.0,0.0,0.0,0.0,0.0,7.191666,0.28937697,4.261216,0.0,0.0,0.0,0.28762567,0.0,1.7134143,0.09638146,3.9999857,0.26803994,1.27222,0.0,6.9595494,0.013485278574442853,0.8436018957345971,0
0.0,0.6087232,0.0,4.853777,0.0,0.0,0.0,0.16108517,0.0,5.2022614,1.1902213,0.122559436,0.0,0.0,0.0,0.5878424,0.0,0.0,0.0,1.678515,0.0,1.0321628,0.0,4.086931,0.005050551747320891,0.4312796208530806,0
0.0,1.1613758,0.0,0.0,0.0,0.0,0.0,1.2307929,0.0,2.2518537,4.667389,3.769679,0.0,0.0,0.0,0.0,0.0,2.2183692,0.0,3.473439,0.0,3.8984673,0.0,4.988913,0.001839886574427261,0.3270142180094787,0
0.00062885304,0.0,0.0,0.0,0.0,0.0,0.0,0.0,0.0,0.0,0.21501768,1.412764,0.0,0.0,0.3287713,0.0,0.8231644,0.42697036,0.0,2.896958,0.0,1.5558087,0.0,3.2042649,0.005075137351927693,0.3886255924170616,0
0.0,3.2162814,1.2241668,0.0,0.0,0.0,0.0,0.0,0.0,4.3920507,3.0765555,3.9486945,0.0,0.0,0.0,0.0,0.0,4.119146,0.0,2.7462087,0.0,3.9546275,0.0,5.007028,0.0017310390292749756,0.5781990521327014,0
0.0,0.0,0.0,0.0,0.0,1.7763038,0.0,0.0,0.0,0.0,0.0,0.28178084,1.8991154,0.0,0.0,0.0,0.0,0.0,0.0,2.0829763,0.0,0.0,1.1843481,3.9877887,0.052964456982722646,0.8578199052132701,0
0.0,3.0339155,0.10171682,0.0,0.0,0.0,0.0,0.0,0.0,3.9009607,2.501452,3.5399454,0.0,0.0,0.0,0.0,0.0,2.6804168,0.0,2.7799551,0.0,3.5254965,0.0,4.426334,0.001858393314404784,0.2369668246445498,0
0.0,0.0,0.0,0.0,0.0,0.0,0.0,1.4910856,0.0,0.0,1.1580718,1.6336416,0.0,0.0,0.090774074,0.0,0.0,0.012278686,0.016227013,2.0691552,0.0,1.2630335,0.0,2.4719641,0.004023961778316034,0.26066350710900477,0
0.0,1.0454376,0.0,0.49835175,0.0,0.0,0.0,0.0,0.0,3.554916,1.998213,2.5921416,0.0,0.0,0.0,0.0,0.0,1.2736546,0.0,3.1602006,0.0,2.0150423,0.0,5.3388066,0.00540693567365154,0.24170616113744078,0
0.0,0.0,0.0,0.0,0.0,0.0,0.0,0.0,0.0,0.0,0.0,0.5301477,0.85510325,0.0,0.7793849,0.0,0.0,0.0,0.0,1.6379503,0.732142,0.0,0.89208645,3.5141153,0.02299483518102906,0.2369668246445498,0
0.0,1.305208,0.0,0.0,0.0,0.0,0.0,0.8672948,0.0,1.527818,1.051178,2.8867805,0.0,0.0,0.0,0.0,0.0,1.7764874,0.0,2.2300682,0.0,1.5371684,0.0,3.961857,0.003928377540420185,0.15639810426540288,0
0.0,1.3959745,0.42837632,2.4767241,0.0,0.0,0.0,0.8706435,0.0,5.991592,0.2640084,1.5147908,0.0,0.0,0.0,0.17824,0.0,1.0070009,0.0,3.0068216,0.0,2.43238,0.0,4.9646235,0.004291731336628862,0.21800947867298578,0
0.0,0.59127927,0.0,0.0,0.0,0.158803,0.0,0.0,0.0,0.20382555,0.49071312,1.9541875,0.0,0.0,0.0,0.0,0.0,0.0,0.0,0.97192734,0.0,1.3400778,0.0,1.658914,0.005085263492979629,0.1516587677725119,0
0.0,0.0,0.0,2.046578,0.0,0.0,0.0,2.9837947,0.0,2.6498673,0.0,0.4097079,0.0,0.0,1.5442421,1.673408,0.0,0.0,0.0,0.67459077,0.0,1.3065389,0.0,0.24615698,0.0010937075275221178,0.13744075829383887,0
0.0,0.0,0.0,0.0,0.0,0.0,0.0,4.1133122,0.0,1.0764974,1.7518697,3.2201786,0.0,0.0,0.36934257,0.15425652,0.0,0.0,0.56421465,2.5711126,0.0,3.0118954,0.0,2.5417874,0.003608178646087549,0.8341232227488152,0
0.97054857,0.0,0.0,0.0,0.0,0.0,0.0,1.9689108,0.0,0.0,0.0,0.0,0.33808956,0.90759456,2.1477232,0.0,0.0,0.0,0.0,0.0,0.0,0.0,0.0,0.0,0.005702748258857921,0.5308056872037915,0
0.0,0.91992354,1.943746,4.9228373,0.0,0.0,0.0,0.0,0.0,7.74118,0.52576756,3.5240092,0.0,0.0,0.0,1.0075245,0.0,0.5900687,0.0,2.229807,0.0,1.1861609,0.0,7.311649,0.003719320807290892,0.8341232227488152,0
0.0,2.300942,0.19523913,0.0,0.0,0.16844799,0.0,1.472985,0.0,2.2209036,2.762195,3.7354357,0.0,0.0,0.0,0.0,0.0,2.0152886,0.0,1.7338243,0.0,2.9402156,0.0,3.948424,0.002883361918196989,0.037914691943127965,0
0.43558064,0.0,0.0,0.0,0.0,1.9183458,0.0,2.3654497,0.0,0.0,0.0,0.29885918,0.0,0.0,0.57076186,0.0,0.0,0.0,0.0,0.0,0.0,0.0,0.0,0.0,0.004312994004776332,0.2511848341232228,0
1.3325359,0.0,0.4543208,0.0,0.0,0.6159971,0.0,1.6061046,0.0,0.0,0.0,0.0,1.1455493,2.076774,0.24167533,0.0,0.0,0.0,0.0,0.0,0.0,0.0,0.0,0.0,0.005432557145137919,0.3270142180094787,0
3.3932421,0.0,0.0,0.0,0.0,0.9965286,0.0,0.0,0.0,0.0,0.0,0.0,0.40254065,4.10367,0.298747,0.0,0.0,0.0,0.0,0.0,0.0,0.0,0.7731475,0.0,0.028429109438848663,0.3270142180094787,0
0.0,0.0,0.0,0.0,0.0,0.24357589,0.0,0.36724272,0.0,1.374834,1.4090652,3.1610458,0.0,0.0,0.40281612,0.0,0.0,0.21229662,0.0,1.4493498,0.0,0.12751725,0.0,3.3533454,0.006385692346404736,0.5497630331753555,0
0.0,2.7259393,1.2745271,3.7271364,0.0,0.0,0.0,0.0,0.0,4.1812925,0.0,1.7563593,0.0,0.0,0.0,0.9051364,0.0,0.0,0.0,2.169665,0.0,0.8356976,0.0,4.7927947,0.003801198338522613,0.5781990521327014,0
0.0,1.8352286,1.2120557,0.0,0.0,0.0,0.0,0.8252286,0.0,4.04045,1.4294121,2.5912035,0.0,0.0,0.0,1.2742227,0.0,2.0818427,0.0403407,1.3800366,0.0,2.3489249,0.0,3.1367679,0.0008137909213927632,0.1279620853080569,0
1.6917292,0.0,1.8581086,1.3502129,0.0,0.0,0.0,1.1365063,0.0,0.0,0.0,0.0,0.35076925,2.5738838,0.0,0.0,0.0,0.0,0.0,0.0,0.0,0.0,0.0,0.0,0.006355571444225662,0.21800947867298578,0
0.0,0.0,0.96398664,0.0,0.0,0.0,0.0,0.0,0.0,0.2180796,0.0,2.3979907,0.0,0.2062618,0.0,0.0,0.0,0.0,0.0,0.46361706,0.0,0.0,0.0,1.9503348,0.004708664368890336,0.19905213270142183,0
0.0,0.0,0.0,0.0,0.0,0.0,0.0,1.7455904,0.0,0.0,1.2410235,1.2910556,0.0,0.0,1.0368167,0.0,0.0,0.0,0.0,0.055565707,0.0,0.0,0.0,0.44823614,0.009483154711752038,0.2132701421800948,0
0.3290614,0.0,0.6586938,1.5284438,0.0,0.0,0.0,2.47936,0.0,0.023319947,0.0,0.044439796,0.0,1.7592317,0.0,0.0,0.0,0.0,0.0,0.0,0.0,0.0,0.0,0.0,0.005949453513958349,0.2748815165876778,0
0.0,0.0,0.0,0.0,0.0,0.1735341,0.0,0.0,0.0,0.52687275,0.443587,1.5611252,0.0,0.0,0.0,0.0,0.0,0.0,0.0,0.51340324,0.0,0.0,0.0,1.0628109,0.012436302975229347,0.16587677725118485,0
0.0,2.7800407,0.0,0.0,0.0,0.0,0.0,0.63747704,0.0,3.866526,2.4486256,3.5812871,0.0,0.0,0.0,0.45310742,0.0,3.707997,0.0,3.2636123,0.0,3.6593485,0.0,5.780767,0.001244793309998809,0.061611374407582936,0
0.0,0.0,1.257737,0.0,0.0,0.0,0.0,0.0,0.0,0.0,0.0,0.34097937,0.0,0.0,1.7621542,0.15069452,1.7421288,0.0,1.3831284,0.0,0.0,0.0,0.86152655,1.1019878,0.029338144002062375,0.3507109004739336,0
0.0,2.853743,0.79630077,0.0,0.0,0.0,0.0,0.39041272,0.0,4.0804744,3.2294645,3.5858371,0.0,0.0,0.0,0.107230656,0.0,4.0783267,0.17425516,2.362524,0.0,3.748131,0.0,4.9492426,0.0012678790485964148,0.18009478672985782,0
0.0,1.3376209,0.1674362,0.203209,0.0,0.059579875,0.0,0.6561299,0.0,1.7845368,0.26720637,1.5260844,0.0,0.0,0.0,0.67588735,0.0,0.06307987,0.0,0.3507106,0.0,1.3737313,0.0,1.2033376,0.0018542431967192255,0.2559241706161137,0
0.0,0.540298,0.25347847,0.0,0.0,0.8996747,0.0,0.8471913,0.0,0.0,0.37231672,0.45047224,0.0,0.0,0.0,0.0,0.0,0.0,0.0,0.0,0.0,0.0,0.08271636,0.47370866,0.001565210315311101,0.17535545023696683,0
0.0,3.1094232,0.0,0.0,28.021816,0.0,27.846567,0.0,4.5306444,0.0,0.0,0.0,0.0,0.0,0.0,0.0,15.161701,0.0,0.0,0.0,0.0,0.0,16.208559,0.0,0.11108110171693596,0.5071090047393365,0
0.0,0.96545756,0.43286633,0.0,0.0,0.0,0.0,0.0,0.0,4.9538593,2.946746,4.353092,0.0,0.0,0.0,1.4399332,0.0,2.8833127,0.0,3.1870909,0.0,1.8077533,0.0,5.022384,0.0032606094177765428,0.3886255924170616,0
0.0,0.11448706,0.0,0.0,0.0,0.14381857,0.0,0.0,0.0,1.5426962,1.1646625,0.64208806,0.0,0.0,0.44476116,0.7075642,0.0,0.014914225,0.5323816,2.6328797,0.0,1.0939503,0.2375069,4.019686,0.005808248783367974,0.35545023696682465,0
0.0,1.979563,0.0,0.0,0.0,0.0,0.0,1.5407983,0.0,2.7595332,1.620877,2.8853886,0.0,0.0,0.0,0.5852862,0.0,2.2120862,0.0,2.978825,0.0,3.150008,0.0,4.0106463,0.0020214206108310584,0.22274881516587677,0
2.951435,0.0,0.73505557,0.0,0.0,3.4101274,0.0,0.0,0.0,0.0,0.0,0.0,0.0,4.176848,0.3173377,0.0,0.0,0.0,0.0,0.0,0.0,0.0,1.1885217,0.0,0.021196236096930113,0.5165876777251185,0
0.0,0.0,0.0,0.0,0.0,0.0,0.0,0.0,0.0,1.791097,0.96293354,2.1006277,0.0,0.0,0.5138295,0.0,0.0,0.26712418,0.16673312,1.345839,0.0,0.3582507,1.0897254,3.9314306,0.008035495442731978,0.1895734597156398,0
0.0,3.0692525,0.0,0.0,0.0,0.0,0.0,2.0136395,0.0,3.781538,3.906557,4.8088546,0.0,0.0,0.0,0.4609583,0.0,3.0637295,0.0,4.6306124,0.0,4.5199575,0.0,6.509029,0.001068710223706306,0.7962085308056873,0
2.0129995,0.0,1.7670621,0.0,0.0,3.6334739,0.0,0.0,0.0,0.0,0.0,0.0,0.0,1.2770832,0.62942,0.0,0.0,0.0,0.0,0.0,0.0,0.0,2.0394197,0.0,0.013989433405192733,0.6492890995260664,0
0.0,0.0,0.0,0.0,0.0,0.0,0.0,2.679117,0.0,0.0,0.0,0.0,0.0,0.0,1.5403918,0.0,0.0,0.0,0.0,0.0,0.0,0.0,0.0,0.0,0.00357141120192261,0.15639810426540288,0
0.0,0.0,0.0,0.0,1.8128433,2.4723349,1.1233448,0.0,0.0,0.0,0.0,0.0,0.22015665,0.0,5.313161,0.0,2.6342134,0.0,0.0,0.0,0.0,0.0,9.531554,0.0,0.04229886716276214,0.5639810426540285,0
0.0,4.770514,1.8239341,0.15952198,0.0,0.0,0.0,0.0,0.0,4.5024257,2.993897,2.1863396,0.0,0.0,0.0,0.27204704,0.0,3.1871107,0.0,1.172488,0.0,2.2091424,0.0,4.29077,0.0024023355677759996,0.08530805687203794,0
0.0,4.306565,1.6679697,0.16076808,0.0,0.0,0.0,0.025756847,0.0,4.751837,1.034446,2.552594,0.0,0.0,0.0,1.3222399,0.0,0.69391716,0.0,2.0923784,0.0,2.6316588,0.0,4.0863433,0.002067959672965098,0.3222748815165877,0
0.0,0.0,0.0,0.0,0.0,0.0,0.0,1.8217752,0.0,0.019040154,0.09112365,1.085535,0.0,0.0,0.2288058,0.0,0.0,0.0,0.0,0.0,0.0,0.0,0.0,0.0,0.004412335295051269,0.17061611374407584,0
0.0,1.775797,2.445634,0.0,0.0,0.0,0.0,0.0,0.0,4.2876887,3.0855598,2.7746491,0.0,0.0,0.0,0.0,0.0,3.0591495,0.07862266,0.5302522,0.0,1.8574178,0.0,3.4134076,0.0010069620733941715,0.4454976303317536,0
0.0,1.7828798,0.1260784,0.0,0.0,0.0,0.0,0.0,0.0,2.3068714,1.9014492,1.7875239,0.0,0.0,0.0,0.0,0.0,1.7412356,0.0,1.3178289,0.0,1.9332277,0.0,2.6119418,0.0026992996876576865,0.10900473933649288,0
0.0,0.0,0.0,0.0,0.0,0.0,0.0,1.5492088,0.0,1.8032446,2.6544766,3.6936677,0.0,0.0,0.0,0.0,0.0,1.8273454,0.0,2.8887372,0.0,2.355687,0.0,4.7012095,0.002742012729417623,0.5545023696682465,0
1.5808703,0.0,0.0,0.0,0.0,1.412896,0.0,3.7465987,0.0,0.0,0.0,0.0,0.0,0.0,1.8408455,0.0,0.0,0.0,0.7273784,0.0,0.0,0.0,0.0,0.0,0.010120092495777663,0.28436018957345977,0
0.0,1.5862417,0.33792114,1.6351916,0.0,0.0,0.0,0.0,0.0,4.3612924,1.9687011,3.0893009,0.0,0.0,0.0,0.0,0.0,0.8855234,0.0,1.2937994,0.0,1.1843323,0.0,2.3282933,0.0014427745202892821,0.17535545023696683,0
0.0,2.1409318,0.0,0.0,0.0,0.0,0.0,2.583433,0.0,3.9241066,1.8165517,4.8314466,0.0,0.0,0.0,1.3079093,0.0,2.7301018,0.09250382,3.1459863,0.0,3.7127416,0.0,4.583834,0.001608352369989978,0.10900473933649288,0
0.0,2.508202,0.0,0.988249,0.0,0.0,0.0,0.0,0.0,4.881204,1.864326,3.0125785,0.0,0.0,0.33661216,0.7628711,0.0,1.6438739,0.0,3.1728003,0.0,3.5288074,0.53379333,5.139708,0.004571158812966386,0.3270142180094787,0
0.0,0.0,0.0,0.0,0.0,0.0,0.0,0.0,0.0,0.0,0.0,0.518546,0.0,0.0,0.0,0.0,0.0,0.0,0.0,2.0550995,0.0,0.0,0.6193551,4.553566,0.006761222330734788,0.5308056872037915,0
0.0,0.0,0.026870249,0.0,0.0,1.8567299,0.0,0.0,0.0,0.0,0.09513522,1.8162669,0.0,0.9657246,0.0,0.0,0.0,0.0,0.0,0.0,0.0,0.0,1.6194353,0.5936577,0.02351640852836937,0.6398104265402844,0
0.0,1.0133305,1.0162821,0.0,0.0,2.0840116,0.0,0.0,0.0,0.4638188,0.0,1.8622421,0.0,0.86070645,0.0,0.0,0.0,0.0,0.0,0.0,0.0,0.0,1.2659156,0.38290703,0.028093573448123986,0.3838862559241706,0
0.0,2.340922,3.868632,0.0,21.965658,8.178516,16.53497,0.0,11.907403,0.0,0.0,0.0,0.0,0.0,5.037353,0.0,9.367209,1.4676734,1.2754827,0.0,0.0,0.0,14.245367,0.0,0.12936180148883333,0.2890995260663507,0
0.0,1.6851178,0.0,1.1728929,0.0,0.0,0.0,0.0,0.0,3.5036304,3.867688,2.1837757,0.0,0.0,0.2719794,0.0,0.0,2.4163876,0.0,3.9219108,0.0,3.6695666,0.23352924,5.9331326,0.0037181579199613217,0.09004739336492892,0
0.0,2.1840534,0.5041746,0.0,0.0,1.4460694,0.0,0.9752547,0.0,1.7142245,1.3239555,2.252134,0.0,0.0,0.0,1.1224205,0.0,0.0,0.0,0.0,0.0,0.0,0.0,0.0,0.0021406435989548664,0.5781990521327014,0
0.0,0.4281062,0.0,0.23935644,0.0,0.0,0.0,0.0,0.0,4.3470645,2.3162348,3.9064238,0.0,0.0,0.0,0.0,0.0,2.1573691,0.0,3.9347954,0.0,3.1101525,0.0,6.578427,0.017056879890660976,0.5355450236966824,0
0.0,2.1239967,1.7661221,3.72903,0.0,0.0,0.0,0.0,0.0,7.366183,1.0586364,2.407459,0.0,0.0,0.0,1.1157717,0.0,1.2622187,0.33755127,3.0475807,0.0,1.3135902,0.0,7.1810856,0.010051064737377538,0.2654028436018957,0
0.0,0.0,0.0,0.0,0.0,0.0,0.0,0.0,0.0,2.9814665,1.200618,4.59404,0.0,0.0,0.0,0.0,0.0,1.8590506,0.21847227,2.3162258,0.0,1.4172719,0.62559205,5.2143908,0.006931146434249272,0.6066350710900474,0
0.0,5.2780375,2.747153,0.5550367,0.0,0.0,0.0,0.0,0.0,6.2725825,1.2564088,4.365951,0.0,0.0,0.0,0.18899828,0.0,2.3782322,0.0,1.2045052,0.0,3.2370358,0.0,4.0062127,0.0018252747357245735,0.6966824644549763,0
2.8724103,0.0,0.0,0.0,0.0,1.3089093,0.0,1.1542104,0.0,0.0,0.0,0.0,0.0,3.9617946,3.9249487,0.0,0.0,0.0,0.0,0.0,0.0,0.0,0.0,0.0,0.07530314633677582,0.8909952606635071,0
0.0,3.431095,1.1793177,2.4880521,0.0,0.0,0.0,0.0,0.0,3.2487638,0.0,0.0,3.7035341,0.0,0.0,0.0,0.0,0.0,0.0,1.2614939,0.0,0.0,0.0,3.646601,0.02094258805907709,0.7962085308056873,0
0.0,2.492696,0.20495951,3.6162674,0.0,0.0,0.0,0.0,0.0,6.7133327,0.48237807,3.3627546,0.0,0.0,0.0,1.050473,0.0,1.0939411,0.0,3.1359715,0.0,2.2830284,0.0,6.4069877,0.00398101857766215,0.33175355450236965,0
0.0,1.844028,1.1871238,3.5970907,0.0,0.0,0.0,0.0,0.0,6.94665,0.33619,1.7905945,0.0,0.0,0.37640983,0.53209597,0.0,0.0,0.0,2.7914703,0.0,2.1424055,0.0,5.023151,0.004059936703199613,0.2559241706161137,0
0.0,0.80408263,1.4893827,0.0,0.0,1.6386598,0.0,0.0,0.0,1.0350507,0.0,1.4643284,0.3850375,0.91404665,0.0,0.0,0.0,0.0,0.0,0.0,0.0,0.0,2.3331206,0.9372486,0.039754661950674945,0.6540284360189573,0
0.0,3.0955257,1.821179,0.69035834,0.0,0.0,0.0,0.0,0.0,4.46396,2.9821987,2.8226724,0.0,0.0,0.0,0.0,0.0,2.14162,0.0,1.510469,0.0,1.3872566,0.0,4.3082895,0.0021792833465395707,0.24644549763033177,0
0.11524626,0.0,0.20638287,0.0,0.0,0.42142102,0.0,1.6887437,0.0,0.0,0.0,0.0,0.0,1.6441818,0.33745444,0.0,0.0,0.0,0.0,0.0,0.0,0.0,0.0,0.0,0.03351866259458202,0.2654028436018957,0
0.0,0.0,0.0,1.9125522,0.0,0.0,0.0,0.0,0.0,2.953764,0.0,1.8627253,0.0,0.0,0.0,0.0,0.0,0.0,0.0,1.5768247,0.0,1.2229527,0.0,4.181865,0.020328641990874762,0.21800947867298578,0
2.3142781,0.0,0.0,0.0,0.0,5.1628685,0.0,0.5100599,0.0,0.0,0.0,0.0,0.0,0.47314677,2.0724125,0.5010527,0.0,0.0,0.0,0.0,0.0,0.0,0.0,0.0,0.006739681621064618,0.2559241706161137,0
0.0,0.5000172,0.0,0.0,0.0,0.0,0.0,0.0,0.0,1.4198594,1.2881411,1.9921402,0.0,0.0,0.0,0.0,0.0,1.9256454,0.32268152,2.350553,0.0,1.1908982,0.59985185,4.1873612,0.008464878734532742,0.3838862559241706,0
0.0,0.0,0.0,0.0,0.0,0.0,0.0,0.0,0.0,0.0,0.0,0.0,0.0,0.0,0.8902468,0.0,0.0,0.0,0.0,1.4648339,0.0,0.0,0.29958522,2.0854385,0.006122810701449295,0.48815165876777256,0
0.0,4.172786,1.2574042,0.37289697,0.0,0.0,0.0,0.0,0.0,7.89779,4.362238,5.141424,0.0,0.0,0.0,1.3062091,0.0,4.84716,0.0,3.8405857,0.0,3.816413,0.0,7.1083417,0.0009139504303923893,0.4360189573459715,0
0.0,0.67550164,1.4933008,0.0,0.0,0.9890283,0.0,0.698626,0.0,0.25072935,0.0,1.2740113,0.0,0.80195415,0.0,0.05670405,0.0,0.0,0.0,0.0,0.0,0.0,0.0,0.0,0.0016636740687230908,0.28436018957345977,0
0.0,19.011145,5.096657,0.0,37.778236,0.0,29.183327,15.401761,29.023903,0.0,0.0,0.0,0.89726114,0.0,0.0,0.0,40.24458,0.0,12.179784,0.0,0.0,0.0,0.0,0.0,0.08687654352263932,0.3222748815165877,1
0.0,0.0,0.0,0.68166065,0.0,0.0,0.0,0.0,0.0,0.7650091,0.0,0.05525941,0.6190975,0.0,1.0282037,0.0,0.0,0.0,0.0,0.0,0.0,0.0,0.78801805,1.6334962,0.009052462765969027,0.28436018957345977,1
0.0,0.0,0.0,0.0,0.0,0.0,0.0,0.0,0.0,0.0,0.0,0.0,3.9271364,0.7938533,2.2574239,0.0,0.51384956,0.0,0.0,0.0,0.0,0.0,4.1040797,0.0,0.021631070593066116,0.16113744075829387,1
1.3845878,0.0,0.7368517,0.0,0.0,1.8100749,0.0,0.31886277,0.0,0.0,0.0,0.0,0.0,0.8124387,1.5877105,1.1265509,0.0,0.0,0.0,0.0,0.0,0.0,0.0,0.0,0.010334798593361054,0.3507109004739336,1
0.0,0.0,0.0,0.0,0.0,3.5151944,0.0,0.0,0.0,0.0,0.0,0.0,0.0,0.0,5.592552,0.0,0.0,0.0,0.0,0.0,0.0,0.0,2.6217933,0.0,0.015005768396699504,0.5497630331753555,1
0.0,0.0,0.0,0.0,12.113573,2.5017526,9.706873,0.0,0.11147625,0.0,0.0,0.0,4.349524,0.0,0.9912177,0.0,7.4505796,0.0,0.0,0.0,0.0,0.0,13.212943,0.0,0.04284420950759195,0.17535545023696683,1
0.0,0.0,0.80368495,0.0,0.0,0.0,1.3061978,0.0,0.0,0.0,0.0,1.0587208,0.0,0.0,1.397002,0.0,3.4498928,0.0,1.973664,0.93245065,0.0,1.688536,2.9926836,5.324864,0.025741001583495664,0.22748815165876782,1
0.0,14.571489,0.0,0.0,83.61706,10.9186945,59.415188,0.0,37.756752,0.0,0.0,0.0,0.0,0.0,0.0,0.0,46.934513,0.0,1.7080309,0.0,0.0,0.0,40.36513,0.0,0.10905643419109476,0.3459715639810427,1
3.3512535,1.3138957,0.0,0.0,24.29518,0.0,18.047855,0.0,9.488647,0.0,0.0,0.0,0.0,0.0,0.0,0.0,15.6947775,0.0,0.0,0.0,0.0,0.0,10.570321,0.0,0.07261504240022469,0.30805687203791465,1
0.91081053,0.0,0.0,0.0,0.0,0.0,0.0,0.0,0.0,0.0,0.0,0.0,0.7431116,1.9576335,4.7352753,0.0,0.0,0.0,0.0,0.0,0.0,0.0,2.2630017,0.0,0.014316036544734453,0.29383886255924174,1
0.0,2.7949271,0.0,0.0,6.0872955,0.0,5.1876664,0.0,1.5911845,0.0,0.0,0.0,4.518124,0.0,0.0,0.0,4.987799,0.0,0.0,0.0,0.0,0.0,7.5249667,0.0,0.16039833484029747,0.5023696682464455,1
0.0,0.0,4.962912,0.0,46.144577,0.044045527,34.37673,0.0,15.884411,0.0,0.0,0.0,0.0,0.0,0.6419259,0.0,37.909054,0.0,10.462253,0.0,0.0,0.0,25.560715,0.0,0.6909791131463098,0.24170616113744078,1
5.7696767,6.6805544,0.0,0.0,36.722305,5.230285,25.903122,0.0,18.59771,0.0,0.0,0.0,0.0,0.0,7.8756275,0.0,18.993479,0.0,0.0,0.0,0.0,0.0,9.635928,0.0,0.6417844500176901,0.2890995260663507,1
0.0,0.0,0.5785749,0.0,0.0,1.4417646,0.0,0.0,0.0,0.0,0.0,0.0,0.0,1.5434167,0.691302,0.0,0.0,0.0,0.0,0.0,0.0,0.0,1.864735,0.0788642,0.01247384626326868,0.24170616113744078,1
2.0896807,0.0,0.0,0.0,27.819857,7.2310853,27.637827,0.0,6.229335,0.0,0.0,0.0,1.0004697,0.0,5.7128477,0.0,13.515291,0.0,0.0,0.0,0.0,0.0,20.468296,0.0,0.05230824047297159,0.5781990521327014,1
0.0,0.91203636,0.26588824,0.059824873,0.0,1.2654821,0.0,0.0,0.0,0.96471393,0.0,0.8704673,0.0,0.0,0.040952872,0.5247331,0.0,0.0,0.0,0.19125332,0.0,0.0,0.13524526,0.7956771,0.005561366976685688,0.20379146919431282,1
0.0,0.8391223,0.0,0.0,60.276104,8.588524,65.82089,0.0,14.858455,0.0,0.0,0.0,4.1055617,0.0,5.177519,0.0,55.166862,2.4576619,14.69728,0.0,0.0,0.0,42.522114,0.0,0.9357332345871252,0.7156398104265403,1
0.0,0.0,1.6019483,0.0,0.0,1.6635162,0.0,0.0,0.0,0.0,0.0,0.0,0.8908187,1.7339606,0.0,0.0,0.0,0.0,0.0,0.0,0.0,0.0,1.0562303,0.0,0.023378033663770982,0.35545023696682465,1
7.4637136,0.0,0.0,0.0,13.426615,16.080612,6.218842,0.0,0.0,0.0,0.0,0.0,0.0,0.0,16.174212,0.0,0.0,0.0,0.0,0.0,0.0,0.0,9.025397,0.0,0.021550679099145494,0.17535545023696683,1
0.0,5.455485,0.0,0.0,47.292072,0.0,38.616737,0.0,17.646606,0.0,0.0,0.0,3.8986096,0.0,0.0,0.0,26.583817,0.0,0.0,0.0,0.0,0.0,23.709393,0.0,0.07317661500674486,0.22274881516587677,1
0.08778717,0.0,0.72279793,0.121028885,0.0,1.3076652,0.0,0.18552487,0.0,0.0,0.0,0.0,0.0,0.6699861,0.82690173,0.09140562,0.0,0.0,0.0,0.0,0.0,0.14716092,0.0,0.0,0.00801912067035986,0.42654028436018954,1
0.0,0.0,0.0,0.0,0.0,0.0,0.0,0.0,0.0,0.0,0.0,0.0,1.8790593,1.2703304,1.389839,0.0,0.0,0.0,0.0,0.0,0.0,0.0,1.5784177,0.06762968,0.010882520014089495,0.1848341232227488,1
0.0,0.0,3.289319,0.0,7.4699364,0.5574482,5.618157,0.0,0.0,0.0,0.0,0.0,0.6525922,0.0,5.703206,0.0,7.1303606,0.0,3.8943334,0.0,0.0,0.0,8.233651,0.0,1.0,0.5118483412322276,1
0.0,0.0,0.0,0.0,0.0,0.0,0.0,0.0,0.0,1.8514258,1.2548548,3.0881157,0.0,0.0,0.49632734,0.0,0.0,0.5021844,0.0,2.0188794,0.0,0.49624637,0.7185841,3.6078787,0.021898333413929313,0.2511848341232228,1
0.0,0.7136663,0.8496486,0.0,0.0,0.74396753,0.0,0.0,0.0,0.0,0.0,1.2630922,0.0,0.0,0.0,0.0,0.0,0.0,0.0,0.07194563,0.0,0.0,0.3271989,1.5692973,0.003617448487118875,0.2985781990521327,1
2.5648959,0.0,1.6271708,0.0,0.0,2.537888,0.0,0.0,0.0,0.0,0.0,0.0,0.0,3.9100273,0.0,0.0,0.0,0.0,0.0,0.0,0.0,0.0,0.3083102,0.0,0.06634420287095052,0.48815165876777256,1
0.0,0.0,0.0,0.0,30.621784,18.266254,24.119387,0.0,8.119224,0.0,0.0,0.0,0.0,0.0,10.59754,0.0,10.340389,0.0,0.0,0.0,0.0,0.0,24.309696,0.0,0.054415862804741665,0.3222748815165877,1
6.342672,0.0,0.0,0.0,0.0,0.0,0.0,0.0,0.0,0.0,0.0,0.0,2.244452,4.7487955,1.9963826,0.0,0.0,0.0,0.0,0.0,0.0,0.0,1.604529,0.0,0.02474036396368752,0.2085308056872038,1
0.0,0.0,0.0,0.03269236,0.0,0.0,0.0,0.0,0.0,0.0,0.0,0.0,1.2829897,4.6278014,4.1529155,0.0,0.86198014,0.0,0.0,0.0,0.0,0.0,2.5603635,0.0,0.014376653842819899,0.7914691943127962,1
0.39871314,0.0,0.59853923,1.0230274,0.0,1.6468823,0.0,0.960771,0.0,0.0,0.0,0.0,0.0,1.0567585,0.71398747,0.0,0.0,0.0,0.0,0.0,0.0,0.0,0.0,0.0,0.009100553406124208,0.39336492890995256,1
0.78733706,0.0,0.7209017,0.0,1.4541119,0.8401572,0.0,0.0,0.0,0.0,0.0,0.0,1.873159,0.19650833,0.86501354,0.45306998,0.0,0.0,0.0,0.0,0.0,0.0,2.8290238,0.0,0.05065281303215259,0.3601895734597157,1
3.8682463,0.0,0.0,0.0,0.0,4.1695642,0.0,0.0,0.0,0.0,0.0,0.0,0.0,2.8832164,2.0154862,1.4807092,0.0,0.0,0.0,0.0,0.0,0.0,0.0,0.0,0.014148807638287719,0.24170616113744078,1
0.0,1.2555978,0.20128298,0.0,0.0,0.0,0.0,0.0,0.0,0.52506703,0.18171686,0.08014018,0.0,0.0,0.83143187,0.0,0.0,0.0,0.0,1.4257085,0.0,0.56743497,0.0,2.2812102,0.0046505617926826505,0.3886255924170616,1
0.0,0.0,0.0,0.0,0.0,0.61401767,0.0,0.0,0.0,0.0,0.48593605,1.9252833,0.0,0.0,0.6541027,0.0,0.0,0.0,0.0,0.8882657,0.0,0.0,0.1623287,2.3256614,0.008315629744421784,0.5213270142180095,1
0.0,0.0,0.0,0.0,20.627888,9.820977,14.213439,0.0,6.4422016,0.0,0.0,0.0,0.0,0.0,3.7421656,0.0,14.4294615,0.0,0.0,0.0,0.0,0.0,14.528417,0.0,0.052503277649724484,0.33175355450236965,1
0.79369164,0.0,0.0,0.1894164,0.0,0.0,0.0,0.0,0.0,0.0,0.0,0.0,0.06937967,0.23983978,2.112641,0.0,0.0,0.0,0.0,0.20790322,0.0,0.0,0.0,0.0,0.008269273187796508,0.6208530805687204,1
0.0,0.0,2.9537523,0.0,37.218113,17.231743,29.48755,0.0,12.122008,0.0,0.0,0.0,0.0,0.0,10.73455,0.0,18.437065,0.0,0.0,0.0,0.0,0.0,24.185379,0.0,0.049434518059297106,0.2369668246445498,1
0.0,0.0,3.247768,0.0,8.2094755,9.21179,6.8448367,0.0,0.0,0.0,0.0,0.0,1.8515959,0.0,7.752388,0.0,4.311656,0.0,0.0,0.0,0.0,0.0,11.145036,0.0,0.11527033730199794,0.3127962085308057,1
1.2962564,1.6524453,7.472297,0.0,66.41115,10.878711,41.641678,0.0,36.60408,0.0,0.0,0.0,0.0,0.0,5.5149894,0.0,48.284977,0.0,7.9184413,0.0,0.0,0.0,30.466545,0.0,0.07083917229087097,0.1516587677725119,1
0.0,0.0,0.10275674,0.16913371,0.0,0.2028162,0.0,1.0169863,0.0,2.4711232,0.5188477,1.1733272,0.0,0.0,0.080884025,0.2241643,0.0,0.0,0.0,0.05217465,0.0,0.08851484,0.0,0.82746947,0.002295019941634029,0.2132701421800948,1
4.2077565,0.0,0.51259136,0.0,0.0,0.94573957,0.0,0.0,0.0,0.0,0.0,0.0,1.2227463,4.2127686,1.4906778,0.0,0.0,0.0,0.0,0.0,0.0,0.0,2.9458246,0.0,0.03532241384055569,0.2654028436018957,1
0.0,13.198454,4.631814,0.0,30.944878,0.34912214,28.39272,8.353958,11.819474,0.0,0.0,0.0,5.537178,0.0,0.0,0.0,28.793324,0.0,9.432333,1.4158735,0.0,0.0,7.874867,0.0,0.12269259204556252,0.5023696682464455,1
0.021125102,0.0,0.57291937,0.0,0.0,0.22351511,0.0,0.0,0.0,0.0,0.0,0.0,6.486565,0.8367586,3.3766885,0.0,0.7882256,0.0,0.0,0.0,0.0,0.0,9.195664,0.0,0.036463556980816866,0.22274881516587677,1
1.974567,0.0,0.0,0.0,0.0,3.932964,0.0,0.0,0.0,0.0,0.0,0.0,0.0,1.9796647,1.8059016,0.0,0.0,0.0,0.0,0.0,0.0,0.0,0.0,0.0,0.03351079025461586,0.31753554502369663,1
0.0,0.6310553,1.7464536,0.0,0.0,1.6448872,0.0,0.0,0.0,1.4543707,0.013420109,2.100959,0.0,0.0,0.0,0.0,0.0,0.0,0.0,0.0,0.0,1.2629405,0.12485341,0.34785044,0.0028921704525062967,0.4549763033175356,1
0.0,12.8364,0.0,0.0,86.00336,9.054425,50.08854,4.084629,42.167522,0.0,0.0,0.0,0.0,0.0,0.0,0.0,54.64351,0.0,5.8877397,0.0,0.0,0.0,28.105873,0.0,0.11513900844797108,0.5450236966824644,1
8.317493,0.0,0.0,0.0,7.9589963,8.036445,4.4160047,0.0,0.0,0.0,0.0,0.0,1.6393552,0.18156849,9.512403,0.0,0.3596844,0.0,0.0,0.0,0.0,0.0,7.240437,0.0,0.023974119779174012,0.2511848341232228,1
0.69619143,0.0,0.0,0.0,0.0,0.0,0.0,0.0,0.0,0.0,0.0,0.0,1.4745077,2.3907335,3.7005208,0.0,0.0,0.0,0.0,0.0,0.0,0.0,1.0360156,0.0,0.030479186267587794,0.24644549763033177,1
0.0,0.53339314,1.6188266,0.0,0.0,1.7765826,0.0,0.0,0.0,0.5300016,0.0,1.1041673,0.0,0.0,0.0,0.0,0.0,0.0,0.0,0.0,0.0,0.0,0.80801624,0.0,0.03193737062622041,0.30805687203791465,1
0.0,7.6399436,0.0,0.0,70.51399,16.996475,46.396595,0.0,23.451725,0.0,0.0,0.0,0.0,0.0,3.4843855,0.0,27.236353,0.0,0.0,0.0,0.0,0.0,43.831234,0.0,0.05667359561027596,0.2511848341232228,1
0.96779275,0.0,0.0,0.0,0.0,0.0,0.0,0.37268278,0.0,0.0,0.0,0.0,0.0,0.0,1.7021388,0.0,0.0,0.0,0.0,0.0,0.0,0.0,0.0,0.3391439,0.009900484396577591,0.28436018957345977,1
0.0,0.49203086,0.0,0.0,0.0,1.9741484,0.0,0.0,0.0,2.4823472,0.0,1.256266,0.0,0.0,0.0,0.0,0.0,0.0,1.5474133,0.9792388,0.0,0.0,0.030573793,2.572472,0.05294849674956048,0.18009478672985782,1
3.2417305,0.0,0.0,0.0,0.0,2.0478818,0.0,0.0,0.0,0.0,0.0,0.0,1.2239807,3.60937,4.1650343,0.0,0.0,0.0,0.0,0.0,0.0,0.0,1.1266193,0.0,0.04376664079575837,0.45023696682464454,1
0.18631533,0.0,0.1892215,0.0,0.0,0.0,0.0,0.0,0.0,0.0,0.0,0.0,3.7966626,2.0068355,1.8616706,0.0,0.0,0.0,0.0,0.0,0.11551995,0.0,0.0,0.0,0.014140869288614143,0.21800947867298578,1
0.085098706,0.0,0.0,0.0,0.0,3.0875447,0.0,0.18757527,0.0,0.0,0.0,0.0,0.0,1.3949469,3.0097358,0.0,0.0,0.0,0.0,0.0,0.0,0.0,0.0,0.0,0.010902191801848114,0.47393364928909953,1
0.0,0.0,1.3075168,0.0,3.3014047,5.947964,2.5380251,0.0,0.0,0.0,0.0,0.0,0.0,0.0,7.931697,0.0,1.3128426,0.0,0.0,0.0,0.0,0.0,8.064593,0.0,0.032258589104154696,0.3601895734597157,1
5.622613,0.0,0.0,0.0,1.6158764,2.3223677,0.0,0.0,0.0,0.0,0.0,0.0,0.0,0.45468983,2.851058,3.1539886,0.0,0.0,0.0,0.0,0.0,0.0,2.1871586,0.0,0.04614406467853714,0.33175355450236965,1
2.1650643,0.0,0.28680712,0.0,0.0,1.9974736,0.0,0.0,0.0,0.0,0.0,0.0,0.0,2.625217,0.087152034,0.0,0.0,0.0,0.0,0.0,0.0,0.0,0.34391803,0.0,0.050292626532126364,0.4786729857819906,1
1.2758306,0.0,1.332128,0.0,0.0,2.4254608,0.0,0.0,0.0,0.0,0.0,0.0,1.348759,2.140632,0.123035595,0.0,0.0,0.0,0.0,0.0,0.0,0.0,0.73228836,0.0,0.014220732749691387,0.22748815165876782,1
0.25979292,0.0,0.0,0.0,0.0,0.0,0.0,0.0,0.0,0.0,0.0,0.0,0.0,0.0,3.4433334,0.4163354,6.027314,0.0,0.0,0.0,0.0,0.0,0.5029822,0.0,0.027062411261922204,0.14691943127962084,1
0.0,0.0,1.1789228,0.0,0.0,1.5408893,0.0,0.0,0.0,0.0,0.0,0.83442605,0.0,1.7084037,0.0,0.0,0.0,0.0,0.0,0.0,0.0,0.0,1.8413601,0.81683075,0.028636880900505413,0.17535545023696683,1
0.0,0.0,0.27380395,0.0,0.0,1.099287,0.0,0.0,0.0,0.0,0.0,0.5864301,0.0,0.5892913,0.8589118,0.0,0.0,0.0,0.0,0.88789284,0.0,0.0,0.45917457,1.8551258,0.0046795154897212405,0.11374407582938387,1
0.74980164,0.0,0.0,0.0,0.4236379,4.7810073,0.0,0.0,0.0,0.0,0.0,0.0,0.0,0.0,3.765457,2.899105,0.0,0.0,0.6190911,0.0,0.0,0.70944816,0.39623383,0.0,0.020982812857798933,0.47393364928909953,1
0.33471093,0.0,0.0,0.0,0.0,0.0,0.0,0.0,0.0,0.0,0.0,0.0,0.98070467,0.0,1.787362,0.0,0.0,0.0,0.0,1.2975398,0.0,0.0,0.4218517,1.0025319,0.00431654493893098,0.2654028436018957,1
3.8233602,0.0,0.6056516,0.0,0.0,2.1791673,0.0,0.0,0.0,0.0,0.0,0.0,0.4421489,5.615348,3.4395285,0.0,0.0,0.0,0.0,0.0,0.0,0.0,1.394067,0.0,0.025779249443724256,0.3364928909952607,1
0.0,0.0,0.0,0.0,23.60539,0.0,23.018694,0.0,7.967107,0.0,0.0,0.0,0.0,0.0,0.0,0.0,18.587902,0.0,0.0,0.0,0.0,0.0,16.280178,0.0,0.07615974944477967,0.2369668246445498,1
0.0,0.0,0.0,0.0,1.4748596,0.0,4.0214696,0.0,0.0,0.0,0.0,0.0,5.009453,0.0,0.21760304,0.0,0.67610544,0.0,0.0,0.0,0.0,0.0,7.53383,0.0,0.15732401906616617,0.4786729857819906,1
0.0,0.0,4.5730324,0.0,16.270538,1.2155243,5.334341,0.0,0.0,0.0,0.0,0.0,1.2180247,0.0,16.176989,0.0,20.54557,0.0,14.1296425,0.0,0.0,0.0,17.980421,0.0,0.187371832313861,0.3744075829383886,1
0.0,0.0,0.7407806,0.0,7.478364,3.4985526,12.995189,0.0,0.0,0.0,0.0,0.0,5.412645,0.0,6.2892613,2.4259982,12.105578,0.0,3.9390757,0.0,0.0,0.0,13.801972,0.39446184,0.7395649290630925,0.37914691943127965,1
0.0,0.0,2.8520114,0.0,3.2058282,3.837496,0.0,0.0,0.0,0.0,0.0,0.0,3.0392525,0.24170469,1.2593206,0.0,0.0,0.0,0.0,0.0,0.0,0.0,3.023738,0.0,0.354847616015549,0.4597156398104265,1
0.0,0.0,0.0,0.22366957,0.0,0.0,0.0,1.3748015,0.0,0.0,0.0,0.0174681,0.0,0.0,1.2075378,0.0,0.0,0.0,0.0,0.0,0.0,0.0,0.0,0.0,0.011110901184947501,0.4218009478672986,1
0.0,7.244639,3.4862645,0.0,25.708181,0.0,5.6395383,10.587792,12.319279,0.0,0.0,0.0,0.0,0.0,0.0,0.0,33.790623,0.0,16.738913,0.0,0.0,0.0,2.1583495,0.0,0.6908683674924451,0.5402843601895735,1
0.3341091,0.0,0.0,0.0,0.0,0.0,0.0,2.7304783,0.0,0.0,0.0,0.0,0.48495635,0.0,1.3398786,0.0,0.0,0.0,0.0,0.56938404,0.0,0.16640764,0.0,0.24280642,0.006153451125491007,0.3601895734597157,1
0.0,0.0,0.94741607,0.0,0.0,0.85549086,0.0,0.0,0.0,0.0,0.0,0.0,2.273024,1.3935283,1.5994898,0.0,0.0,0.0,0.0,0.0,0.0,0.0,0.0,0.0,0.03306258155208993,0.5687203791469194,1
0.0,5.0619726,3.2111351,0.0,34.89109,8.541598,31.785723,0.0,18.961359,0.0,0.0,0.0,0.0,0.0,0.0,0.0,19.292746,0.0,0.0,0.0,0.0,0.0,20.325163,0.0,0.17135588588210202,0.3364928909952607,1
0.0,15.493059,0.0,0.0,67.69269,0.33629712,43.450497,0.0,29.560957,0.0,0.0,0.0,0.0,0.0,0.0,0.0,31.282139,0.0,0.0,0.0,0.0,0.0,27.24371,0.0,0.18894291143417832,0.5497630331753555,1
0.0,1.6438148,0.0,0.0,0.0,1.6995274,0.0,0.0,0.0,2.1356022,0.33337283,0.19009343,0.19921313,0.0,0.0,0.0,0.0,0.0,0.0,0.0,0.0,0.0,1.2861531,0.5213605,0.012318711256301023,0.2559241706161137,1
0.0,2.4309554,0.0,1.0131137,0.0,0.0,0.0,0.0,0.0,3.7693264,1.2230155,0.4119388,0.0,0.0,0.0,0.9118343,0.0,0.26000994,0.0,2.4533792,0.0,1.3666567,0.0,4.1211605,0.004873714238235924,0.22748815165876782,1
1.3002938,0.0,0.0,0.0,24.49995,11.70684,18.3612,0.0,5.482433,0.0,0.0,0.0,0.0,0.0,8.730542,0.0,12.184681,0.0,0.0,0.0,0.0,0.0,19.401934,0.0,0.04155564308534973,0.5639810426540285,1
3.5366864,0.0,0.0,0.0,9.260331,6.24126,5.9475503,0.0,0.0,0.0,0.0,0.0,0.0,0.0,8.525089,0.0,4.5273566,0.0,0.0,0.0,0.0,0.0,10.795104,0.0,0.03379138598424037,0.19431279620853084,1
6.3525863,0.0,0.0,0.0,0.0,0.0,0.0,0.0,0.0,0.0,0.0,0.0,1.6997199,2.3571246,3.143055,0.0,0.0,0.0,0.0,0.0,0.0,0.0,4.4552255,0.0,0.016133566547936313,0.5118483412322276,1
0.0,0.0,1.107342,0.0,0.0,0.8945881,0.0,0.0,0.0,0.53632486,0.0,0.64527935,0.30921766,0.0,0.2998108,0.0,0.0,0.0,0.15528837,0.027761867,0.0,0.0,0.6042905,1.2742352,0.016534159393351233,0.17061611374407584,1
0.0,0.0,0.0,0.0,0.0,0.0,0.0,0.0,0.0,0.0,0.0,0.0,1.9309072,3.9485219,5.697615,0.0,2.8305078,0.0,0.0,0.0,0.0,0.0,2.5496545,0.0,0.04885656631837502,0.3744075829383886,1
0.0,0.0,0.0,0.0,0.0,0.0,0.0,0.0,0.0,0.0,0.0,0.0,7.115254,0.0,5.0501933,0.0,0.0,0.0,0.0,0.0,0.0,0.0,5.17921,0.0,0.42811395666955226,0.2796208530805687,1
0.0,0.0,0.0,0.0,44.191677,19.655903,31.511908,0.0,9.620152,0.0,0.0,0.0,0.0,0.0,10.046722,0.0,11.854808,0.0,0.0,0.0,0.0,0.0,31.851257,0.0,0.4123787603148438,0.2890995260663507,1
0.0,0.0,0.0,0.0,0.0,0.0,0.0,0.0,0.0,0.0,0.0,0.0,3.1920664,0.20921008,2.400958,0.0,0.04173262,0.0,0.0,0.0,0.0,0.0,4.1363873,0.56015515,0.11003871324347039,0.33175355450236965,1
5.292556,6.759681,0.0,0.0,69.67026,2.6816854,56.123066,0.0,29.563412,0.0,0.0,0.0,10.338038,0.0,1.5024894,0.0,43.197712,3.517794,3.9465044,0.0,0.0,0.0,38.828434,0.0,0.07019260136363123,0.24644549763033177,1
0.6307628,0.0,1.5250211,0.0,0.7871896,2.77619,0.22628161,0.0,0.0,0.0,0.0,0.0,0.0,0.0,0.90428764,0.05565747,0.0,0.0,0.0,0.0,0.0,0.0,2.0582795,0.0,0.11528470682306323,0.47393364928909953,1
0.0,0.076162405,0.577873,0.7649341,0.0,0.27699164,0.0,0.0,0.0,2.315709,0.0,1.5007972,0.0,0.0,0.44819415,0.7478395,0.0,0.0,0.0,0.16863687,0.0,0.0,0.0,1.5854368,0.006837044541348209,0.5118483412322276,1
3.0727515,0.0,2.2183907,0.0,2.0766776,1.3165146,0.0,0.0,0.0,0.0,0.0,0.0,1.4053888,0.701635,7.182468,0.0,5.0628414,0.0,0.0,0.0,0.0,0.0,5.533692,0.0,0.19981606875652266,0.3222748815165877,1
0.0,0.0,0.0,0.0,31.131561,3.9080048,11.507282,0.0,8.567924,0.0,0.0,0.0,8.309479,0.0,14.388537,0.0,40.330853,0.0,26.73032,0.0,0.0,0.0,28.000532,0.0,0.4182863029911491,0.24644549763033177,1
0.0,1.7687426,0.60083896,0.0,0.0,0.5052591,0.0,0.0,0.0,1.3393271,0.0,1.7238104,0.0,0.0,0.0,0.0,0.0,0.0,0.0,0.0,0.0,0.82048863,0.4990906,0.0,0.0036802639186530495,0.4075829383886256,1
4.315473,0.0,0.0,0.0,6.982072,9.909592,0.47894964,0.0,0.0,0.0,0.0,0.0,0.0,0.0,9.944314,3.9511588,0.0,0.0,0.0,0.0,0.0,0.0,5.4428897,0.0,0.02026401401352367,0.3222748815165877,1
0.0,1.2600782,0.4263831,1.1181296,0.0,0.0,0.0,0.0,0.0,2.3118289,0.0,1.1232084,0.0,0.0,0.0,0.0,0.0,0.0,0.0,0.5074106,0.0,0.0,0.0,0.7357465,0.005411843237624154,0.3364928909952607,1
0.0,0.0,0.73999333,0.0,0.0,1.2449592,0.0,0.0,0.0,0.0,0.0,1.081185,0.0,0.2035957,0.0,0.0,0.0,0.0,0.0,0.0,0.0,0.0,0.3594015,0.54023933,0.010221242546733478,0.24644549763033177,1
0.0,0.0,0.64117146,0.0,0.0,1.3430444,0.44608864,0.0,0.0,0.0,0.0,0.0,0.0,0.0,6.719491,0.0,3.4074948,0.0,0.0,0.0,0.0,0.0,7.2546744,0.0,0.032089583515517404,0.3270142180094787,1
0.0,0.0,5.547406,0.0,13.200162,0.30869588,14.85506,0.0,0.0,0.0,0.0,0.0,6.753627,0.0,7.319078,0.0,14.64473,0.0,3.2758663,0.0,0.0,0.0,25.141344,0.0,0.23091489658737016,0.48815165876777256,1
0.0,0.0,0.0,0.0,0.0,0.0,0.23081353,0.0,0.0,0.0,0.0,1.6330148,0.22836326,0.0,1.4720505,0.0,1.100539,0.0,0.5701957,0.015275469,0.0,0.05195907,2.258389,4.9396243,0.04251583766546553,0.4834123222748815,1
0.0,0.0,1.8736427,0.0,2.8499815,0.0,0.07311377,0.0,0.0,0.0,0.0,0.0,0.0,2.9112613,4.5020094,0.0,6.482549,0.0,1.5269358,0.0,0.0,0.0,0.0,0.0,0.30504637789211947,0.3364928909952607,1
0.65703034,0.0,0.0,0.0,0.0,6.768174,0.0,0.0,0.0,0.0,0.0,0.0,0.0,0.38942918,3.0497508,2.7313352,0.0,0.0,0.0,0.5317748,0.0,0.06799475,0.0,0.0,0.03510713084791482,0.5213270142180095,1
3.3510113,0.0,0.0,0.0,0.0,2.2078397,0.0,0.0,0.0,0.0,0.0,0.0,0.0,0.7168275,3.86139,0.0,0.0,0.0,0.0,0.0,0.0,0.0,0.0,0.0,0.012134659594580677,0.5071090047393365,1
4.3039513,0.0,0.0,0.0,0.0,0.9404766,0.0,0.0,0.0,0.0,0.0,0.0,0.12869538,1.3406781,0.2834207,0.0,0.0,0.0,0.0,0.0,0.0,0.0,0.7782855,0.0,0.028498294277583387,0.4218009478672986,1
0.0,5.6024604,0.0,0.0,21.169392,0.0,9.587207,6.5670204,6.6485167,0.0,0.0,0.0,1.9941177,0.0,0.0,0.0,11.132259,0.0,0.0,0.0,0.0,0.0,0.45587784,0.0,0.05380458029153515,0.44075829383886256,1
4.8198066,0.0,0.0,0.0,10.895216,2.8284163,9.8935375,0.0,0.76126057,0.0,0.0,0.0,5.264609,0.0,5.987713,1.573317,2.733315,0.0,0.0,0.0,0.0,0.0,12.199927,0.0,0.020231509886795004,0.2322274881516588,1
0.0,0.0,0.0,0.0,22.00982,15.165246,15.203669,0.0,3.9054987,0.0,0.0,0.0,0.0,0.0,10.847956,0.0,7.6503997,0.0,0.0,0.0,0.0,0.0,17.606516,0.0,0.04277761143642528,0.2085308056872038,1
0.0,0.0,0.0,0.0,0.0,0.0,0.0,0.0,0.0,0.0,0.0,0.0,0.19444816,0.0,1.4540011,0.0,0.0,0.0,0.70332396,1.0656289,0.0,0.0,1.7104398,3.163203,0.02263918954839406,0.35545023696682465,1
0.8770455,0.0,0.69239414,0.0,0.0,0.007492978,0.0,0.0,0.0,0.0,0.0,0.0,0.78249013,2.778872,0.0,0.0,0.0,0.0,0.0,0.0,0.0,0.0,0.33860102,0.0,0.05722356774527545,0.4597156398104265,1
0.0,0.0,1.8768682,0.0,0.0,0.0,0.0,0.0,0.0,2.0021248,0.0,1.1459199,0.0,0.0,0.0,0.0,0.0,0.0,0.0,0.0,0.0,0.0,0.26425195,1.8739762,0.011092516168733047,0.1895734597156398,1
2.9905796,0.0,0.0,0.0,13.798779,4.6694303,10.168231,0.0,0.0,0.0,0.0,0.0,5.9298854,0.0,9.573398,0.0,3.3982,0.0,0.0,0.0,0.0,0.0,20.880299,0.0,0.13004270237149512,0.9052132701421801,1
0.0,4.42735,9.444508,0.0,70.26641,3.9227514,44.035915,0.0,42.591274,0.0,0.0,0.0,2.3714213,0.0,0.9128161,0.0,64.30972,1.5221072,38.573624,0.0,0.0,0.0,43.318428,0.0,0.13497060469950128,0.18009478672985782,1
0.0,0.0,3.2524347,0.0,13.832339,5.4000983,12.773688,0.0,4.6674714,0.0,0.0,0.0,0.0,0.0,1.1696213,0.0,10.938538,0.0,0.0,0.0,0.0,0.0,11.297924,0.0,0.041103473911231446,0.22274881516587677,1
2.4889603,0.0,0.0,0.0,0.0,5.9695826,0.0,0.0,0.0,0.0,0.0,0.0,0.0,1.6376086,1.5624555,0.0,0.0,0.0,0.0,0.0,0.0,0.0,0.61742544,0.0,0.009388199768043318,0.5781990521327014,1
5.9193025,0.0,0.0,0.0,0.0,1.1549692,0.0,0.0,0.0,0.0,0.0,0.0,1.4777939,3.6324272,3.717502,0.22068495,0.0,0.0,0.0,0.0,0.0,0.0,1.2995744,0.0,0.03544382599245809,0.3033175355450237,1
0.0,0.0,0.0,0.0,0.0,2.1398976,0.0,2.094769,0.0,0.0,0.0,0.0,0.0,0.0,1.7824236,0.0,0.0,0.0,0.0,0.48414692,0.0,0.0,0.0,0.23105071,0.009757826237840043,0.42654028436018954,1
4.167785,0.0,0.0,0.0,11.929051,8.643613,5.771788,0.0,0.5056513,0.0,0.0,0.0,0.0,0.0,8.25654,1.5914103,2.9491425,0.0,0.0,0.0,0.0,0.0,10.41163,0.0,0.056555104099935,0.4928909952606635,1
0.0,0.0,0.0,0.0,10.910415,12.293534,0.2901599,0.0,0.0,0.0,0.0,0.0,0.0,0.0,13.081391,0.0,2.6961784,0.0,0.0,0.0,0.0,0.0,12.866759,0.0,0.02830329535457931,0.5355450236966824,1
2.8369603,0.0,0.0,0.0,0.0,0.0,0.0,0.0,0.0,0.0,0.0,0.0,1.445886,3.8026311,2.6936553,0.0,0.0,0.0,0.0,0.0,0.0,0.0,1.109262,0.0,0.018135666365463193,0.4928909952606635,1
0.18893763,0.0,0.0,0.0,0.0,0.0,0.0,0.0,0.0,0.0,0.0,0.5925154,0.31114522,0.388616,0.7792481,0.0,0.0,0.0,0.0,0.0,0.0,0.0,0.0,0.0,0.009088813063456684,0.2369668246445498,1
0.33338833,0.0,0.0,0.0,0.0,0.7139802,0.0,0.6927356,0.0,0.0,0.0,0.0,0.0,0.0,1.4688027,0.32865152,0.0,0.0,0.0,0.41377008,0.0,0.0,0.0,0.0,0.002502565258241912,0.34123222748815163,1
0.2943606,0.0,0.7528708,0.0,0.0,3.110984,0.0,0.5330215,0.0,0.0,0.0,0.82682407,0.0,1.0995919,0.0,0.0,0.0,0.0,0.0,0.0,0.0,0.0,0.2579043,0.0,0.05075969239481362,0.18009478672985782,1
0.0,1.1799715,0.0,0.0,0.0,0.0,0.0,0.8936727,0.0,1.0840281,0.5221634,3.2173643,0.0,0.0,0.0,0.0,0.0,0.95058775,0.0,1.9885385,0.0,1.2892612,0.0,3.085902,0.0030000997105226394,0.17061611374407584,1
0.0,1.2588596,0.0,0.0,17.293827,0.0,14.4664755,0.0,3.9618375,0.0,0.0,0.0,4.027173,0.0,0.0,0.0,10.407107,0.0,0.0,0.0,0.0,0.0,8.854809,0.0,0.43959877938284625,0.4928909952606635,1
3.4255629,0.0,0.0,0.0,1.381902,2.2879915,1.5866841,0.0,0.0,0.0,0.0,0.0,3.119428,0.46237788,4.87465,0.9262561,0.6882736,0.0,0.0,0.0,0.0,0.0,6.3908067,0.0,0.06832015282067147,0.5450236966824644,1
2.200408,0.0,0.0,0.0,0.0,0.0,0.0,0.5725021,0.0,0.0,0.0,0.0,1.0639963,1.5167662,0.95511013,0.0,0.0,0.0,0.0,0.0,0.0,0.0,0.0,0.0,0.006538424837030352,0.18009478672985782,1
0.7051017,0.0,0.0,0.0,5.653846,1.4834839,0.4671248,0.0,0.0,0.0,0.0,0.0,5.8678765,0.0,3.841435,0.0,0.0,0.0,0.0,0.0,0.0,0.0,8.623808,0.0,0.45676902988164075,0.27014218009478674,1
3.8716404,0.0,0.0,0.0,2.0892522,4.483172,0.0,0.0,0.0,0.0,0.0,0.0,4.6516547,0.0,6.4672585,0.2892881,0.0,0.0,0.0,0.0,0.0,0.0,6.609593,0.0,0.04402612667722535,0.6919431279620853,1
0.0,13.121877,0.0,0.0,9.5605755,0.0,0.0,5.222729,20.668022,0.0,0.0,0.0,0.0,0.0,0.0,0.0,28.113766,0.0,0.0,0.0,0.0,0.0,0.0,0.0,0.06725923864035682,0.3127962085308057,1
1.3683766,0.0,0.59540725,0.0,27.726076,8.002031,10.2797575,0.0,1.6534833,0.0,0.0,0.0,0.0,0.0,11.366917,0.0,12.721287,0.0,0.0,0.0,0.0,0.0,23.694323,0.0,0.47040637184668854,0.48815165876777256,1
0.0,0.0,0.0,0.0,0.0,0.0,0.0,0.0,0.0,0.0,0.0,0.0,3.7627733,0.0,4.2043653,0.0,1.5806148,0.0,0.0,0.0,0.0,0.0,4.91409,2.7543733,0.25640549485234526,0.5450236966824644,1
4.3279285,0.0,0.5278628,0.0,14.639801,7.3516874,0.0,0.0,6.00552,0.0,0.0,0.0,0.0,0.28505477,11.472252,0.0,6.315662,0.0,0.0,0.0,0.0,0.0,2.2512326,0.0,0.041442645819240516,0.13744075829383887,1
0.0,0.0,2.580822,0.0,19.11978,3.8558512,3.2362115,0.0,1.0026554,0.0,0.0,0.0,0.0,0.0,0.0,0.0,14.750616,0.0,3.5991886,0.0,0.0,0.0,10.400549,0.0,0.047117091821233754,0.2748815165876778,1
0.0,0.8226266,0.063344,0.0,7.9365044,0.0,5.7221136,0.0,8.132771,0.0,0.0,0.0,4.0138917,0.0,0.0,0.0,15.034907,0.0,0.0,0.0,0.0,0.0,3.5016198,0.0,0.577793766566854,0.5118483412322276,1
0.0,0.0,0.0,0.0,0.0,0.0,0.0,0.0,0.0,0.0,0.0,0.67448664,0.0,0.0,0.3615793,0.07134255,0.0,0.0,0.42320672,0.5421068,0.0,0.0,0.33375093,1.8856714,0.0059708749277346375,0.14218009478672985,1
6.035248,0.0,0.0,0.0,0.0,4.3768144,0.0,1.8874029,0.0,0.0,0.0,0.0,0.0,3.6274166,4.0348387,0.0,0.0,0.0,0.0,0.0,0.0,0.0,0.0,0.0,0.01463298876088681,0.7535545023696683,1
0.0,0.0,0.10369921,0.0,0.0,0.0,0.0,0.0,0.0,0.0,0.0,0.0,1.0170274,0.84325916,1.3761891,0.0,0.0,0.0,0.0,0.34697175,0.0,0.0,1.5843142,2.3518019,0.014047606726792086,0.2511848341232228,1
0.0,0.0,0.19013107,0.0,0.0,1.092003,0.0,0.0,0.0,0.0,0.0,0.0,0.21955691,1.7224694,1.6153973,0.0,0.0,0.0,0.0,0.0,0.0,0.0,0.65658754,0.070808336,0.018850810773722082,0.2511848341232228,1
0.0,0.0,0.5375155,0.0,0.26867536,5.23745,0.0,0.0,0.0,0.0,0.0,0.53076285,0.0,1.9501983,0.0,0.0,0.0,0.0,0.0,0.0,0.0,0.0,2.6252146,0.0,0.2845627242472166,0.4786729857819906,1
0.0,0.0,0.0,0.0,0.0,0.0,0.0,0.0,0.0,0.0,0.64281344,3.1040442,0.0,0.0,1.0068364,0.0,0.0,0.0,0.29674128,1.6785448,0.0,0.0,0.5531966,4.6278815,0.01821789818580468,0.5450236966824644,1
0.0,0.3418088,0.0,0.0,27.979076,6.3213396,1.238932,13.34791,14.594422,0.0,0.0,0.0,4.1205897,0.0,3.8190212,0.0,38.901157,0.49601662,30.33517,0.0,0.0,0.0,13.085877,0.0,0.18512780232437379,0.3033175355450237,1
1.3900722,0.0,0.0,0.0,77.14762,12.225562,41.83889,0.0,36.26362,0.0,0.0,0.0,4.816442,0.0,14.802765,0.0,62.582493,16.190401,34.573486,0.0,0.0,0.0,44.550076,0.0,0.1182466278640267,0.19905213270142183,1
4.314928,0.0,0.0,0.0,0.0,0.0,0.0,0.0,0.0,0.0,0.0,0.0,2.085534,3.0907269,2.3876443,0.0,0.0,0.0,0.0,0.0,0.0,0.0,4.2983046,0.0,0.034187959564878884,0.6066350710900474,1
0.0,0.0,0.0,0.0,18.662056,11.7336445,7.925223,0.0,5.747011,0.6899454,0.0,0.0,0.0,0.0,7.430594,0.0,2.8765514,0.0,0.0,0.0,0.0,0.0,8.682622,0.0,0.03500983264492596,0.37914691943127965,1
2.0759294,0.0,0.0,0.0,0.0,0.84941906,0.0,0.0,0.0,0.0,0.0,0.0,0.83126426,2.1203306,3.198751,0.0,0.0,0.0,0.0,0.0,0.0,0.0,1.0481018,0.0,0.014550850777214028,0.22274881516587677,1
0.0,0.0,2.0820181,0.0,1.19753,1.8267803,3.77709,0.0,0.0,0.0,0.0,0.0,6.4250054,0.0,5.251909,0.0,2.4458544,0.0,0.0,0.0,0.0,0.0,8.0932665,0.0,0.03283062793250246,0.34123222748815163,1
0.0,0.0,0.0,0.0,0.0,0.0,0.72349906,0.0,0.0,1.820206,1.7757213,3.1766365,0.0,0.0,0.1007901,0.0,0.82211864,0.683314,0.45754367,2.1859694,0.0,2.3528335,0.5743453,4.761798,0.027994089785929415,0.4597156398104265,1
0.0,4.884442,0.0,0.0,5.025224,1.3371743,7.9226127,0.0,5.1787643,0.0,0.0,0.0,4.3499885,0.0,6.5466805,0.0,6.441002,1.4560837,4.220757,0.4153342,0.0,0.0,10.889466,0.0,0.27572880913961234,0.4834123222748815,1
0.0,1.3876057,0.0,0.0,0.0,2.6655023,0.8766712,0.0,0.0,0.0,0.0,0.0,2.6422238,0.0,2.2583547,0.0,0.0,0.0,0.0,0.0,0.0,0.0,0.0,0.0,0.014729619566629598,0.2559241706161137,1
2.7413948,0.0,0.20327926,0.0,13.969824,15.915002,10.454718,0.0,1.5171405,0.0,0.0,0.0,0.0,0.0,9.905481,0.0,3.9861526,0.0,0.0,0.0,0.0,0.0,12.041706,0.0,0.03476961335473594,0.2322274881516588,1
0.0,0.0,0.25695062,0.0,0.0,0.0,0.0,0.0,0.0,0.0,0.0,0.0,0.76997817,2.7558258,1.1512123,0.0,0.0,0.0,0.0,0.0,0.0,0.0,0.9560924,0.0,0.04431179730313961,0.24170616113744078,1
1.1596327,0.0,0.08817339,0.6406446,0.0,0.0,0.0,3.2140117,0.0,0.0,0.0,0.0,2.650353,2.2784593,1.0303468,0.0,0.0,0.0,0.0,0.0,0.0,0.0,0.0,0.0,0.006440221398091499,0.5165876777251185,1
3.416216,0.0,0.0,0.0,0.0,2.1257493,0.0,0.0,0.0,0.0,0.0,0.0,0.0,2.6743937,0.0,0.0,0.0,0.0,0.0,0.0,0.0,0.0,0.39721364,0.0,0.02707214088050197,0.5592417061611374,1
0.0,0.24872589,0.8703019,0.0,0.0,1.995247,0.0,0.16370837,0.0,0.9135192,0.0,0.6626536,0.0,0.0,0.15921758,0.8364219,0.0,0.0,0.0,0.0,0.0,0.0,0.0,0.0,0.008637830647098737,0.17535545023696683,1
3.5492086,0.0,0.0,0.0,0.0,0.2513641,0.0,0.0,0.0,0.0,0.0,0.0,2.178413,2.5381298,1.783549,0.0,0.0,0.0,0.0,0.0,0.0,0.0,0.0,0.0,0.014417672405529339,0.2654028436018957,1
4.8542314,0.0,0.0,0.0,2.5612984,3.0516498,0.0,0.0,0.0,0.0,0.0,0.0,0.0,1.6438631,6.0093455,1.2852148,0.0,0.0,0.0,0.0,0.0,0.0,3.9392998,0.0,0.0538255762457566,0.5497630331753555,1
1.9778146,0.0,0.0,0.0,3.53623,3.8611162,3.9430058,0.0,0.0,0.0,0.0,0.0,3.5637891,0.0,7.0290856,0.0,0.0,0.0,0.0,0.0,0.0,0.0,9.137805,0.0,0.03561966552939601,0.4123222748815166,1
0.0,1.1599668,0.1396001,0.0,0.0,0.0,0.0,0.0,0.0,0.0,0.0,0.64192915,0.0,0.0,0.0,0.0,0.0,0.0,0.0,2.0694866,0.0,1.4077781,0.0,1.7356048,0.006146420663086859,0.3459715639810427,1
0.0,0.6253234,1.999136,0.0,1.6762836,2.2010434,0.0,0.0,0.0,0.0,0.0,0.0,0.0,0.0,0.0,0.37534857,0.0,0.0,0.0,0.0,0.0,0.0,0.0,0.0,0.08182492798363344,0.27014218009478674,1
0.0,0.0,0.0,0.0,14.303159,0.0,0.9853414,0.0,10.60991,0.0,0.0,0.0,2.5265994,0.0,0.0,0.0,30.574837,0.0,1.4809978,0.0,0.0,0.0,6.243212,0.0,0.6544342199868963,0.6729857819905214,1
2.1605713,0.0,0.0,0.0,0.0,0.0,0.0,0.0,0.0,0.0,0.0,0.0,0.0,6.513307,8.58997,0.0,6.710184,0.0,1.4594986,0.0,0.0,0.0,4.2814326,0.0,0.04003961788871278,0.8909952606635071,1
11.74315,0.0,0.0,0.0,8.964572,4.7410464,5.237432,0.0,0.0,0.0,0.0,0.0,2.2881203,0.0,10.62019,0.0,0.0,0.0,0.0,0.0,0.0,0.0,13.482094,0.0,0.15316581618809683,0.6208530805687204,1
1.5987436,0.0,0.0,0.0,16.424744,8.022032,9.132862,0.0,2.7321322,0.0,0.0,0.0,0.0,0.0,4.300703,0.0,2.3936617,0.0,0.0,0.0,0.0,0.0,9.641372,0.0,0.022519127572105672,0.2085308056872038,1
0.0,1.3755774,0.5010031,1.5451171,0.0,0.0,0.0,0.0,0.0,2.49483,0.0,0.0,2.3647192,0.0,0.0,0.0,0.0,0.0,0.0,1.4128348,0.0,0.0,0.0,2.0460653,0.004649843139442849,0.46445497630331756,1
8.733751,0.0,0.0,0.0,8.126804,6.4263363,9.954597,0.0,0.0,0.0,0.0,0.0,0.0,0.0,8.476101,0.0,3.1245725,0.0,0.0,0.0,0.0,0.0,7.683284,0.0,0.044760286477311124,0.6161137440758294,1
0.0,0.0,0.0,0.0,0.0,0.0,0.0,0.0,0.46472055,0.0,0.0,0.9877554,0.0,0.0,0.7483371,0.0,1.4855483,0.79891086,0.17514989,1.5700847,0.0,1.4498787,1.0366157,2.497174,0.03164387578947495,0.22748815165876782,1
4.775192,0.0,0.0,0.0,0.39045933,2.8871562,1.4119021,0.0,0.0,0.0,0.0,0.0,0.30569145,0.0,4.194763,0.5278278,0.0,0.0,0.0,0.0,0.0,0.0,1.9497548,0.0,0.024979782073024225,0.28436018957345977,1
0.0,0.0,3.0612454,0.0,2.3675778,2.3754573,0.0,0.0,0.0,0.0,0.0,0.0,1.2209398,0.48059523,1.6098539,2.2461588,0.55559784,0.0,0.0,0.0,0.0,0.0,3.543963,0.0,0.02526219864798977,0.5118483412322276,1
3.770711,0.0,0.0,0.0,0.0,5.147466,0.0,0.0,0.0,0.0,0.0,0.0,0.0,5.083333,2.3639112,0.0,0.0,0.0,0.0,0.0,0.0,0.0,0.5376386,0.0,0.01617808704632628,0.5165876777251185,1
2.7705338,0.0,0.0,0.0,0.0,2.7779338,0.0,2.5937858,0.0,0.0,0.87501425,0.0,0.0,0.0,3.819538,0.0,0.0,0.0,0.0,0.0,0.0,0.0,0.0,0.0,0.0047131116961561005,0.2559241706161137,1
0.0,0.0,0.0,0.0,38.5744,4.362673,26.438572,0.0,4.0721684,0.0,0.0,0.0,0.0,0.0,20.154884,0.0,38.361904,0.0,17.405022,0.0,0.0,0.0,29.673138,0.0,0.35714668624597146,0.5355450236966824,1
0.37534562,0.0,0.8762343,0.0,0.0,1.5448097,0.0,0.0,0.0,0.0,0.0,0.032977466,0.0,0.6382395,0.0,0.0,0.0,0.0,0.0,0.0,0.0,0.0,0.780448,0.0,0.0943022086663127,0.3270142180094787,1
0.0,7.0804577,0.0,0.0,36.251736,0.0,28.73844,0.0,12.9087925,0.0,0.0,0.0,2.7531972,0.0,0.0,0.0,32.529896,0.0,0.0,0.0,0.0,0.0,23.99748,0.0,0.03917342555787858,0.3364928909952607,1
0.0,0.98686826,1.1283541,0.0,0.0,0.93365866,0.0,0.0,0.0,0.110037565,0.0,1.8128426,1.4854014,0.0,0.0,0.0,0.0,0.0,0.0,0.0,0.0,0.0,0.20222706,0.0,0.03662926206471672,0.24644549763033177,1
0.0,0.0,3.7363262,0.0,6.0123425,0.36017475,0.0,0.0,0.0,0.0,0.0,0.0,5.3918285,0.0,4.728683,0.0,12.344233,0.0,6.8300486,0.0,0.0,0.0,9.219033,0.0,0.06002584376992872,0.2085308056872038,1
0.0,0.0,0.0,0.0,0.0,0.0,0.0,0.0,0.0,0.0,0.0,0.0,4.307939,1.2311676,2.085567,0.0,0.0,0.0,0.0,0.0,0.0,0.0,2.0749524,0.5966872,0.09999053413009794,0.35545023696682465,1
0.97664607,5.5345635,0.0,0.0,43.0525,0.0,28.86849,0.0,16.417843,0.0,0.0,0.0,0.0,0.0,0.0,0.0,15.678808,0.0,0.0,0.0,0.0,0.0,19.561693,0.0,0.04141975640636931,0.18009478672985782,1
0.0,0.0,2.424826,0.0,1.8476764,1.844452,0.0,1.2715892,0.0,0.0,0.0,0.0,0.0,1.5097853,1.1411183,2.5206676,4.331751,0.0,0.46733096,0.0,0.0,0.0,3.1294124,0.0,0.04956295322316877,0.6919431279620853,1
0.0,0.0,0.0,0.0,36.806736,3.5047526,21.737598,0.0,7.6840224,0.0,0.0,0.0,0.0,0.0,0.0,0.0,10.765884,0.0,0.0,0.0,0.0,0.0,13.4578085,0.0,0.4490513460930209,1.0000000000000002,1
0.0,6.224012,0.0,0.0,19.66563,0.0,1.5273498,0.6602611,7.8425035,0.0,0.0,0.0,0.0,0.0,2.1985173,0.0,30.317844,0.0,12.766694,0.0,0.0,0.0,5.2025504,0.0,0.03328851715359931,0.19431279620853084,1
0.15570897,0.0,0.0,0.0,0.0,0.0,0.0,0.19546597,0.0,0.0,0.0,0.0,1.2012272,0.0,0.9572454,0.0,0.0,0.0,0.0,0.0,0.0,0.0,0.32896626,0.0,0.011037139842333113,0.2085308056872038,1
0.0,0.0,0.15331244,0.0,0.0,0.0,0.0,0.0,0.0,0.0,0.0,0.0,2.818004,0.0,0.92435956,0.0,0.0,0.0,0.0,0.0,0.0,0.0,1.4240639,0.0,0.07462541258724238,0.6066350710900474,1
0.0,0.0,0.077959895,0.036611293,0.0,0.0,0.0,0.0,0.0,0.0,0.0,0.0,0.75329226,0.18855514,0.18907715,0.0,0.0,0.0,0.0,0.0,0.0,0.0,0.0,0.50889677,0.03621858274799687,0.4597156398104265,1
1.9561137,0.0,0.0,0.0,0.0,0.2099752,0.0,0.0,0.0,0.0,0.0,0.0,2.4194198,3.3814416,2.924231,0.0,0.0,0.0,0.0,0.0,0.0,0.0,1.0250635,0.0,0.1033572787085492,0.2654028436018957,1
0.0,0.0,0.4863639,0.0,0.0,0.58702797,0.0,0.0,0.0,0.0,0.0,0.0,0.0,2.5529807,1.1135563,0.0,0.0,0.0,0.0,0.0,0.0,0.0,1.1655151,0.0,0.05863524918320989,0.2654028436018957,1
0.0,0.0,0.0,0.0,0.0,0.38382795,0.0,0.0,0.0,0.0,0.0,0.0,1.4497646,2.319896,0.8497381,0.0,0.0,0.0,0.0,0.0,0.0,0.0,1.3601656,0.0,0.011905206241388144,0.3459715639810427,1
5.849253,0.0,0.0,0.0,15.031643,9.216756,10.279194,0.0,3.4865997,0.0,0.0,0.0,5.3510528,0.0,11.163803,0.0,7.7483435,0.0,0.0,0.0,0.0,0.0,12.719609,0.0,0.16469768528687842,0.5023696682464455,1
0.0,0.0,0.9054103,0.0,0.0,0.0,2.9700043,0.0,0.0,0.0,0.0,0.0,6.368838,0.0,1.7026732,0.0,0.0,0.0,0.0,0.0,0.0,0.0,3.793246,0.0,0.014106392744915024,0.2369668246445498,1
0.0,0.0,1.2992378,0.0,4.2361846,4.3096523,3.5682693,0.0,0.0,0.0,0.49106407,0.0,1.3786302,0.0,7.934026,0.0,0.18935151,0.0,0.0,0.0,0.0,0.0,11.249978,0.0,0.2752411336132618,0.5213270142180095,1
0.0,0.4217012,0.0,0.0,1.042009,0.726712,1.0961452,0.0,0.0,0.0,0.0,0.0,1.7918998,0.0,0.0,0.0,0.22100754,0.0,0.0,0.0,0.0,0.0,0.6491409,0.0,0.074647398614915,0.30805687203791465,1
2.4635549,0.0,0.0,0.0,0.0,0.0,0.0,0.0,0.0,0.0,0.0,0.0,4.185647,0.8729149,2.6640303,0.0,0.0,0.0,0.0,0.0,0.0,0.0,0.0,0.0,0.008321674134728015,0.22274881516587677,1
3.1419888,0.0,0.0,0.0,0.9685417,0.4706808,0.9382533,0.0,0.0,0.0,0.0,0.0,2.9996529,0.0,4.5858297,0.0,0.3474707,0.0,0.0,0.0,0.0,0.0,4.085987,0.0,0.02548872894547224,0.2085308056872038,1
0.0,0.0,2.1656156,0.0,0.0,1.1913773,0.0,0.6310053,0.0,0.0,0.0,0.0,0.0,0.14845644,0.5296736,0.0,0.0,0.0,0.73399025,0.0,0.0,0.0,0.52011085,1.0738661,0.007671929185612256,0.27014218009478674,1
2.9376311,0.0,0.0,0.0,0.0,3.442893,0.0,0.0,0.0,0.0,0.0,0.0,0.0,0.59367883,5.218005,0.0,0.0,0.0,0.0,0.0,0.0,0.0,0.0,0.0,0.0131579105803247,0.34123222748815163,1
2.2553253,0.0,0.0,0.0,0.0,0.52159184,0.0,0.7505849,0.0,0.0,0.0,0.0,0.0,0.4636384,2.8213544,0.0,0.0,0.0,0.0,0.0,0.0,0.0,0.0,0.0,0.011189965227458553,0.11848341232227491,1
1.937328,0.0,0.0,0.0,19.200989,14.68575,10.424038,0.0,0.5759433,0.0,0.0,0.0,0.0,0.0,14.327565,0.0,5.9110785,0.0,0.0,0.0,0.0,0.0,19.36308,0.0,0.038321439241302116,0.37914691943127965,1
0.0,0.0,0.0,0.0,39.590706,20.528807,21.579603,0.0,9.507744,0.0,0.0,0.0,0.0,0.0,10.083688,0.0,13.449177,0.0,0.0,0.0,0.0,0.0,25.62366,0.0,0.044273990921598665,0.22748815165876782,1
0.0,0.0,0.0,0.0,9.931792,1.4217798,10.113318,0.0,0.0,0.0,0.0,0.0,4.4985137,0.0,5.7147827,0.0,8.408194,0.0,0.0,0.0,0.0,0.0,16.204706,0.0,0.04918596541919557,0.39336492890995256,1
0.17231265,0.0,0.0,0.0,44.154972,13.403554,32.288998,0.0,15.147231,0.0,0.0,0.0,0.0,0.0,4.9389534,0.0,18.803257,0.0,0.0,0.0,0.0,0.0,25.122593,0.0,0.04545943031688996,0.22274881516587677,1
0.0,0.0,0.8028157,0.0,0.0,0.0,0.0,0.0,0.0,0.0,0.0,0.0,0.0,0.91869414,0.9390186,0.0,0.0,0.0,0.0,0.0,0.0,0.0,1.3861924,0.24827491,0.009880845059396402,0.24644549763033177,1
0.0,0.0,1.2776212,0.0,9.873342,9.225577,7.3241587,0.0,3.231354,2.8699143,0.0,0.0,0.0,0.0,3.8810773,0.0,3.5373132,0.0,0.0,0.0,0.10060514,0.0,6.046754,0.0,0.8780366590579426,0.45023696682464454,1
0.0,0.0,0.6556916,0.0,0.0,1.9187392,0.0,0.0,0.0,0.0,0.0,0.7506187,0.0,0.18117815,0.7138881,0.0,0.0,0.0,1.3607074,0.0,0.0,0.0,0.8383585,1.3022631,0.021503142217672286,0.34123222748815163,1
0.0,0.0,0.0,0.0,15.051875,13.293656,6.70574,0.0,0.3752573,0.0,0.0,0.0,0.0,0.0,11.54567,0.0,1.7214923,0.0,0.0,0.0,0.0,0.0,15.249164,0.0,0.03858101966092099,0.5308056872037915,1
0.29657525,0.0,1.4443274,0.0,0.0,0.0,0.0,0.0,0.0,0.0,0.0,0.0,2.6232405,0.5339131,0.0,0.0,0.0,0.0,0.0,0.0,0.0,0.0,0.0,0.0,0.05088519776455897,0.1848341232227488,1
0.0,0.0,2.0130568,0.0,16.20398,6.3884206,9.743159,0.0,0.0,0.0,0.0,0.0,5.961966,0.0,1.3063737,0.0,3.8486266,0.0,0.0,0.0,0.0,0.0,14.508374,0.0,0.04495810023089735,0.6303317535545024,1
0.0,0.0,0.0,0.0,0.0,0.2678741,0.0,0.0,0.0,0.0,0.0,0.50923324,0.0,0.0,1.0708662,0.96094984,0.0,0.0,0.0,2.6283298,0.0,0.0,0.09440724,3.8328319,0.006887954485620575,0.47393364928909953,1
0.0,0.0,3.0048394,0.0,9.986534,8.749509,6.2697806,0.0,0.0,0.0,0.0,0.0,3.0267825,0.0,10.785873,0.0,5.7979054,0.0,0.0,0.0,0.0,0.0,15.934455,0.0,0.021291774954868115,0.2748815165876778,1
0.0,1.858022,1.1089637,2.040504,0.0,0.0,0.0,0.28014907,0.0,3.9178386,0.812973,2.0911486,0.0,0.0,0.0,0.0,0.0,0.65473336,0.0,1.0187066,0.0,1.5139614,0.0,3.2597656,0.001995724397579729,0.46445497630331756,1
2.588362,0.0,0.0,0.0,18.071768,6.4576983,16.70301,0.0,2.9934638,0.0,0.0,0.0,0.0,0.0,4.7320495,0.0,13.806595,0.0,0.0,0.0,0.0,0.0,17.769882,0.0,0.05069677975217407,0.5165876777251185,1
0.0,9.306839,0.0,0.0,66.81152,0.0,56.37201,0.0,31.344011,0.0,0.0,0.0,0.0,0.0,0.0,0.0,47.2239,0.0,12.915932,0.0,0.0,0.0,39.064693,0.0,0.12629494447919198,0.5876777251184834,1
0.0,11.280687,0.0,0.0,19.790148,0.0,24.12181,4.7199855,11.99487,0.0,0.0,0.0,9.052854,0.0,0.0,0.0,19.974617,0.0,1.0993133,0.0,0.0,0.0,9.136086,0.0,0.6387478313262736,0.8862559241706162,1
0.60170966,0.0,0.0,0.0,0.0,1.4105061,0.0,0.048172634,0.0,0.0,0.0,0.0,0.0,1.9723619,2.9740744,0.0,0.0,0.0,0.0,0.0,0.0,0.0,0.0,0.0,0.014444821025439142,0.21800947867298578,1
0.0,3.0497775,0.80363476,0.0,1.9600682,0.2744603,0.0,0.0,0.0,0.9662559,0.0,0.0,3.554482,0.0,0.0,0.0,0.0,0.0,0.0,0.4919133,0.0,0.0,0.048939772,0.63549304,0.04008467654831369,0.5118483412322276,1
0.0,0.0,0.0,0.0,22.040209,4.155488,23.363634,0.0,2.461661,0.0,0.0,0.0,3.0557103,0.0,1.1638008,0.0,9.977202,0.0,0.0,0.0,0.0,0.0,16.265722,0.0,0.034493619926872846,0.2085308056872038,1
0.0,0.0,0.0,0.0,3.5263596,2.775641,4.8855863,0.0,0.0,0.0,0.0,0.0,1.9461007,0.0,3.1093638,0.0,0.0,0.0,0.0,0.0,0.0,0.0,6.447719,0.0,0.2447548590784794,0.46445497630331756,1
0.0,0.0,1.5138988,0.0,23.861204,9.756558,1.3020443,0.0,0.0,0.0,0.0,0.0,1.4530697,0.0,4.824575,0.0,11.609412,0.0,11.476175,0.0,0.0,0.0,11.526345,0.0,0.02076198629507064,0.19905213270142183,1
0.0,0.0,0.0,0.0,33.33429,12.545642,30.98814,0.0,10.311463,0.0,0.0,0.0,0.0,0.0,7.4230933,0.0,15.521318,0.0,0.0,0.0,0.0,0.0,22.514225,0.0,0.054814785466741754,0.30805687203791465,1
4.1381717,0.0,0.0,0.0,0.0,1.5552667,0.0,0.0,0.0,0.0,0.0,0.0,1.6719425,0.0,4.1854963,0.0,0.0,0.0,0.0,0.0,0.0,0.0,0.15534067,0.0,0.004756471592571778,0.21800947867298578,1
1.1623662,0.0,0.0,0.0,0.0,0.9326993,1.9132861,0.0,0.0,0.0,0.0,0.0,4.2373886,0.0,3.5620873,0.0,0.0,0.0,0.0,0.0,0.0,0.0,1.5889926,0.0,0.016265788280942283,0.2322274881516588,1
0.0,0.0,0.57002044,0.0,0.0,0.0,0.0,1.7385237,0.0,2.337443,1.0088409,2.9096854,0.0,0.0,0.0,0.0,0.0,1.0741037,0.0,0.8476153,0.0,1.3390399,0.0,2.2621386,0.0025849243330204616,0.07109004739336491,1
2.1221611,0.0,0.0,0.0,0.0,3.5660207,0.0,0.98072785,0.0,0.0,0.0,0.0,0.0,0.0,1.053573,0.0,0.0,0.0,0.0,0.0,0.0,0.0,0.0,0.0,0.0019867693158407036,0.1279620853080569,1
0.0,0.0,1.797719,0.0,2.3962777,0.0,0.0,0.0,0.0,0.0,0.0,0.0,1.7975953,0.0,0.0,0.3502826,2.7087533,0.0,0.0,0.0,0.0,0.0,2.3093398,0.0,0.019106783909595273,0.2085308056872038,1
0.0,0.0,4.666671,0.0,12.496165,10.416589,14.112739,0.0,0.0,0.0,0.0,0.0,0.0,0.0,14.0446825,0.02127295,9.007711,0.0,4.210001,0.0,0.0,0.0,15.015525,0.0,0.7490061835534705,0.49763033175355453,1
0.0,0.6519351,0.0,0.0,10.093777,0.0,9.242775,0.0,2.9806707,0.0,0.0,0.0,3.4202082,0.0,0.0,0.0,6.6587834,0.0,0.0,0.0,0.0,0.0,7.922112,0.0,0.04301209030188842,0.2985781990521327,1
1.7128874,0.0,0.0,0.0,0.0,2.147324,0.0,0.62077117,0.0,0.0,0.0,0.0,0.0,0.0,0.6863861,0.38084483,0.0,0.0,0.0,0.0,0.0,0.9292603,0.0,0.0,0.007917956217606449,0.46445497630331756,1
1.6912804,0.0,0.5776019,0.0,2.2631671,1.5244395,0.09967169,0.0,0.0,0.0,0.0,0.0,3.5646102,0.0,1.7625252,1.841029,3.8483844,0.0,0.0,0.0,0.0,0.0,2.8120618,0.0,0.030604550734718353,0.3744075829383886,1
3.921958,0.0,0.2873175,0.0,0.0,2.8864057,0.0,0.0,0.0,0.0,0.0,0.0,0.0,5.225951,1.1523019,0.0,0.0,0.0,0.0,0.0,0.0,0.0,0.98283046,0.0,0.02494031259343856,0.37914691943127965,1
0.0,3.9694152,0.0,0.0,9.053236,0.0,0.0,0.0,6.141934,0.0,0.0,0.0,0.0,0.0,9.027668,0.0,28.31884,0.0,9.383315,0.0,0.0,0.0,0.0,0.0,0.06682984528200987,0.5308056872037915,1
0.0,0.0,0.97824657,0.0,2.3314242,5.9005804,5.966987,0.0,0.3278938,0.0,0.0,0.0,0.79822683,0.0,8.618763,0.0,1.7933035,0.0,0.0,0.0,0.0,0.0,7.859259,0.0,0.062288595050543696,0.37914691943127965,1
2.683185,0.0,0.0,0.0,0.0,0.393463,0.0,0.0,0.0,0.0,0.0,0.0,2.503662,3.0999784,2.9986143,0.0,0.0,0.0,0.0,0.0,0.0,0.0,0.7743092,0.0,0.019178263815963142,0.4549763033175356,1
0.842466,0.0,0.0,0.0,10.340072,5.830015,9.451961,0.0,2.8444111,0.0,0.0,0.0,1.0067248,0.0,1.9818392,0.0,3.7556882,0.0,0.0,0.0,0.0,0.0,5.3655868,0.0,0.04105851054059261,0.4360189573459715,1
0.0,1.2987714,0.0,0.0,27.360811,9.84954,13.691181,0.0,0.0,0.0,0.0,0.0,2.027316,0.0,0.0393265,0.0,1.7837715,0.0,0.0,0.0,0.0,0.0,14.310486,0.0,0.10816087317243182,0.34123222748815163,1
0.0,0.0,0.32492065,0.0,0.0,0.0,0.0,0.0,0.0,0.0,0.0,0.66128767,0.48746696,0.20270805,1.1901581,0.0,0.0,0.0,0.0,0.0,0.0,0.0,1.9467245,1.9157038,0.029617140130260674,0.1848341232227488,1
0.0,0.11436797,0.0,0.0,0.0,0.0,0.0,0.0,0.0,1.4215094,1.144314,3.148823,0.0,0.0,0.0,0.0,0.0,0.5734588,0.0,4.0430484,0.0,2.4070628,0.0,5.178271,0.00656813833490377,0.16113744075829387,1
6.0240684,0.0,0.0,0.0,0.0,3.4326348,0.0,0.0,0.0,0.0,0.0,0.0,0.36355564,1.9323272,4.9491725,0.31932032,0.0,0.0,0.0,0.0,0.0,0.0,0.0,0.0,0.013614524882926356,0.17535545023696683,1
1.3911005,0.0,0.0,0.0,0.0,0.0,0.0,0.0,0.0,0.0,0.0,0.0,1.3807594,0.0,1.7217336,0.0,0.0,0.0,0.0,2.1319635,0.0,0.0,0.0,1.2381243,0.00737960629513824,0.19905213270142183,1
0.0,0.0,0.0,0.0,0.0,0.0,0.0,1.9924018,0.0,0.0,0.2601868,1.4651258,0.0,0.0,0.2094372,0.0,0.0,0.0,0.0,0.0,0.0,0.0,0.0,0.0,0.007117287663382576,0.3033175355450237,1
0.0,0.0,2.0469692,0.0,0.0,1.4068913,0.0,0.0,0.0,0.0,0.0,0.0,4.7272577,0.0,0.0,0.0,0.0,0.0,0.0,0.0,0.21702994,0.0,1.2606608,0.0,0.109557408500959,0.4454976303317536,1
0.0,0.74715984,0.7430058,1.4573088,0.0,0.0,0.0,0.0,0.0,3.6745262,0.0,0.1876393,0.98907405,0.0,0.3018207,0.3990725,0.0,0.0,0.0,0.31731746,0.0,0.0,0.0,1.7617577,0.0028949225741267837,0.3696682464454977,1
0.0,0.0,3.2199533,0.0,42.79224,5.4935737,27.15797,0.0,10.5175085,0.0,0.0,0.0,1.6589313,0.0,5.1393213,0.0,31.230501,0.0,13.5675125,0.0,0.0,0.0,26.270445,0.0,0.045160273527842555,0.2890995260663507,1
0.0,0.0,3.955498,0.0,29.550762,11.656114,22.120064,0.0,11.138836,0.0,0.0,0.0,0.0,0.0,3.175241,0.0,14.868413,0.0,0.0,0.0,0.0,0.0,20.583775,0.0,0.07254082907556343,0.4597156398104265,1
0.0,0.0,1.4596237,0.0,0.0,1.4249413,0.0,0.0,0.0,0.0,0.0,0.0,0.446663,2.7065303,2.6357841,0.0,0.0,0.0,0.0,0.0,0.0,0.0,1.7632297,0.0,0.015064014667365134,0.6113744075829384,1
0.0,0.0,0.0,0.0,0.20378403,0.43730983,0.0,0.0,0.0,0.0,0.0,0.0,7.239538,0.0,0.0,0.0,3.9215107,0.0,0.7586513,0.0,0.0,0.0,0.0,0.0,0.2574539349904936,0.49763033175355453,1
4.6787877,0.0,0.0,0.0,0.0,2.1129577,0.0,0.0,0.0,0.0,0.0,0.0,0.0,2.4688542,1.5048592,0.0,0.0,0.0,0.0,0.0,0.0,0.0,0.0,0.0,0.009686380909615386,0.5402843601895735,1
0.0,0.0,0.0,0.0,12.1771555,4.3830433,15.156901,0.0,1.2743901,0.0,0.0,0.0,3.3031359,0.0,5.133505,0.0,6.0151434,0.0,0.0,0.0,0.0,0.0,13.752449,0.0,0.026103822305746757,0.2085308056872038,1
3.2897902,21.96612,0.0,0.0,105.31891,8.02517,77.67663,0.79256195,48.197235,0.0,0.0,0.0,0.0,0.0,0.0,0.0,61.871326,1.7213165,4.989313,0.0,0.0,0.0,37.909325,0.0,0.118353960666812,0.3364928909952607,1
1.5298082,0.0,0.0,0.0,9.562644,7.249258,11.141159,0.0,0.0,0.0,0.0,0.0,4.5926147,0.0,6.7113204,0.0,6.032958,0.0,0.0,0.0,0.0,0.0,12.253833,0.0,0.04126590713226724,0.5450236966824644,1
0.0,1.7065765,0.5841868,0.0,0.0,0.3171046,0.0,0.0,0.0,2.648123,0.30463076,2.5755706,0.0,0.0,0.0,0.051892094,0.0,1.0220948,0.0,0.70523834,0.0,0.0,0.86041224,1.6636372,0.021115331372070424,0.2085308056872038,1
0.0,0.0,1.2696986,0.0,0.0,0.14159401,0.0,0.0,0.0,0.0,0.0,0.0,6.904458,0.47006986,3.4280741,0.0,0.0,0.0,0.0,0.0,0.0,0.0,3.7531939,0.0,0.15664371099396743,0.4123222748815166,1
0.0,0.0,2.8065164,0.0,0.0,2.9241767,0.0,0.0,0.0,0.0,0.0,0.5868541,0.0,1.4088392,0.0,0.0,0.0,0.0,0.0,0.0,0.0,0.0,1.8031627,0.5160287,0.012775226565089535,0.8199052132701422,1
2.664034,0.0,0.27589238,1.3223301,0.0,0.0,0.0,0.13048165,0.0,0.0,0.0,0.0,0.0,1.4215877,2.4581895,0.0,0.0,0.0,0.0,0.0,0.0,0.0,0.0,0.0,0.006236798868066585,0.2796208530805687,1
0.0,0.0,1.1870852,0.0,0.0,0.75556546,0.0,0.24788849,0.0,0.0,0.0,0.0,0.5596664,2.8998034,2.6166868,0.0,0.0,0.0,0.0,0.0,0.0,0.0,0.02232588,0.0,0.23812941960090847,0.42654028436018954,1
0.0,0.0,0.0,0.0,27.924637,11.996586,21.765642,0.0,7.4994965,0.0,0.0,0.0,0.0,0.0,7.1875334,0.0,10.354858,0.0,0.0,0.0,0.0,0.0,20.213776,0.0,0.048190323112784886,0.30805687203791465,1
0.0,0.0,0.20809734,0.0,0.0,0.0,0.0,0.0,0.0,0.0,0.0,1.0577542,0.28899053,0.1830255,0.2506987,0.0,0.0,0.0,0.0,0.0,0.0,0.0,1.2026848,0.3708936,0.035689038001398145,0.26066350710900477,1
0.0,0.0,0.0,2.2983482,0.0,0.0,0.0,0.23439233,0.0,0.9529992,0.0,0.0,0.8960688,0.0,0.11925252,0.0,0.0,0.0,0.0,0.0,0.0,0.0,0.0,1.1665869,0.014251172755556648,0.2890995260663507,1
0.0,0.0,1.3225567,0.0,1.9676359,0.27875957,3.4692934,0.0,0.0,0.0,0.0,0.0,1.6819818,0.0,3.1541193,0.0,6.5228524,0.0,0.23268297,0.0,0.0,0.0,6.5072303,0.0,0.13787494488148688,0.22274881516587677,1
0.0,0.0,0.0,0.0,1.3686565,0.0,2.3375933,0.0,0.0,0.0,0.0,0.0,4.123793,0.5505668,5.2172413,0.0,4.405411,0.0,0.0,0.0,0.0,0.0,7.864474,0.0,0.044726113666096905,0.2985781990521327,1
2.5303664,0.0,0.0,0.0,0.0,2.0289373,0.8736583,0.0,0.0,0.0,0.0,0.0,0.0,0.0,2.622734,0.0,0.0,0.0,0.0,0.0,0.0,0.0,3.8571625,0.0,0.014762969644792566,0.2132701421800948,1
0.09011116,0.0,0.0,0.0,24.841772,12.924034,19.99661,0.0,8.925486,0.0,0.0,0.0,0.0,0.0,8.346817,0.0,14.400408,0.0,0.0,0.0,0.0,0.0,19.348738,0.0,0.29677065855459966,0.5118483412322276,1
3.0804033,0.0,0.0,0.0,0.0,4.1897464,0.0,1.1120313,0.0,0.0,0.0,0.0,0.0,2.187338,2.37085,0.0,0.0,0.0,0.0,0.0,0.0,0.0,0.0,0.0,0.022366106379592292,0.2559241706161137,1
0.0,0.9161835,0.0,0.0,0.0,0.57530886,0.0,0.0,0.0,0.94174683,1.0709268,1.774975,0.0,0.0,0.0,0.0,0.0,0.0,0.0,0.3324134,0.0,0.5008737,0.67358285,1.0814794,0.005902342204412191,0.3459715639810427,1
0.38227168,0.0,0.642941,0.0,0.0,2.1575184,0.0,0.0,0.0,0.0,0.0,0.0,0.0,0.0,0.21069156,0.0,0.0,0.0,0.0,0.0,0.0,0.0,0.6984969,0.0,0.012050684292180166,0.35545023696682465,1
0.23005375,0.0,1.3784548,0.0,0.0,0.078165606,0.0,0.0,0.0,0.0,0.0,0.0,1.503002,1.3676473,1.2968597,0.0,0.0,0.0,0.0,0.0,0.0,0.0,4.20309,0.0,0.025405593963676712,0.3601895734597157,1
0.0,0.0,0.0,0.0,4.4626093,1.3762196,12.57866,0.0,0.0,0.0,0.0,0.0,5.4606414,0.0,2.7057655,0.0,4.126608,0.0,0.0,0.0,0.0,0.0,11.529641,0.0,0.11874191843584843,0.42654028436018954,1
0.0,0.0,0.0,0.0,0.0,0.0,0.0,0.020622056,0.0,0.0,0.0,0.0,0.0,0.0,1.4260608,0.0,0.0,0.0,0.5235984,0.24551551,0.0,0.0,0.84807146,2.6745586,0.03275238355043346,0.4218009478672986,1
6.588257,0.0,0.0,0.0,18.794722,17.704107,13.788158,0.0,8.195231,1.4976376,0.0,0.0,0.0,0.0,19.481073,0.0,0.31391042,0.0,0.0,0.0,0.0,0.0,13.146883,0.0,0.026387034354039225,0.5734597156398105,1
0.0,11.375211,0.0,0.0,19.806154,0.0,14.117353,0.0,16.705048,0.0,0.0,0.0,5.6118264,0.0,0.0,0.0,20.447098,0.0,0.0,0.0,0.0,0.0,4.7862735,0.0,0.4831614747079985,0.6303317535545024,1
3.600054,0.0,0.0,0.0,8.549802,7.5242887,3.1838608,0.0,0.0,0.0,0.0,0.0,1.6467786,0.0,7.353356,0.0,0.49551243,0.0,0.0,0.0,0.0,0.0,9.924559,0.0,0.06069285332436001,0.2985781990521327,1
19.311766,8.530668,0.0,0.0,78.80953,2.9183702,51.611786,2.3816843,42.091393,0.0,0.0,0.0,0.19246243,0.0,9.617453,0.0,63.641094,9.515317,22.037035,0.0,0.0,0.0,47.296852,0.0,0.1505155646161982,0.4834123222748815,1
