0,1,2,3,4,5,6,7,8,9,10,11,12,13,14,15,class
0.0,0.0,1.3350573,0.0,0.0,0.0,2.0924988,0.0,0.0,0.0,0.0,0.0,0.28451726,0.43667725,3.5566008,0.0,0
0.0,0.0,0.0,5.546427,0.0,0.0,0.0,0.0,0.0,0.0,0.0,0.0,0.0,2.0681462,2.1593077,0.0,0
0.0,0.0,0.0,0.79311806,0.0,0.0,0.0,0.0,0.0,0.0,0.0,0.0,0.0,3.6566186,1.9707911,0.0,0
0.15490529,0.0,1.9349356,0.0,0.0,0.0,0.0,0.0,0.0,0.0,0.0,0.0,5.6590343,3.7684314,0.1132836,0.0,0
0.0,0.0,0.0,6.4590387,0.0,0.0,0.0,0.0,0.0,0.0,0.0,0.0,0.0,1.9970735,0.84574836,0.0,0
0.902394,0.0,2.5556042,0.0,0.0,0.0,0.40580782,0.0,0.0,0.0,0.0,0.0,2.9866946,1.5696189,1.9186243,0.0,0
0.0,0.0,0.0,0.9957637,0.0,0.0,0.0,0.0,0.0,0.0,0.0,0.0,0.0,0.6922031,4.63636,0.0,0
0.0,0.0,0.0,15.285211,0.0,0.0,0.0,0.0,0.0,0.0,0.0,0.0,0.0,7.1893654,0.6373853,0.0,0
0.0,0.0,1.3447224,0.0,0.0,0.0,0.11038575,0.0,0.0,0.0,0.0,0.0,3.6599221,1.2256701,2.2614164,0.0,0
0.0,0.0,0.0,16.359507,0.0,0.0,0.0,0.0,0.0,0.0,0.0,0.0,0.0,8.816697,1.4678395,0.0,0
0.0,0.25879344,0.0,4.3496637,0.0,0.0,0.0,0.0,0.0,0.0,0.0,0.0,0.0,0.74683756,2.1162407,0.0,0
0.0,0.0,0.0,5.5855885,0.0,0.0,0.0,0.7905571,0.0,0.0,0.0,0.0,0.0,2.201788,1.5736443,0.0,0
0.0,0.0,3.0565987,0.0,0.0,0.0,0.6909057,0.0,0.0,0.0,0.0,0.0,1.8404337,0.0,0.31458223,0.0,0
0.0,0.0,5.239997,0.0,0.0,0.0,1.3363819,0.0,0.0,0.0,0.0,0.0,4.438482,0.0,1.7142678,0.0,0
0.0,0.0,0.0,3.2530017,0.0,0.0,0.0,0.0,0.0,0.0,0.0,0.0,0.0,3.8820148,2.2565682,0.0,0
0.0,0.0,0.0,1.6015638,0.0,0.0,2.8740056,0.0,0.0,0.0,0.0,0.0,2.9702222,0.18587153,2.689899,0.0,0
0.0,0.0,0.74215835,0.0,0.0,0.0,0.45489588,0.0,0.0,0.0,0.0,0.0,2.0448372,1.3836616,1.1305369,0.0,0
0.30169222,0.0,1.0356236,0.0,0.0,0.0,0.8093798,0.0,0.0,0.0,0.0,0.0,1.5703772,1.5009222,2.0944934,0.0,0
0.0,0.0,5.409841,0.0,0.0,0.0,1.5776092,0.0,0.0,0.0,0.0,0.0,7.3959613,2.104983,1.7601647,0.0,0
0.0,0.0,0.0,0.0,0.0,0.0,0.0,0.0,0.0,0.0,0.0,0.0,0.24744359,4.165519,1.7015972,0.0,0
0.5516855,0.0,0.0,0.0,0.0,0.0,0.0,0.0,0.0,0.0,0.0,0.0,0.65507156,4.5418515,0.050816376,0.0,0
0.0,0.0,0.6146963,0.0,0.0,0.0,0.0,0.0,0.0,0.0,0.0,0.0,0.65684617,0.0,1.8348972,0.0,0
0.0,1.277253,1.4461632,1.183924,0.0,0.0,3.7400281,0.0,0.0,0.0,0.0,0.0,0.63149035,0.17158125,1.5270622,0.0,0
0.0,0.0,2.1722794,0.0,0.0,0.0,0.0,0.0,0.0,0.0,0.0,0.0,1.4461628,0.0,1.2793727,0.0,0
0.0,0.3572236,0.7229792,0.0,0.0,0.0,0.0,0.0,0.0,0.0,0.0,0.0,4.4944735,4.1523495,4.0680714,0.0,0
0.0,0.0,0.0,2.3672159,0.0,0.0,0.32795367,0.0,0.0,0.0,0.0,0.0,0.21596345,0.45792452,2.1212204,0.0,0
0.0,0.18112002,4.195705,0.0,0.0,0.0,0.774542,0.0,0.0,0.0,0.0,0.0,0.24708328,0.0,1.4314816,0.0,0
0.0,0.0,0.0,9.984554,0.0,0.0,0.0,0.0,0.0,0.0,0.0,0.0,0.0,0.31178275,0.7959598,0.0,0
0.0,0.0,4.0634575,0.0,0.0,0.0,4.456851,0.0,0.0,0.0,0.0,0.0,4.341166,0.72395235,0.0,0.0,0
0.0,0.605825,2.2645354,0.0,0.0,0.0,0.96916664,0.0,0.0,0.0,0.0,0.0,3.027064,1.8735529,3.0560403,0.0,0
0.73093146,0.0,2.8406448,0.0,0.0,0.0,0.0,0.0,0.0,0.0,0.0,0.0,3.3213778,2.8889306,0.5608373,0.0,0
0.0,1.2214035,4.3673368,0.0,0.0,0.0,0.5219014,0.0,0.0,0.0,0.0,0.0,2.872321,0.58646494,2.9683843,0.0,0
0.0,0.0,0.0,16.147598,0.0,0.0,0.0,0.0,0.0,0.0,0.0,0.0,0.0,5.9315434,2.0395372,0.0,0
0.0,0.0,5.090636,0.0,0.0,0.0,1.1270236,0.0,0.0,0.0,0.0,0.0,6.0938716,0.75152975,2.4486725,0.0,0
0.0,0.0,0.0,5.1843476,0.0,0.0,0.0,0.0,0.0,0.0,0.0,0.0,0.0,6.5277295,0.0933195,0.0,0
0.12720224,0.0,0.38196224,0.0,0.0,0.0,0.44954738,0.0,0.0,0.0,0.0,0.0,3.2057147,2.384581,1.6273922,0.0,0
0.0,0.0,2.0622387,0.0,0.0,0.0,0.0,0.0,0.0,0.0,0.0,0.0,1.5325863,0.5135123,2.7100914,0.0,0
0.72453517,0.0,0.0,0.0,0.0,0.0,0.0,0.0,0.0,0.0,0.0,0.0,2.1409757,2.5459728,0.0,0.0,0
0.2502682,0.0,3.7901266,0.0,0.0,0.0,1.269298,0.0,0.0,0.0,0.0,0.26187986,3.908826,1.5596812,0.8128127,0.0,0
0.0,0.0,2.739337,0.0,0.0,0.0,1.5809065,0.0,0.0,0.0,0.0,0.0,1.6795381,0.0,2.4114897,0.0,0
0.0,0.0,5.5439215,0.0,0.0,0.0,1.4660498,0.0,0.0,0.0,0.0,0.0,4.1121736,0.18302129,0.8155018,0.0,0
0.0,0.0,0.0,16.784012,0.0,0.0,0.0,0.0,0.0,0.0,0.0,0.0,0.0,7.6491885,1.8785124,0.0,0
0.0,0.0,3.4703152,0.0,0.0,0.0,3.3359752,0.0,0.0,0.0,0.0,0.0,2.0828328,0.0,0.10380598,0.0,0
0.0,0.0,0.0,4.601598,0.0,0.0,0.0,0.0,0.0,0.0,0.0,0.0,0.0,5.7801933,0.95632714,0.0,0
0.0,0.7866781,2.0278726,0.0,0.0,0.0,0.0,0.0,0.0,0.0,0.0,0.0,0.0,4.2415104,6.4861765,0.0,0
0.0,0.0,2.6335099,0.0,0.0,0.0,0.0,0.0,0.0,0.0,0.0,0.0,1.2719522,1.1705616,1.0919374,0.0,0
0.0,0.0,1.4038241,0.0,0.0,0.0,0.737242,0.0,0.0,0.0,0.0,0.0,2.562962,1.1675193,1.2739663,0.0,0
0.0,0.0,2.2375536,0.0,0.0,0.0,1.3177373,0.0,0.0,0.0,0.0,0.0,1.3602741,0.13397871,3.7561984,0.0,0
0.0,0.0,0.0,5.8021784,0.0,0.0,0.0,0.0,0.0,0.0,0.0,0.0,0.0,2.3432953,3.4010847,0.0,0
0.7657394,0.0,5.188367,0.0,0.0,0.0,1.5628669,0.0,0.0,0.0,0.0,0.030222923,3.8755913,0.8653316,2.6284187,0.0,0
0.0,0.0,0.0,16.624367,0.0,0.0,0.0,3.2596796,0.16981378,0.0,0.10471852,0.0,0.0,6.3224564,3.1509137,0.0,0
0.1332514,0.677176,7.1696043,0.0,0.0,0.0,3.376966,0.0,0.0,0.0,0.0,0.0,2.5692835,0.0,1.9728587,0.0,0
0.0,0.47614786,4.41968,0.0,0.0,0.0,2.7287464,0.0,0.0,0.0,0.0,0.19003633,2.5202,0.0,0.38028046,0.0,0
0.0,0.0,2.519017,0.0,0.0,0.0,1.9990722,0.0,0.0,0.0,0.0,0.0,0.6840287,1.0576514,1.8194718,0.0,0
0.0,0.0,0.0,11.20902,0.0,0.0,0.0,0.0,0.0,0.0,0.0,0.0,0.0,5.717451,0.0,0.0,0
0.0,0.0,3.6418417,0.0,0.0,0.0,0.0,0.0,0.0,0.0,0.0,0.0,4.8283873,1.4924877,0.8687856,0.0,0
0.0,0.0,0.0,4.91231,0.0,0.0,0.0,0.0,0.0,0.0,0.0,0.0,0.0,3.3632426,2.4953,0.0,0
0.0,1.0244979,4.159285,0.0,0.0,0.0,1.9754027,0.0,0.0,0.0,0.0,0.0,3.5429485,1.0774053,4.102693,0.0,0
0.0,0.0,0.0,6.371886,0.0,0.0,0.0,0.0,0.0,0.0,0.0,0.0,0.0,2.5044758,0.0,0.0,0
0.0,0.0,0.0,2.1940525,0.0,0.0,0.0,0.0,0.0,0.0,0.0,0.0,0.11965702,2.6060455,3.0765042,0.0,0
0.0,0.0,0.0,6.6035104,0.0,0.0,0.0,0.0,0.0,0.0,0.0,0.0,0.0,5.8346024,7.020044,0.0,0
0.0,1.9702109,0.0,1.9862895,0.0,0.0,0.0,0.0,0.0,0.0,0.0,0.0,1.1269565,5.291623,2.7212179,0.0,0
0.0,0.0,0.0,6.776947,0.0,0.0,0.0,3.0226743,0.0,0.0,0.0,0.0,0.0,5.1532354,4.3400187,0.0,1
0.0,0.0,0.0,9.561165,0.0,0.0,0.0,0.0,0.0,0.0,0.0,0.0,0.0,5.2603416,2.0277443,0.0,1
0.0,0.0,0.0,7.6509714,0.0,0.0,0.0,4.542547,4.4324284,0.0,0.0,0.0,0.0,6.6942306,9.538788,0.0,1
0.0,0.0,0.0,14.983671,11.203077,1.6496644,0.0,7.7765875,0.34899798,0.0,0.08193906,0.0,0.0,4.695945,0.0,0.0,1
0.0,0.0,0.0,7.390613,0.0,0.0,0.0,0.0,0.0,0.0,0.0,0.0,0.0,3.845525,0.76342946,0.0,1
0.0,0.0,0.0,3.154265,0.0,0.0,0.0,0.0,0.0,0.0,0.0,0.0,0.0,2.102532,4.4271994,0.0,1
0.0,0.0,0.0,12.336316,0.0,0.0,0.0,0.0,0.0,0.0,0.0,0.0,0.0,7.157536,4.6984625,0.0,1
0.0,0.0,0.0,7.4836016,0.0,0.0,0.0,0.0,0.0,0.0,0.0,0.0,0.0,4.6883574,5.6226864,0.0,1
0.0,0.0,0.0,16.414593,0.0,0.0,0.0,4.374175,0.0,0.75930333,0.0,0.0,0.0,2.7182598,3.957084,0.0,1
0.0,0.21324496,2.5828872,0.0,0.0,0.0,0.0,0.0,0.0,0.0,0.0,0.0,0.9023872,0.28062662,2.3013778,0.0,1
0.0,0.0,0.0,18.297853,0.8027016,0.0,0.0,22.32877,24.823853,0.0,8.533933,0.0,0.0,19.376633,14.945522,0.0,1
0.0,0.0,0.0,6.17237,0.0,0.0,0.0,0.0,0.0,0.0,0.0,0.0,0.0,4.929608,4.936657,0.0,1
0.0,0.0,0.0,15.652834,2.562879,0.0,0.0,16.267298,10.722832,0.0,0.8264163,0.0,0.0,7.747257,9.312664,0.0,1
0.0,0.0,0.0,14.995024,0.0,0.0,0.0,5.643812,12.995407,0.0,2.869385,0.0,0.0,10.821245,7.925896,0.0,1
0.0,0.0,0.0,19.641855,0.61318433,0.0,0.0,7.2877,22.625887,0.0,7.3199244,0.0,0.0,13.196042,24.852268,0.0,1
0.0,0.0,0.0,13.314273,0.0,0.0,0.0,3.665718,4.798054,0.0,1.349726,0.0,0.0,6.9641953,6.813718,0.0,1
0.0,0.0,0.0,7.999608,12.678731,0.0,2.2214017,1.2679949,3.0506055,0.0,4.894814,0.0,0.0,0.39141014,4.1365275,0.0,1
0.0,0.0,0.0,11.296961,0.0,0.0,0.0,2.8227227,4.711549,0.0,1.0855852,0.0,0.0,13.40004,9.4563875,0.0,1
0.0,0.0,0.28419423,0.0,0.0,0.0,2.3920007,0.0,0.0,0.0,0.0,0.0,0.8608334,0.0,0.0,0.0,1
0.0,0.0,0.0,16.148975,3.5257993,0.0,0.0,11.744308,5.947138,0.0,0.0,0.0,0.0,7.1849704,8.628602,0.0,1
0.0,0.0,0.0,12.144421,0.0,0.0,0.0,0.8591814,4.990032,0.0,3.1783764,0.0,0.0,4.2171087,8.227775,0.0,1
0.0,0.0,0.0,27.02275,2.3539891,0.0,0.0,6.127645,6.3236265,0.0,0.0,0.0,0.0,8.700857,7.7012825,0.0,1
0.0,0.0,0.0,15.432347,4.5238023,0.0,0.0,8.28628,6.9146338,0.0,0.0,0.0,0.0,1.9678597,9.59024,0.0,1
0.0,0.0,0.0,16.061255,0.0,0.0,0.0,0.0,0.37227586,0.0,3.1661854,0.0,0.0,2.579947,0.2482012,0.0,1
0.0,0.0,0.0,5.0882745,0.0,0.0,0.0,0.0,0.0,0.0,0.0,0.0,0.0,0.9849208,3.4886599,0.0,1
0.0,0.0,0.0,19.051195,0.0,0.0,0.0,6.335387,1.5028824,0.0,0.40156862,0.0,0.0,3.265409,5.9157486,0.0,1
0.0,1.0726043,0.0,3.8585162,0.0,0.0,0.0,0.0,0.0,0.0,0.0,0.0,0.0,1.2709124,4.410761,0.0,1
0.0,4.3371797,2.247977,0.0,4.894698,0.0,0.0,0.0,2.382521,0.10424857,0.3517624,0.0,3.0731483,0.0,0.0,0.0,0
0.0,1.7819445,0.65945214,0.0,1.8782009,1.0880587,0.19171876,0.0,2.1583014,0.0,0.11482078,2.1649537,3.0728283,3.318052,0.0,0.33292854,0
0.0,0.0,0.0,1.0704197,0.0,0.0,1.6578515,6.43087,0.0,0.0,0.0,0.0,0.0,16.01613,6.8132935,23.143219,0
4.2084846,1.1015296,0.27178803,0.7338875,1.2016845,0.0,0.0,0.0,3.1507215,0.37526098,0.0,0.0,0.6269512,2.0599546,0.0,0.0,0
0.0,1.9160106,0.0,0.0,0.0,0.0,0.91601163,0.0,0.0,0.0,0.0,0.0,1.8512667,3.2961397,4.9254894,0.82324076,0
0.0,0.8292337,1.4321209,0.0,0.70391774,0.0,0.0,0.23322317,2.6625397,0.0,0.0,1.0447248,2.1118119,0.27963004,0.0,0.0,0
2.0548377,2.2267673,2.0899737,1.1873696,1.6596617,0.0,0.0,0.4191114,4.4553704,0.0,0.6329907,0.0,0.84023225,0.3113778,0.0,0.0,0
0.0,1.9435962,0.0,0.0,3.6024563,0.0,0.0,0.0,0.0,0.0,0.0,0.95793605,1.9474834,0.22849195,1.1517003,0.0,0
2.4434376,2.2037656,0.7776532,0.37746558,3.6650357,0.9867672,0.0,0.0,2.488914,0.14238481,0.047983944,0.0,1.2458344,0.41128704,0.0,0.0,0
0.0,1.3520113,0.0,0.0,3.97396,0.0,0.0,0.0,2.2102761,1.1887408,0.0,1.1475241,1.9091592,0.7460274,0.0,0.0,0
2.5761907,4.5035768,3.6546385,1.3135613,2.2564666,0.3262361,0.0,0.15543976,4.6759615,0.57357675,0.04456377,0.0,2.6338108,0.0,0.0,0.0,0
0.627263,0.0,0.0,0.0,0.42040604,0.0,0.0,0.0,1.3234528,0.0,0.0,0.0,0.0,1.2870438,2.0546184,0.0,0
0.11982581,1.9336456,0.36805603,0.0,0.3572735,1.9024386,1.4578056,1.766008,3.1189618,0.0,1.1387781,0.0,1.0476058,1.6026396,0.0,0.0,0
2.1996782,4.682998,2.3503208,0.0,4.2350383,0.15548165,0.0,0.0,3.2135746,0.476994,0.68963295,0.0,2.3041801,0.0,0.0,0.0,0
1.1023353,0.57462084,0.0,0.0,0.30718994,0.0,0.0,0.0,0.0,0.0,0.0,0.0,0.059640866,2.6026483,4.6160226,0.6434148,0
0.0,2.5520937,0.059272997,0.48676142,0.5764705,0.25870278,0.87300634,0.34525296,2.0518157,0.08644478,0.0,0.0,2.701363,3.9440877,0.0,0.0,0
0.9537357,2.0781434,0.0,0.0,0.0,0.0,0.49300048,0.0,1.4711281,0.0,0.6481328,0.0,0.13722335,2.3322973,0.0,0.23688447,0
2.8752506,2.9968545,2.2985835,1.2058396,0.0,0.0,0.39911643,1.1664267,3.6322985,1.9406211,0.0,2.033258,0.8463439,1.9972305,0.0,0.0,0
1.2848219,7.1826353,4.5875926,0.06936988,4.1387353,0.0,0.0,0.0014011491,6.910809,0.0,0.708336,0.0,3.854879,0.29954472,0.0,0.0,0
4.856873,3.9557815,3.9755986,0.0,5.115231,1.9533474,0.0,0.0,5.225459,0.028771086,0.4137799,0.0,1.6832652,0.0,0.0,0.0,0
1.9251044,2.2139208,0.0,0.0,1.3907627,0.0,0.38040352,0.0,1.7689312,0.0,0.0,0.0,0.0,1.5279206,0.0,0.0,0
0.0,6.231603,4.302297,0.0,5.5344877,0.0,0.0,0.0,3.4913564,0.0,0.29336828,1.8290305,3.2391505,0.0,0.0,0.0,0
1.3059253,4.701926,0.4194604,0.1486294,4.0797477,0.0,0.0,0.0,3.421091,0.50930804,0.0,0.32901365,2.1372929,4.088469,0.0,1.0885721,0
3.51132,2.2957604,1.0463413,1.122693,3.244711,0.53193045,0.026466308,0.0,2.4443476,0.5166671,0.0,0.0,0.9571387,0.0,0.0,0.0,0
2.388618,0.0,0.0,0.0,0.9330141,0.0,0.0,0.0,1.0286788,0.0,0.0,0.0,0.0,1.4022007,1.9386452,0.0,0
2.9070835,2.0369818,0.29090735,0.0,1.5475807,0.0,0.0,0.0,1.9938489,0.0,0.0,0.0,0.82700455,0.8866489,0.0,0.0,0
0.0,2.112089,0.67612183,0.0,2.169034,0.0,0.5750986,0.0,1.4146678,0.0,0.0,1.6188723,2.4015343,2.2663639,0.0,0.20969751,0
0.08416703,2.2863076,1.2375344,0.06498632,0.33095822,0.0,0.4022179,0.45708534,2.8751314,0.3315134,0.0,0.7145077,1.2121181,0.15464227,0.0,0.0,0
0.8244163,0.6379457,0.0,0.0,3.7555332,0.0,0.0,0.0,0.0,0.8083488,0.0,0.07963082,1.7731173,0.0,0.0,0.17839253,0
1.0299071,0.31911683,0.014920502,0.9401685,0.14226685,0.0,0.0,0.09877186,1.1162313,0.0,0.5949795,0.0,0.7464949,0.47815526,0.0,0.0,0
1.99036,1.886044,0.4497349,0.6030465,3.3235083,0.9033959,0.0,0.0,2.1053138,0.0,0.42447764,0.0,1.0206914,0.0,0.0,0.0,0
2.8124301,1.1573043,0.0,0.9149879,3.1795611,0.6417735,0.0,0.0,0.52945185,0.0,0.0,0.0,0.11666841,1.0979404,0.0,0.09375268,0
3.15398,0.0,0.0,0.0,0.16899408,0.0,0.0,0.0,0.0,0.0,0.38869238,0.0,0.0,1.3749317,2.7093108,0.3315603,0
1.8131129,2.2163804,0.0,0.0,1.0013856,0.0,0.0,0.0,0.9676281,0.0,0.489888,0.0,0.23882511,3.0077434,2.5061743,1.5930952,0
0.12923929,3.9474938,1.9712511,0.0,2.546824,0.0,0.0,0.0,2.2250628,0.0,0.7034706,0.65982074,2.9019833,0.8199303,0.0,0.0,0
0.0,0.694493,0.0,0.0,0.08912639,0.34192634,0.0,1.2337875,0.7705271,0.0,0.30433887,0.0,0.0,1.5320543,0.102561004,0.23402017,0
0.31991574,0.38865894,0.0,0.0,3.7200904,0.0,0.0,0.0,3.357266,0.36691204,0.0,0.0,1.2170916,2.7571144,0.0,0.0,0
1.9116925,1.1976377,0.0,0.46290293,1.9816324,0.0,0.0,0.0,0.9578259,0.0,0.0,0.0,0.0,0.6310157,0.0,0.0,0
0.0,2.490711,2.3577538,0.0,1.6002963,0.0,0.0,0.0,3.6643581,0.0,0.0,0.5892163,2.6997647,0.0,0.0,0.0,0
0.0,5.1026998,0.0,0.0,1.5162246,0.0,0.0,0.0,2.9301553,0.0,0.0,0.0,1.7692094,4.438749,2.3086917,0.0,0
0.45905447,1.4969676,0.0,0.0,2.622312,1.3532796,0.0,0.0,2.4184618,0.0,0.34503233,0.016327694,0.0,2.2476697,0.0,0.0,0
1.4228624,4.3917704,2.023408,0.3084933,4.7100945,0.14771642,0.0,0.0,2.0770383,0.22901998,0.8068941,0.06956382,2.8626122,1.9671704,0.0,0.0,0
0.0,4.5790706,3.1162229,0.0,2.211553,0.0,0.12555215,0.0,2.4369624,1.119507,0.0,1.3964007,2.3747125,0.5565359,0.0,0.0,0
0.0,0.0,0.0,0.0,0.0,0.0,0.0,1.4092466,0.0,0.0,0.0,0.0,0.0,2.667551,3.2028053,0.7511026,0
1.7285876,0.0,0.0,0.009646385,0.0,1.0681552,0.0,0.10642835,0.0,0.0,1.1004127,0.4496736,0.5491289,4.0214963,0.0,0.34998098,0
1.6538303,0.1484472,0.0,0.0,1.81627,0.0,0.0,0.0,0.9619885,0.0,0.0,0.0,0.0,2.611669,2.6736584,0.0,0
1.1689754,4.9697227,4.0733285,0.0,4.8650966,0.0,0.0,0.0,4.900692,0.43085995,0.0,0.24521883,2.704086,0.0,0.0,0.0,0
0.021879528,4.851553,2.7676296,0.0,3.9907577,0.0,0.0,0.0,3.830155,0.11914061,0.0,0.3036034,2.0446181,0.0,0.0,0.0,0
8.664663,0.0,0.0,0.0,0.0,0.0,0.0,6.6164665,0.0,0.0,0.0,0.0,0.0,7.595059,1.7467862,9.57783,0
0.0,3.777012,3.3114092,0.0,1.4583952,0.0,0.0,0.63782144,3.943889,0.0,0.6781155,0.84831655,2.6137836,0.0,0.0,0.0,0
2.6361787,3.7348359,2.784438,1.0420243,5.1881347,0.5783846,0.0,0.0,4.8692174,0.0,0.40583012,0.0,2.9159904,0.0,0.0,0.0,0
1.3544757,1.8515164,2.0762136,0.8599121,0.6074519,0.0,0.028142897,0.6279519,2.1454191,0.26086226,0.11344507,0.17265068,1.4446507,0.0,0.0,0.0,0
0.0,4.1854515,1.5690384,0.0,3.3985255,0.0,0.0,0.0,1.6629893,0.79631484,0.0,1.7560453,2.140044,0.39873257,0.0,0.0,0
0.0,1.3424951,0.0,0.0,4.7586503,0.0,0.0,0.0,0.0,1.0515547,0.27726877,2.4665287,3.9669142,0.3465595,0.0,0.0,0
0.5639675,3.3381603,0.0,0.0,0.0,0.0,0.19245452,0.15352523,0.9217675,0.0,2.024686,0.37463033,0.88419265,4.0542207,0.12953009,1.8096505,0
0.0,3.0252376,0.0,0.0,2.311981,0.0,0.5986427,0.0,2.0929682,0.0,0.0,0.0,0.75514257,3.6183798,2.3331928,0.5487071,0
2.588611,2.663129,1.6648136,1.1661466,2.6100714,0.11215867,0.0,0.0,2.9570827,0.6679577,1.1218985,0.0,1.9197901,0.0,0.0,0.0,0
0.0,2.693524,3.410076,0.0,5.4180083,0.0,0.0,0.0,4.0608788,0.0,0.0,0.60511035,3.2785025,0.0,0.0,0.0,0
0.41040713,2.8987103,3.5093107,0.9649449,2.7977853,0.10441418,0.0,0.958474,4.3354864,0.0,0.39842656,1.206697,3.1525302,0.0,0.0,0.0,0
1.8744445,1.8174007,0.8803498,1.3400997,2.8845272,0.0,0.0,0.0,1.9088832,0.0,1.3461632,0.0,1.9260482,0.0,0.0,0.0,0
3.973086,1.5810306,0.55153126,1.239135,4.333587,0.55974567,0.0,0.0,2.3596103,0.0382785,0.54603887,0.0,2.4035497,0.0,0.0,0.0,0
1.6282455,0.7390932,0.0,0.0,0.3720213,0.0,0.0,0.0,0.5672649,0.0,0.0,0.0,0.0,0.0,0.6934854,0.0,0
0.0,0.0,0.0,6.639222,0.0,13.3509,0.0,35.141857,0.0,0.0,0.0,0.0,0.0,40.3755,6.2826066,65.57212,1
1.5744613,2.2229476,0.0,0.0,0.08104135,0.0,0.0,0.0,0.22881559,0.0,0.29980192,0.0,0.0,3.4938447,1.5337745,2.8596706,1
0.0,2.7956216,0.0,0.0,0.0,0.0,2.5944805,0.0,0.0,0.0,0.0,0.0,1.6260024,5.8807244,9.519581,2.941,1
0.0,3.6141484,0.0,0.0,1.2562965,0.0,2.6260297,0.0,2.7235668,0.0,0.0,1.3429663,1.5226688,5.551782,2.6212485,0.89910287,1
2.1884663,0.0,0.0,0.0,0.80580556,0.0,0.0,0.0,1.3328775,0.0,0.0,0.0,0.0,1.2427325,1.3330663,0.0,1
0.0,2.4380307,0.0,0.0,0.29085222,0.0,2.4630322,0.40511134,2.7972562,0.0,0.0,1.1125695,2.0902932,7.5741735,4.737832,0.0,1
0.0,0.0,0.0,0.0,0.0,0.0,0.0,0.0,0.0,0.0,0.0,0.0,0.0,11.486648,11.045528,13.876081,1
6.0749555,0.78521943,1.4055094,0.0,0.0,0.0,0.0,0.0,5.3304443,0.0,2.6429918,0.0,0.0,0.0,0.0,0.0,1
1.9427251,0.11598843,0.0,0.0,1.4341424,0.0,0.0,0.0,1.9380523,0.0,0.0,0.0,0.0,0.62278605,0.76754236,0.0,1
0.0,0.0,0.0,0.0,0.0,0.0,3.8214417,0.0,0.0,0.0,0.0,0.0,0.93891907,12.285773,12.623229,5.0980754,1
9.212359,0.0,0.0,0.0,0.0,0.0,0.0,3.8886368,4.2007246,0.0,0.0,0.0,0.0,4.7463703,0.04765714,0.6725842,1
1.5440475,0.50121844,0.0,0.0,0.6756387,0.0,0.0,0.0,0.15623322,0.0,0.0,0.0,0.0,0.8226267,1.3840249,0.0,1
0.0,2.3297613,0.38937798,0.0,0.0,0.0,0.0,0.0,1.2344699,0.0,0.580381,1.0485028,1.2991023,5.9784102,0.0,0.23531991,1
0.47947577,2.3187513,0.0,0.0,0.96582955,0.0,0.33322644,0.0,1.378111,0.0,0.11775171,0.0,0.6052492,2.5486689,1.1103815,1.0465312,1
1.7935625,0.0,0.0,0.0,0.010930974,0.0,0.0,0.0,0.45381838,0.0,0.118023746,0.0,0.0,1.4790982,1.7472354,0.0,1
0.8023403,0.47906864,0.0,0.0,0.04038151,0.0,0.0,0.0,0.0,0.0,0.0,0.0,0.0,0.78141737,1.1262047,0.958313,1
0.0,1.5736585,0.0,0.0,0.7602577,0.0,0.17882547,0.0,0.0,0.0,0.0,0.0,0.0,1.7765807,5.6479425,0.0,1
2.1240065,0.800984,0.0,0.0,0.0,0.0,0.0,0.0,0.0,0.0,0.0,0.0,0.0,5.0301747,4.6916294,1.1063391,1
0.0,0.0,0.0,0.5124348,0.0,0.0,0.0,1.7780359,0.0,0.0,0.0,0.0,0.0,10.572904,7.6124725,14.202476,1
3.6379578,0.0,0.0,0.0,0.0,0.0,0.0,0.0,0.0,0.0,0.0,0.0,0.0,7.0845323,0.26083243,6.4761057,1
4.28863,0.0,0.0,0.0,0.0,0.0,0.0,0.0,0.0,0.0,0.0,0.0,0.0,7.275191,2.751096,7.4714985,1
0.007454786,0.0,0.0,0.0,0.0,0.0,0.0,0.0,0.07643592,0.0,0.0,0.0,0.0,5.8334045,2.3529463,0.792377,1
7.2863965,0.0,0.0,0.0,0.0,0.0,0.0,0.0,0.0,0.0,0.0,0.0,0.0,11.27221,1.435008,11.846801,1
1.8210043,0.65604997,0.0,0.0,0.0,0.0,0.0,0.0,0.0,0.0,0.0,0.0,0.0,3.9784088,5.784108,2.5597773,1
0.0,1.0567086,0.0,0.0,1.489434,0.0,0.0,0.0,3.2091894,0.0,0.0,0.0,0.0,4.2882566,2.053138,0.0,1
2.2506268,2.6801188,1.1599108,1.2215486,4.157285,0.0,0.0,0.0,2.603994,0.3427814,0.0,0.19004594,1.4036449,0.83558375,0.0,0.0,1
26.346014,12.264913,1.8921283,0.99626714,0.0,0.0,0.0,1.1321799,0.0,0.0,4.028391,8.108173,0.0,24.11857,0.0,3.4946918,1
0.0,1.6316813,0.0,0.36454135,0.0,0.0,1.8948072,1.0895948,0.0,0.0,0.11566438,0.0,0.0,0.29442742,0.0,1.973887,0
0.0,7.3392315,0.0,4.569306,0.0,0.0,0.0,2.5075855,0.0,0.0,0.0,0.0,0.0,0.0,0.0,0.040024962,0
0.0,1.0373198,2.5528243,0.0,0.0,0.0,0.0,1.5407801,0.0,0.0,0.0,0.0,0.0,0.0,0.0,3.835904,0
0.0,5.8206897,0.0,2.9571886,0.0,0.0,0.7351951,2.7370932,0.0,0.7098036,0.5282147,0.0,0.0,0.0,0.0,0.0,0
0.0,1.2363555,2.7462738,0.0,0.0,0.0,0.0,0.0,0.0,0.30860463,0.0,0.0,0.0,0.587304,0.0,1.6990234,0
0.0,3.5678668,0.23292437,0.0,0.0,0.0,0.4635042,1.072316,0.0,0.36997056,0.0,0.0,0.0,0.0,0.0,1.0996847,0
0.0,7.315287,0.0,7.2711654,0.0,0.0,6.7906747,3.6422677,0.0,0.0,3.1344292,0.0,0.0,0.0,0.0,0.0,0
0.0,6.7453747,0.0,0.9554878,0.0,0.0,3.5253093,5.027207,0.0,0.88453484,0.60734427,0.0,0.0,1.2225965,0.0,1.6773319,0
0.0,4.56941,0.0,3.4091957,0.0,0.0,3.8639894,1.2142265,0.0,0.4778997,2.2541137,0.0,0.0,0.0,0.0,1.7136648,0
0.0,0.0,0.0,0.0,0.0,0.0,0.0,0.0,0.5556471,0.43335858,0.0,0.0,0.0,0.0,0.0,2.372499,0
0.0,0.0,4.9715776,0.0,0.0,0.0,0.0,0.0,0.0,0.18048277,0.0,0.0,0.0,0.0,0.0,6.1182218,0
0.0,5.872622,0.0,0.39578465,0.0,0.0,0.72982526,0.0,0.0,1.0694345,0.0,0.0,0.0,0.7923157,0.0,0.9207416,0
0.0,0.88983864,0.0,0.0,0.0,0.0,0.0,1.1666007,0.0,0.0,0.0,0.0,0.0,0.0,0.0,3.5199602,0
0.0,0.0,0.0,2.115611,0.0,0.0,0.0,0.0,1.9944444,0.0,0.0,0.0,0.0,0.0,0.0,0.47019705,0
0.0,0.0,18.937311,0.0,59.672733,61.48097,0.0,0.0,56.283573,0.0,0.0,6.100312,0.0,0.0,0.0,0.0,0
0.0,6.2280307,0.0,2.042976,0.0,0.0,3.0125837,1.7806945,0.0,0.0,0.76786745,0.0,0.0,0.26029137,0.0,0.0,0
0.0,4.048087,0.0,3.6058166,0.0,0.0,2.3089602,3.1086643,0.0,0.0,2.526374,0.0,0.0,0.0,0.0,0.0,0
0.0,0.0,4.5355916,0.0,0.0,0.0,0.0,0.0,0.0,0.5820428,0.0,0.0,0.0,0.0,0.0,6.0306573,0
0.0,0.0,0.0,2.6170902,0.0,0.0,0.0,0.0,0.8761589,0.0,0.0,0.0,0.0,0.0,0.0,2.1050897,0
0.0,0.0,2.7744246,0.0,0.0,0.0,0.0,0.0,2.8353212,0.0,0.0,0.0,0.0,0.0,0.0,7.385984,0
0.0,3.3589013,0.0,0.7109736,0.0,0.0,2.6033442,4.324665,0.0,0.0,1.3904277,0.0,0.0,0.0,0.0,1.1010948,0
0.0,0.0,16.977139,0.0,0.0,2.0635238,0.0,0.0,10.884055,0.0,0.0,0.0,0.0,0.0,0.0,0.0,0
0.0,7.214292,0.0,2.3519847,0.0,0.0,2.317093,6.5226345,0.0,0.0,2.2747302,0.0,0.0,0.0,0.0,1.2068843,0
0.0,0.9215676,2.7338889,0.0,0.0,0.0,0.0,0.0,0.0,0.015796838,0.0,0.0,0.0,0.0,0.0,0.47323975,0
0.0,4.5251784,0.0,2.6927934,0.0,0.0,1.4217671,3.2027118,0.0,0.49699977,0.71706474,0.0,0.0,0.0,0.0,0.0,0
0.0,6.180042,0.0,3.391656,0.0,0.0,3.8515825,3.2516954,0.0,0.0,3.0528548,0.0,0.0,0.726081,0.0,0.0,0
0.0,0.0,1.0396916,0.0,0.0,0.0,0.0,0.0,0.4219064,0.0,0.0,0.0,0.0,0.0,0.0,5.710454,0
0.0,7.19945,0.0,5.678441,0.0,0.0,7.06424,2.8731112,0.0,1.2028195,4.5246396,0.0,0.0,0.0,0.0,0.0,0
0.0,1.5564743,0.1731512,1.8677745,0.0,0.0,0.0,3.9979851,0.0,0.47375682,0.26254764,0.0,0.0,0.0,0.0,3.2238717,0
0.0,4.0848165,0.0,2.5566776,0.0,0.0,2.252206,3.9996338,0.0,0.0,1.9778981,0.0,0.0,0.0,0.0,0.8130134,0
0.0,2.9606752,0.0,0.36708868,0.0,0.0,0.9428593,0.0,0.0,0.20643732,0.0,0.0,0.0,0.0,0.0,0.3378224,0
0.0,0.9527768,3.6392229,0.5374018,0.0,0.0,0.737592,1.4110855,0.0,2.0048845,0.0,0.0,0.0,0.0,0.0,0.0,0
0.0,2.37958,1.7996023,0.0,0.0,0.0,0.0,0.0,0.0,0.005348711,0.0,0.0,0.0,0.024932286,0.0,0.7642289,0
0.0,6.8173957,0.0,2.1965387,0.0,0.0,0.0,1.9846075,0.0,1.5038022,0.61357933,0.0,0.0,0.0,0.0,0.4072055,0
0.0,3.5309808,2.4194136,0.0,0.0,0.0,0.0,0.0,0.0,0.0,0.0,0.0,0.0,0.0,0.0,4.5884223,0
0.0,0.0,13.257701,0.0,0.0,0.501267,0.0,0.0,0.0,0.0,0.0,0.0,0.015219467,1.4076312,0.0,0.0,0
0.0,5.4848104,0.0,4.481907,0.0,0.0,3.729221,1.8022063,0.0,0.52572227,0.0,0.0,0.0,1.3460641,0.0,1.9052578,0
0.0,3.9442344,0.0,2.014964,0.0,0.0,2.6284983,0.0,0.0,1.072134,0.0,0.0,0.0,0.0,0.0,1.9441677,0
0.0,4.035485,0.0,1.2982235,0.0,0.0,0.0,4.4314036,0.0,0.0,0.8577544,0.0,0.0,0.0,0.0,1.116552,0
0.0,2.4912608,1.4428905,0.0,0.0,0.0,0.8715139,1.5593729,0.0,0.8251117,0.082572415,0.0,0.0,0.0,0.0,2.0537097,0
0.0,0.0,0.65618205,0.0,0.0,0.0,0.0,0.0,2.3976068,1.738897,0.0,0.0,0.5782613,0.0,0.0,7.3425565,0
0.0,0.0,3.499944,2.7534149,0.0,0.0,0.0,0.0,0.0,0.0,0.0,0.0,0.14273687,0.50031185,0.0,1.0898119,0
0.0,6.421482,0.0,4.8625813,0.0,0.0,4.9716086,2.257538,0.0,0.9006728,2.3819826,0.0,0.0,0.0,0.0,0.0,0
0.0,1.5728458,0.1680972,0.959277,0.0,0.0,0.3840601,2.5769463,0.0,0.0,1.0603073,0.0,0.0,0.0,0.0,1.0717239,0
0.0,0.0,4.170445,0.0,0.0,0.0,0.0,0.0,0.0,0.0,0.0,0.0,0.0,0.0,0.0,1.399796,0
0.0,1.3633282,0.041973505,0.0,0.0,0.0,0.0,0.9048813,0.0,0.0,0.0,0.0,0.0,0.0,0.0,3.3182259,0
0.0,5.2890677,0.5704332,0.5728484,0.0,0.0,0.0,0.0,0.0,0.0,0.1886992,0.0,0.0,0.0,0.0,0.49771985,0
0.0,5.78658,0.0,2.1230648,0.0,0.0,3.880637,1.5027592,0.0,0.0,1.8112603,0.0,0.0,1.2027382,0.0,1.0336496,0
0.0,0.0,6.563982,0.0,0.0,0.1578452,0.0,0.0,5.896956,0.0,0.0,0.0,0.0,0.0,0.0,0.0,0
0.0,3.645645,0.0,2.8663862,0.0,0.0,3.1711795,2.1335945,0.0,1.1045332,1.5823481,0.0,0.0,0.0,0.0,0.79787916,0
0.0,5.7376604,0.0,3.1650152,0.0,0.0,3.9305604,3.196417,0.0,0.0,1.4186789,0.0,0.0,0.4064041,0.0,0.13448384,0
0.0,0.59364337,0.34061953,0.3251334,0.0,0.0,0.0,3.1856828,0.0,0.0,0.0,0.0,0.0,0.0,0.0,4.794029,0
0.0,4.828393,0.0,5.3105445,0.0,0.0,1.4680912,4.535493,0.42932266,0.0,3.9639747,0.0,0.0,0.0,0.0,0.0,0
0.0,0.0,7.1250463,0.0,0.0,0.43245155,0.0,0.0,0.0,0.0,0.0,0.0,0.0,0.0,0.0,3.710503,0
0.0,0.0,1.4220212,0.0,0.0,0.0,0.0,0.0,0.0,0.47678223,0.0,0.0,0.0,0.0,0.0,3.0214972,0
0.0,3.5786097,0.0,1.5845543,0.0,0.0,0.041070227,4.326019,0.0,1.1351062,0.0,0.0,0.0,0.0,0.0,3.1964593,0
0.0,3.0283535,0.0,4.4936714,0.0,0.0,2.0540135,2.5266933,0.23373157,0.0,3.4990861,0.0,0.0,0.0,0.0,0.0,0
0.0,0.0,17.325428,0.0,0.0,0.0,0.0,0.0,2.3049252,2.1485128,0.0,0.0,0.0,0.0,0.0,6.424501,0
0.0,9.532598,0.0,1.8480407,0.0,0.0,3.680118,0.0,0.0,1.924196,0.0,0.0,0.0,0.0,0.0,0.0,0
0.0,3.4161448,0.0,3.4532657,0.0,0.0,3.7519343,0.0,0.0,0.29613575,1.0095639,0.0,0.0,0.0,0.0,0.7016117,0
0.0,0.43204957,0.0,0.2699668,0.0,0.0,3.131091,0.0,0.0,0.35101697,0.7675741,0.0,0.0,0.0,0.0,2.1990502,0
0.0,0.0,8.263203,2.9991727,0.0,0.0,0.0,0.0,6.353997,4.25108,0.0,0.0,0.0,0.0,0.0,0.0,0
0.0,0.0,4.1633143,0.0,0.0,0.0,0.0,0.0,0.0,0.0,0.0,0.0,0.0,0.0,0.0,4.016271,1
0.0,0.0,15.240775,0.0,0.0,3.7441518,0.0,0.0,7.847681,0.0,0.0,0.0,0.0,0.0,0.0,1.2994286,1
0.0,0.0,0.14204827,0.0,0.0,0.0,2.2834914,0.0,0.0,0.0,0.0,0.0,0.0,0.080613874,0.0,0.042054262,1
0.0,0.0,6.487027,0.0,0.0,0.0,0.0,0.0,0.52124566,0.0,0.0,0.0,0.0,0.0,0.0,1.0562955,1
0.0,0.0,0.0,0.0,0.0,1.8323196,0.0,0.0,2.1760423,1.8744076,0.0,0.0,0.0,0.0,0.0,0.0,1
0.0,0.0,1.3391255,0.0,0.0,0.0,0.0,0.0,1.0466338,0.6226336,0.0,0.0,0.0,0.0,0.0,3.6185255,1
0.0,0.0,15.457291,0.0,0.0,8.366067,0.0,0.0,16.21751,0.0,0.0,0.0,0.0,0.0,0.0,0.0,1
0.0,0.0,10.483947,0.0,0.0,2.049411,0.0,0.0,5.305613,0.0,0.0,0.0,0.0,0.0,0.0,0.0,1
0.0,0.0,7.5685177,0.0,0.0,0.0,0.0,0.0,2.4671323,0.0,0.0,0.0,0.0,0.0,0.0,0.0,1
0.0,0.0,2.8388638,0.0,0.0,1.6060263,0.0,0.0,2.613663,2.283817,0.0,0.0,0.0,0.0,0.0,3.9684849,1
0.0,0.0,16.410398,0.0,0.0,0.0,0.0,0.0,12.950727,0.0,0.0,0.0,0.0,0.0,0.0,0.0,1
0.0,0.0,0.16203287,0.0,0.0,0.0,0.0,0.71586245,0.0,0.6916749,0.0,0.0,0.0,0.0,0.0,3.1434221,1
0.0,0.0,24.856247,0.0,0.0,1.4362615,0.0,0.0,7.0398803,0.0,0.0,0.0,0.0,0.0,0.0,0.0,1
2.7359636,0.0,6.735681,0.0,0.0,0.0,0.0,0.0,4.02245,2.1209583,0.0,0.0,0.0,0.0,0.0,0.0,1
0.0,0.0,15.951851,0.0,0.0,2.5813553,0.0,0.0,11.374897,0.31096283,0.0,0.0,0.0,0.0,0.0,1.2451454,1
0.0,0.053354308,0.0,3.7234225,0.0,0.0,0.35307312,2.6484497,2.359474,0.0,0.52483666,0.0,0.0,0.0,0.0,0.0,1
0.0,0.0,0.43393412,1.9408565,0.0,0.0,0.0,0.0,12.141731,0.35295907,0.0,0.0,0.0,0.0,0.0,0.0,1
0.0,0.0,0.83068585,0.0,0.0,0.0,0.0,0.0,0.0,0.0,0.0,0.0,0.0,0.0,0.0,2.3069167,1
0.0,3.0259786,2.3242874,0.0,0.0,0.0,0.0,0.0,0.0,3.0411038,0.0,0.0,0.0,1.4838108,0.0,1.5650641,1
0.0,0.0,0.0,0.0,0.0,0.0,0.0,0.0,1.2794226,1.2659987,0.0,0.0,0.0,0.0,0.0,4.5528283,1
0.76023614,1.5021689,6.1541777,0.0,0.0,0.0,0.0,1.7483574,2.0611198,0.0,0.0,0.0,0.0,2.5946958,2.2177484,0.0,1
0.0,0.0,19.397146,0.0,0.0,0.29386324,0.0,0.0,12.414107,2.355742,0.0,0.0,0.0,0.0,0.0,0.4977127,1
0.0,2.2965727,2.8350503,0.0,0.0,0.0,1.3533362,0.0,0.0,0.7007292,0.0,0.0,0.0,0.9557363,0.0,0.0,1
0.0,0.0,14.847279,0.0,0.0,9.05225,0.0,0.0,2.027283,0.0,0.0,0.0,0.0,0.0,0.0,4.931105,1
0.0,4.3329806,1.0089282,0.21091194,0.0,0.0,2.141411,2.2583523,0.0,0.0,0.0,0.0,0.0,0.40656927,0.0,0.0,1
0.0,3.1977885,2.951068,0.0,0.0,0.0,0.0,0.0,0.0,0.09644267,0.0,0.0,0.0,1.7251165,0.0,1.9335395,1
0.0,0.0,13.170571,0.0,0.0,0.0,0.0,0.0,13.175047,0.0,0.0,0.0,0.0,0.0,0.3521029,0.0,1
0.05821844,0.0,0.29867226,3.8141582,0.0,0.0,0.0,2.1656265,0.0,0.0,0.8264708,0.0,0.0,0.0,1.2623028,0.42541283,0
3.0032628,0.0,0.0,0.0,0.8070808,0.0,2.2023265,0.0,1.9750671,1.3822309,0.1674524,0.1486437,0.0,0.31612182,0.0,0.0,0
0.0,1.5663167,0.5239467,2.3179624,0.0,0.0,0.49786362,4.6786947,2.4522252,0.0,1.7963786,0.16084453,0.0,0.44611895,0.8046728,0.019994197,0
1.975654,0.4812787,0.012634531,1.012071,0.0,0.0,0.0050878897,1.7016443,0.74702597,0.0,0.37376145,0.0,0.0,0.0,0.0,0.0,0
1.7349223,0.0,0.0,0.0,0.16578007,0.0,0.61752945,0.32413286,0.2935813,0.9125849,0.0,0.0,0.0,0.0,0.0,0.0,0
0.18745352,0.019397656,0.09452388,6.6792336,0.0,0.0,0.0,5.588963,0.53381395,0.0,1.2744238,0.49616742,0.0,0.0,3.8685899,0.0,0
0.0,0.44262066,2.435408,3.6551588,0.0,0.0,0.3811,3.4458618,0.31554043,0.0,1.0980421,0.0,0.0,0.0,0.8791767,0.5632708,0
0.8417269,0.0,0.0,0.0,0.0,0.0,12.603383,0.0,0.0,2.8036382,4.117365,5.2556276,0.0,0.0,0.0,0.0,0
0.0,0.0,0.0,6.6070585,0.0,0.0,0.0,5.583965,0.9677688,0.0,1.3903583,0.0,0.0,0.0,3.5686047,0.0,0
2.2144237,0.0,0.0,0.0,0.0,0.0,5.473795,1.3647954,0.87790644,3.1542213,0.8394171,0.0,0.0,0.0,0.0,0.0,0
0.4595584,0.0,3.2256641,0.0,4.805044,0.0,8.3017845,4.4967756,0.0,0.0,0.0,5.0983925,0.0,0.0,0.0,0.7102644,0
1.7261711,0.0,0.14635864,1.0933101,1.0224882,0.0,0.63536114,0.0,0.0,1.2482277,0.13339151,0.0,0.0,0.0,0.0,0.0,0
1.666865,0.0,0.0,2.492958,0.0,0.0,2.4453726,2.6839123,1.015009,0.041183,0.17720403,0.0,0.0,0.0,0.0,0.0,0
0.35099545,0.75831693,0.0,0.971787,0.0,0.0,5.427422,4.401943,4.520316,0.0,1.4656001,0.0,0.0,1.1644334,0.0,0.0,0
1.5391119,0.5543346,3.097087,6.5966663,0.0,0.0,0.0,6.7511916,0.0,0.0,2.0037222,0.698098,0.0,0.0,2.386158,0.039201107,0
1.6010276,0.0,0.0,6.704131,0.0,0.0,0.0,7.4217505,1.7096772,0.0,1.3692065,0.0,0.0,0.0,3.5501587,0.0,0
2.5498204,0.0,0.77060527,0.99441814,0.0,0.0,4.6546626,2.8255675,1.8785696,0.0,1.6281332,0.0,0.0,1.4544753,0.0,0.0,0
0.0,1.1797992,0.51701313,5.285477,0.0,0.0,0.0,5.533306,0.58457553,0.0,1.1511672,0.0,0.0,0.0,3.3300736,0.0,0
2.583591,0.4669194,0.0,0.0,0.0,0.0,5.3488665,3.998214,3.1380813,0.0,1.196432,0.0,0.0,2.1160755,0.0,0.0,0
2.1191308,0.0,0.0,0.0,0.98735297,0.0,4.935789,0.5330771,0.15114057,0.8467195,0.91510427,0.0,0.0,0.0,0.0,0.0,0
3.298716,0.0,0.48322418,2.291748,0.0,0.0,0.0,0.92987233,0.19679132,1.0532556,0.27923664,0.0,0.0,0.0,0.0,0.0,0
0.0,0.42082557,0.0,3.2112517,0.0,0.0,0.0,2.6477988,0.23639911,0.0,0.84459025,0.77256095,0.0,0.0,2.0166242,0.0,0
2.7298062,0.0,0.9552526,3.8972442,0.0,0.0,0.5706199,3.6963606,0.0,0.68913054,0.41842052,0.0,0.0,0.0,0.0,0.0,0
0.0,0.0,4.5560656,2.5683813,0.0,0.0,0.3945123,0.50525993,0.0,0.6194227,0.5037551,1.6915419,0.0,0.0,0.0,1.9294484,0
3.1483743,0.0,0.0,0.0,0.40135974,0.0,4.995061,0.0,0.66453564,0.65518904,1.0672692,0.0,0.0,0.0,0.0,0.0,0
0.0,0.98870033,0.0,0.0,0.0,0.0,3.1034012,3.2470946,3.3988466,0.0,1.2080703,0.0,0.0,1.7782742,0.0,0.0,0
0.0,1.4531541,0.0,6.4584684,0.0,0.0,0.0,6.5411077,1.317414,0.0,1.8111473,0.0,0.0,0.0,3.8352401,0.0,0
0.69081914,0.0,0.0,0.0,0.0,0.0,4.465829,0.0,2.431357,0.9507052,0.3148866,0.27746066,0.0,0.0,0.0,0.0,0
0.0,0.0,0.0,3.1760314,0.0,0.0,0.0,4.5112944,1.4459729,0.0,0.96702445,0.0,0.57443875,0.0,2.3375204,0.0,0
1.5356882,0.0,0.0,2.3681374,0.0,0.0,0.66543853,3.9035702,2.2530873,0.0,0.23636778,0.0,0.0,0.0,1.2422898,0.0,0
2.0452917,0.0,2.5148013,0.0,1.4181523,0.0,4.0178914,3.0444732,0.0,0.0,0.0,0.70098215,0.0,0.0,0.0,0.5186831,0
4.1204753,0.0,0.6407971,3.2879348,0.0,0.0,0.8414007,3.7434256,0.1627841,0.6733132,0.6973224,0.0,0.0,0.0,0.6124943,0.0,0
2.8021734,0.0,0.17797431,1.2832589,0.0,0.0,1.2676468,2.455574,0.0,0.0,0.033120297,0.0,0.0,0.0,0.0,0.0,0
2.2992892,0.0,0.0,0.0,2.2688627,0.0,7.7990503,0.0,0.80264986,0.0,2.6589599,0.0,0.0,0.0,0.0,0.0,0
0.0,0.0,0.0,0.0,0.0,0.0,9.1082325,0.0,0.0,0.6342056,2.3094242,2.0941327,0.0,0.0,0.0,0.0,0
0.0,0.87574434,0.0,0.2894786,0.0,0.0,0.5464056,0.0,0.9350536,0.0,0.70337695,1.4753535,0.0,0.07520772,0.0,0.0,0
2.092405,0.0,1.5443423,4.0210896,0.0,0.0,0.0,3.8464284,0.0,0.0,0.74057317,0.07395067,0.0,0.0,1.7522738,0.0,0
2.2184231,0.11800591,0.0,0.0,0.0,0.0,2.7725148,0.01249891,2.5533748,0.96984506,0.93623376,0.3943828,0.0,0.0,0.0,0.0,0
1.1849346,0.0,1.2853647,2.6305702,0.0,0.0,0.0,1.6770078,0.17051893,0.0,0.64298326,0.0,0.0,0.0,0.29155198,0.28657985,0
0.0,1.0383983,0.0,0.0,0.2895723,0.0,4.159465,3.2928834,3.1041756,0.0,0.38685116,0.0,0.0,2.014768,0.0,0.0,0
2.4555986,0.0,0.0,0.0,0.0,0.0,2.8774483,0.0,3.134176,2.5750897,3.2735422,2.1753032,0.0,0.0,0.0,0.0,0
3.2896574,0.0,0.0,0.0,3.4931877,0.0,6.087964,2.9801166,1.263992,0.0,1.0906986,3.0538414,0.0,1.1263045,0.0,0.0,0
0.0,0.0,0.37078664,4.31429,0.0,0.0,0.106361225,5.9462657,0.9019371,0.0,0.3052716,0.0,0.0,0.0,1.7149115,0.0,0
0.19873954,0.0,1.0555042,3.1889079,0.0,0.0,0.0,3.5078878,0.5139451,0.5532449,0.0,0.0,0.0,0.0,1.3485892,0.056675937,0
4.897259,0.0,0.0,0.0,0.7685024,0.0,6.000638,0.0,0.0,2.3220823,0.94891244,5.6638684,0.0,0.0,0.0,0.0,0
1.0692283,0.0,0.0,1.8989921,0.0,0.0,0.12499599,0.7655984,1.7624403,0.9865057,0.5403208,0.0,0.0,0.0,0.24312386,0.0,0
2.6020374,0.77986705,0.4572215,1.7050185,0.0,0.0,0.62137794,3.4085934,1.3862892,0.0,0.6870097,0.0,0.0,0.0,0.2832839,0.0,0
4.019776,0.5000096,0.0,2.1936512,0.0,0.0,2.9174879,3.7292514,1.8672637,1.0202007,0.5665493,0.0,0.0,0.0,0.0,0.0,0
1.3078059,0.0,1.980231,3.4623194,0.0,0.0,1.8002658,4.753626,1.1687775,0.0,1.753302,0.0,0.0,0.0,0.0,0.0,0
3.3455448,0.0,2.1812956,4.6070323,0.0,0.0,0.0,3.8455925,0.0,0.9631715,0.5953564,0.0,0.0,0.0,0.24881598,0.0,0
2.5864038,0.0,0.0,2.6082404,0.0,0.0,0.017571554,3.104825,0.0,0.65900886,0.04896555,0.0,0.0,0.0,0.4749185,0.0,0
1.2734799,0.5293646,0.513593,5.378155,0.0,0.0,0.0,5.3902516,0.5728954,0.0,0.8480805,0.0,0.0,0.0,2.8228383,0.0,0
0.0,2.1596525,0.0,0.0,0.0,0.0,6.9366236,6.7304816,5.9655538,0.0,0.5486876,0.0,0.0,1.8562937,0.0,0.0,0
0.3712714,0.0,1.9979026,2.4077795,0.0,0.0,1.0400169,2.8244796,0.8615514,0.0,1.409061,0.0,0.0,0.08824778,0.55568475,0.67594385,0
3.1977777,0.0,0.0,0.0,0.0,0.0,2.4940307,0.21424356,0.9005389,0.0,2.1876354,0.0,0.0,0.0,0.0,0.0,0
0.8374052,0.0,0.97843516,2.1759887,0.0,0.0,0.78194475,0.0,0.18632758,1.383497,0.0,0.035292424,0.0,0.0,0.0,0.0,0
2.051913,0.0,0.0,0.0,6.058343,0.0,8.763521,0.0,0.0,1.2588055,1.440034,7.2486625,0.0,0.0,0.0,6.65726,0
1.8239464,0.0,0.0,0.0,0.0,0.0,1.635304,0.0,0.79015666,1.7920053,0.0,0.0,0.0,0.0,0.0,0.0,0
0.0,0.0,0.42743763,4.3437514,0.0,0.0,0.0,3.308526,0.061364178,0.54523146,1.396346,1.1801103,0.0,0.0,1.7322865,0.3371444,0
1.1863799,0.0,0.0,1.6803411,0.0,0.0,0.74009705,1.8701969,2.0103636,0.23869693,0.5039991,0.5699404,0.0,0.0,0.0,0.0,0
2.0842874,0.0,0.0,0.0,1.0588877,0.0,1.2921594,0.37152338,1.0282494,1.8504373,0.0,0.65488356,0.0,0.90038025,0.0,0.0,0
0.0,0.0,0.22513607,1.6878718,0.0,0.0,0.0,0.24947417,0.0,0.60498565,0.0,0.25959057,0.0,0.0,0.0,0.7872832,0
1.257927,0.0,0.0,3.1911614,0.0,0.0,0.7322454,4.235838,0.8524003,0.25679344,0.43785605,0.0,0.0,0.0,1.1306989,0.0,1
1.9010098,0.0,0.06784251,2.7621863,0.0,0.0,1.0818579,3.0750477,0.0,1.6493726,0.0,0.0,0.0,0.0,0.0,0.0,1
0.0,0.0,0.0,0.0,0.0,0.0,7.6493692,0.0,4.9920664,4.216108,5.249687,12.244813,0.0,0.0,0.0,4.1457434,1
3.1480114,0.0,0.9203175,0.0,2.3620925,0.0,4.425591,0.0,0.0,0.0,0.9914009,3.829962,0.0,0.0,0.0,2.1458564,1
0.0,0.0,0.0,0.0,0.0,0.0,0.0,0.0,6.0893283,3.836952,1.3772138,8.021543,0.0,0.0,0.0,3.0846496,1
2.57129,0.0,0.0,0.0,0.5216114,0.0,3.3085213,0.0,0.37285328,1.1762092,0.05548098,0.078302406,0.0,0.0,0.0,0.0,1
0.0,0.0,0.0,0.0,0.0,0.0,3.7751036,0.0,7.681075,11.64282,11.103355,5.436483,0.0,0.0,0.0,0.0,1
2.1967185,0.0,0.0,0.0,1.4308486,0.0,5.0539007,0.0,0.27159226,0.0,0.51826555,0.39258662,0.0,0.0,0.0,0.0,1
0.9536556,0.0,0.0,0.0,0.032918636,0.0,6.9679766,2.1632557,3.7553234,0.0,1.0915169,2.896492,0.0,1.3516674,0.0,1.2877848,1
0.52563727,0.0,0.0,0.0,0.0,0.0,4.646886,0.0,0.9625052,1.3618985,0.6545041,0.018298052,0.0,0.0,0.0,0.0,1
0.0,0.0,0.0,0.0,0.0,0.0,12.35953,0.0,0.0,6.6970673,3.8674252,9.069859,0.0,0.0,0.0,1.0599113,1
2.3929737,0.0,0.0,0.0,1.9574769,0.0,13.82193,0.0,0.62511575,0.0,2.8948438,0.0,0.0,0.0,0.0,0.0,1
4.2929378,0.0,0.0,0.0,4.3705826,0.0,13.325846,0.0,0.33367527,0.309602,1.3852997,0.0,0.0,0.0,0.0,0.0,1
2.106085,0.0,0.0,0.0,0.071468055,0.0,3.920922,0.0,1.6169142,1.6425189,1.7926911,8.317286,0.0,0.0,0.0,3.5750165,1
0.47545758,0.0,0.0,0.0,0.0,0.0,4.4588804,0.0,0.18091357,1.5095301,0.0,2.1310017,0.0,0.0,0.0,0.0,1
1.8224131,0.0,0.0,0.0,5.495507,0.0,1.3027043,0.0,4.7148485,9.032401,4.0500345,9.46941,0.0,0.0,0.0,0.0,1
0.0,0.0,0.0,0.0,0.0,0.0,4.5351343,0.0,0.97330225,8.903252,12.37269,11.370938,0.0,0.0,0.0,7.2409587,1
0.0,0.0,0.0,0.0,0.62045735,0.0,12.552254,0.0,0.28925574,3.6184766,3.526863,5.7704806,0.0,0.0,0.0,0.0,1
0.028494736,0.0,0.0,0.0,1.7165569,0.0,5.702893,0.0,0.0,0.0,0.8338743,2.5872953,0.0,0.0,0.0,0.0,1
4.3635826,0.0,0.0,0.0,0.0,0.0,10.403751,0.0,3.7812362,2.269883,1.3275794,0.0,0.0,0.0,0.0,0.0,1
0.0,0.0,0.0,0.0,0.11406201,0.0,11.169357,0.0,0.0,3.368615,1.0643708,8.500394,0.0,0.0,0.0,0.0,1
0.0,0.0,0.0,0.0,0.0,0.0,6.1576834,0.0,0.0,4.2767835,5.8605967,5.0734673,0.0,0.0,0.0,1.9103087,1
2.3216774,0.0,0.0,0.0,2.309873,0.0,3.070242,0.45746857,1.53636,1.1400795,0.07468801,0.32667956,0.0,0.9472098,0.0,0.0,1
0.0,0.0,0.0,0.0,0.0,0.0,19.91552,0.0,0.0,0.47601196,2.8751674,4.4201384,0.0,0.0,0.0,0.9054222,1
0.0,0.0,0.0,0.0,2.2712138,0.0,8.050315,0.0,0.116392136,1.0130688,0.0,8.113822,0.0,0.0,0.0,0.0,1
3.352121,0.0,0.0,0.0,0.0,0.0,9.662409,0.0,0.0,2.924113,2.1577363,8.386781,0.0,0.0,0.0,1.6590428,1
1.1066396,0.0,0.0,0.0,0.0,0.0,1.9698558,0.0,1.0097591,0.21916804,0.3773525,0.6061931,0.0,0.0,0.0,0.0,1
0.0,0.0,0.0,0.0,0.0,0.0,4.1961827,5.828207,0.36588523,0.0,0.0,5.61781,3.1059337,0.0,0.0,0.0,0
0.0,0.0,0.0,0.0,0.0,1.0110915,1.4937978,0.07667581,3.236355,0.0,0.0,3.6495476,0.0,0.056332584,0.0,0.0,0
0.0,0.0,0.0,0.0,0.0,0.0,3.857667,0.6274745,0.76750576,0.0,0.0,5.4346023,0.0,0.0,0.4784134,0.0,0
0.0,0.0,0.0,0.0,0.0,0.0,3.2764297,4.1170444,2.3924623,0.0,0.0,3.9828484,2.4956396,0.0,0.0,0.0,0
0.0,0.0,0.0,2.3881423,0.0,0.0,6.0644956,7.664401,1.7697011,0.0,0.0,5.5238595,3.5572782,0.0,0.0,0.0,0
0.0,0.0,0.9684518,0.36226422,0.0,0.0,3.5336678,0.31648624,0.4541107,0.0,0.0,3.5270228,0.0,0.0,0.031320874,0.0,0
0.069267176,0.0,0.0,1.844972,0.0,0.0,6.036684,4.6588583,1.4376444,0.40869656,0.0,2.4264317,1.9045988,0.0,0.0,0.0,0
0.0,0.33997363,1.2126508,0.7193216,0.4073624,0.0,0.0,0.0,2.7844307,0.0,0.0,0.20567077,0.0,0.0,0.0,0.0,0
0.8789612,0.0,1.0739093,0.334112,0.0,0.0,2.0599735,2.0149727,0.1314923,0.0,0.0,1.3220782,1.156103,0.0,0.0,0.0,0
0.0,0.0,1.4487966,1.1707464,0.0,0.0,0.0,0.9228563,1.244984,0.0,0.0,2.4204998,0.0,0.0,0.0,0.0,0
0.80856276,0.0,0.97593576,0.11707854,0.0,1.2282416,0.0,0.07889328,1.8446053,0.0,0.0,0.7604988,0.0,0.0,0.0,0.0,0
0.6528101,0.0,0.0,0.6772719,0.0,0.0,3.692849,3.155744,0.65259445,0.0,0.0,2.2557411,1.654384,0.0,0.0,0.0,0
0.0,0.0,0.9665492,1.4414113,0.0,0.0,2.8869507,3.4350586,1.0988306,0.0,0.0,3.13619,2.378712,0.0,0.0,0.0,0
0.0,0.0,0.0,0.7691474,0.0,0.0,5.4156375,3.7299721,1.2624813,0.5730138,0.0,2.8806143,2.1361942,0.0,0.0,0.0,0
0.0,0.0,3.8530686,0.0,0.0,0.9591153,0.0,0.0,9.1838045,0.0,1.5232795,0.0,0.0,0.0,0.0,0.0,0
0.76489127,0.0,0.6138407,2.185437,0.0,0.0,3.9728062,3.799769,0.0,0.0,0.0,4.6634955,1.1705631,0.0,0.0,0.0,0
0.0,0.0,0.0,0.0,0.0,0.0,2.3587878,0.61232114,3.1339343,0.0,0.0,2.8064985,0.05976471,0.94285697,0.0,0.0,0
0.0,0.0,0.0,0.0,0.0,0.0,6.524452,4.11551,0.0,0.0,0.0,6.603111,0.44291326,0.0,0.0,0.0,0
0.0,0.0,0.0,0.0,0.0,0.0,3.7993214,3.1299326,1.2744883,0.0,0.0,3.9949288,0.074018806,0.0,0.0,0.0,0
0.0,0.0,0.0,0.0,0.0,0.0,4.0030336,5.748718,0.37422094,0.0,0.0,5.3169312,1.9320246,0.0,0.0,0.0,0
0.0,0.0,1.3908215,0.0,0.0,0.0,1.7594512,1.4713087,2.83445,0.0,0.0,1.80103,2.0286598,0.0,0.0,0.0,0
1.2041942,0.0,0.0,0.6603453,0.0,0.0,3.9353497,3.885593,0.9140795,0.0,0.0,3.8845882,1.4887127,0.0,0.0,0.0,0
0.0,0.0,0.0,0.0,0.0,0.0,3.2090728,2.54924,0.0,0.0,0.0,3.7343354,1.6682614,0.0,0.0,0.0,0
0.33006427,0.0,2.5450327,0.6987338,0.0,0.0,1.0523497,3.3778052,2.2480152,0.0,0.0,1.1548777,0.0,0.0,0.0,0.0,0
0.0,0.0,1.8235195,0.0,0.0,0.0,1.6807525,0.995828,4.6932044,0.0,1.29266,0.0,0.0,0.0,0.0,0.0,0
0.0,0.0,0.0,0.0,0.0,0.0,5.655389,2.2608213,0.28775987,0.0,0.0,6.91921,3.2423353,0.0,0.0,0.0,0
0.0,0.0,0.0,1.148182,0.0,0.0,6.1256323,4.773199,1.5200977,0.0,0.0,4.9087663,2.2814865,0.0,0.0,0.0,0
0.0,0.0,0.53949916,0.7353897,0.0,0.0,5.6986966,4.1547766,1.52479,0.0,0.0,3.9921439,1.4973342,0.0,0.0,0.0,0
0.0,9.930802,0.0,2.6791658,0.0,12.827974,0.0,4.8250713,4.671929,1.2458156,0.0,0.0,0.0,0.0,0.0,0.0,0
0.0,0.0,0.44839105,0.0,0.0,0.0,2.44359,0.85634476,1.1130183,0.0,0.015050737,3.5207958,0.0,0.0,0.16341388,0.0,0
0.0,0.0,0.10236482,0.3510902,0.0,0.0,2.3746028,3.2253466,0.46719274,0.0,0.0,4.2738347,3.0720673,0.0,0.0,0.0,0
0.0,0.0,0.26107958,0.0,0.0,0.0,1.6694987,1.2768433,2.5764537,0.0,0.0,0.0,0.0,0.0,0.0,0.0,0
0.08449402,0.0,0.0,0.33898175,0.0,0.0,1.586527,3.9129343,0.0,0.0,0.0,5.4993196,0.3884202,0.0,0.0,0.0,0
0.44325188,0.0,0.0,0.5043758,0.0,0.0,3.061215,2.916638,0.8147907,0.23149996,0.0,1.6086296,0.7299661,0.0,0.0,0.0,0
1.0898243,0.0,0.0,0.5955782,0.0,0.0,5.6529474,6.278123,0.78296316,0.23693319,0.0,2.4707294,2.2781591,0.0,0.0,0.0,0
2.5030806,0.0,6.063687,0.24948102,0.0,0.0,1.0750096,3.425707,1.5919324,0.0,0.0,2.841601,0.0,0.0,0.0,0.0,0
1.3928246,0.0,1.9017211,1.2448157,0.0,0.0,0.8778595,2.734386,1.250244,0.0,0.0,2.701917,0.760401,0.0,0.0,0.0,0
0.0,0.0,0.3486584,0.32710043,0.0,0.0,1.6308651,1.0598198,0.88122666,0.0,0.0,1.9392896,0.0,0.0,0.0,0.0,0
0.987301,0.0,0.0,0.07338822,0.0,0.0,6.1852093,5.679886,1.1783406,0.0,0.0,2.4006567,1.9324822,0.0,0.0,0.0,0
0.13185492,0.0,0.0,0.36284113,0.0,0.0,3.230938,7.4736433,2.2977202,0.0,0.0,4.0284944,3.4893537,0.0,0.0,0.0,0
0.0,0.0,0.99899393,0.0,0.0,0.0,4.424399,3.0053046,2.406329,0.0,0.0,7.116523,3.1174836,0.0,0.0,0.0,0
0.0,0.0,0.0,0.0,0.0,0.0,3.2585576,4.802169,2.9757414,0.0,0.0,4.6323543,4.2845182,0.0,0.0,0.0,0
0.0,1.3572018,0.0,0.0,0.0,2.1188347,0.47535014,0.0,7.554488,0.0,0.0,3.6522136,0.0,0.0,0.0,0.0,0
0.0,0.0,0.96674114,0.0,0.0,0.0,1.5063287,1.7191945,0.18561558,0.0,0.0,1.7936842,1.150643,0.0,0.0,0.0,0
0.0,0.0,0.0,0.9101849,0.0,0.0,3.5331628,3.6167054,2.195878,0.11222344,0.0,1.7471784,1.5637833,0.0,0.0,0.0,0
0.0,0.0,0.0,1.1824467,0.0,0.0,3.8464525,4.463167,0.9183496,0.0,0.0,2.7306814,2.6821241,0.0,0.0,0.0,0
0.0,0.0,0.0,0.23875952,0.0,0.0,3.1375089,4.478961,0.0,0.0,0.0,3.897543,2.4284055,0.0,0.0,0.0,0
0.0,0.0,0.0,0.0578444,0.0,0.0,7.789551,4.169032,0.9059012,0.0,0.0,2.9277635,1.0918814,0.0,0.0,0.0,0
0.0,0.0,0.0,0.0,0.0,0.0,1.4247987,1.9004518,1.4783558,0.0,0.0,3.488432,2.44198,0.056664076,0.0,0.0,0
0.0,0.0,1.9484239,1.6752707,0.0,0.0,0.0,1.9875681,7.6947412,0.0,1.8119055,0.0,0.0,0.0,0.6420784,0.0,0
0.0,0.0,0.26183406,0.0,0.0,0.0,2.9236102,1.3663782,0.42043084,0.0,0.0,2.6831145,0.0,0.0,0.0,0.0,0
0.0,0.0,0.0,0.9184602,0.0,0.0,0.26511323,0.0,5.504407,0.0,0.32477337,0.0,0.0,0.0,0.0,0.0,0
0.0,0.0,0.0,0.0,0.0,0.0,5.1615753,4.4534245,0.0,0.0,0.0,3.3553762,1.0478543,0.0,0.0,0.0,0
0.0,0.0,1.8130802,0.0,2.4495738,0.0,0.0,1.4833565,5.824442,0.0,3.0581198,0.0,0.0,0.0,0.0,0.0,0
0.0,0.0,0.0,0.49743474,0.0,0.31916654,4.061704,1.6611278,0.5255743,0.0,0.0,8.714178,0.0,0.0,0.28217608,0.0,0
0.0,0.0,0.0,1.6388434,0.0,0.0,5.443848,6.569334,0.78603995,0.0,0.0,3.735934,2.199133,0.0,0.0,0.0,0
0.0,0.0,0.0,0.0,0.0,0.0,4.4796705,3.0983276,1.8020803,0.0,0.0,5.6452093,0.0,0.0,0.0,0.0,0
0.0,0.0,2.7983358,0.0,0.0,0.0,0.0,2.2508545,4.755575,0.0,2.8364754,0.0,0.0,0.0,0.0,0.0,0
0.0,0.0,2.6570234,2.627327,0.28095725,0.0,2.7131088,0.0,9.963732,0.0,2.0983236,0.0,0.0,0.0,0.0,0.0,0
0.0,0.0,0.7209582,0.0,0.0,0.21336842,0.0,0.13535435,6.1034756,0.0,1.1386087,0.0,0.0,0.0,0.03151,0.0,0
0.0,0.0,0.0,0.0,0.8755491,0.0,0.0,1.5976311,8.666157,0.0,1.6341797,0.3711212,0.0,0.0,0.0,0.0,0
0.0,0.0,0.0,0.0,0.0,0.0,3.6655989,3.5261467,0.4925691,0.0,0.0,4.642409,1.2125734,0.0,0.0,0.0,0
3.3268425,24.419106,0.0,22.512905,0.0,45.507908,0.0,0.0,13.645557,0.0,0.0,0.0,0.0,0.0,0.0,0.0,1
0.0,0.0,1.0127318,0.0,0.0,0.0,0.0,0.2783837,9.169881,0.0,0.0,0.0,0.0,0.0,0.0,0.0,1
0.0,0.0,0.0,0.0,0.0,0.0,1.8345315,1.0677888,1.5602264,0.0,0.0,5.8545427,0.0,0.0,1.8392948,0.0,1
8.02136,23.073963,0.0,14.550471,0.0,36.005272,0.0,0.0,19.056332,0.0,0.0,0.0,0.0,0.0,0.0,0.0,1
14.374017,11.332164,0.0,15.499263,0.0,20.964487,0.0,0.0,13.801567,0.0,0.0,0.0,0.0,0.0,0.0,9.143561,1
0.0,0.0,4.4374075,2.9702065,3.8469145,0.0,0.0,4.585903,11.317578,0.0,0.8940229,0.0,0.0,0.0,0.0,0.0,1
1.3618809,0.0,0.5585093,0.29898435,0.0,0.0,0.0,3.3099804,9.403288,0.0,0.0,0.0,0.0,0.0,0.0,0.0,1
0.0,0.0,4.787626,0.0,0.0,0.0,0.0,0.20225193,6.408805,0.0,3.2814856,0.3251548,0.0,0.0,0.0,0.0,1
0.0,0.0,0.0,0.0,0.8971358,0.0,0.0995164,2.9829895,3.2804434,0.0,0.11828849,4.489328,0.0,0.0,0.0,0.0,1
0.6423143,0.0,3.5186913,0.0,0.9389366,0.0,0.0,2.3714767,8.102238,0.0,3.4744916,0.0,0.0,0.0,0.0,0.0,1
0.0,1.3711863,0.0,0.0,0.0,0.0,0.0,1.0046465,2.9946978,0.0,0.0,1.4518449,0.34212807,0.0,0.0,0.0,1
0.0,0.0,2.8381765,0.0,0.0,0.0,0.0,5.3888597,7.811246,0.0,3.13749,0.0,0.0,0.0,0.0,0.0,1
2.493018,10.849764,0.0,6.0148954,0.0,40.5053,0.0,0.0,0.0,0.0,0.0,0.0,0.0,12.326635,0.0,0.0,1
0.0,0.0,0.0,0.0,1.5517756,0.0,0.0,1.205361,4.2007933,0.0,0.40024278,1.2516136,0.0,0.0,0.0,0.0,1
0.0,0.0,3.771172,1.096981,0.0,3.097691,0.0,1.129595,5.8788595,0.0,0.0,0.0,0.0,0.0,0.0,0.0,1
2.535044,0.0,4.5067153,0.22650707,0.0,2.4090679,0.0,0.0,23.530392,0.0,0.0,0.0,0.0,0.0,0.0,0.0,1
0.0,0.0,0.0,0.0,0.0,0.0,2.3679562,0.70148593,0.0,0.0,0.0,4.864013,0.0,0.0,1.3785635,0.0,1
0.0,0.0,1.3802316,0.82549655,0.0,0.5384546,0.0,0.8748277,6.9572515,0.0,0.0,0.6573827,0.0,0.0,0.0,0.0,1
0.0,0.0,2.9780912,0.0,1.3519514,0.0,0.0,3.9038486,7.6799273,0.0,2.1618938,0.0,0.0,0.0,0.0,0.0,1
9.4349575,0.0,3.7036402,5.7730837,0.0,1.5699822,0.0,0.0,8.701473,0.0,0.0,0.0,0.0,0.0,0.0,0.0,1
8.216257,0.0,1.8800161,4.2150745,0.0,0.0,0.0,0.0,9.41724,0.0,0.0,0.0,0.0,0.0,0.0,0.0,1
0.0,0.0,0.28084162,0.0,0.0,0.0,1.394945,1.1168151,2.1844773,0.0,0.0,3.4095473,0.27383572,0.0,0.0,0.0,1
0.0,0.0,3.8107333,0.0,1.2258937,0.0,0.0,2.522414,6.0021615,0.0,1.7858016,1.3029343,0.0,0.0,0.0,0.0,1
8.130006,19.101063,0.0,24.318115,0.0,47.90366,0.0,0.0,12.285034,0.0,0.0,0.0,0.0,7.588388,0.0,0.0,1
0.0,0.0,0.8718174,1.458113,0.0,0.0,0.0,0.3746888,8.54952,0.0,0.0,1.7368213,0.0,0.0,0.0,0.0,1
0.0,0.0,0.0,0.0,0.0,0.0,0.0,0.0,13.962008,0.0,0.0,0.0,0.0,0.0,0.0,0.0,1
0.0,0.0,1.5830523,0.0,0.0,0.0,0.971043,0.0,4.6472535,0.0,0.33528492,1.1760544,0.0,0.0,0.0,0.0,1
0.0,0.0,0.0,0.0,0.0,0.0,6.8302417,0.0,0.0,0.0,0.0,1.7161789,0.0,0.0,0.0,3.9090354,0
0.0,0.0,5.8189497,0.0,4.0906644,0.0,0.0,6.505527,0.0,12.199656,0.0,0.0,0.0,0.0,0.0,0.106589355,0
0.0,0.0,0.0,0.0,0.0,0.0,10.41164,0.0,0.0,0.0,0.0,1.2479417,0.0,0.0,0.0,4.465121,0
0.0,0.0,0.0,0.0,0.28760207,0.0,4.944802,0.0,0.0,1.072287,0.0,0.0,0.0,0.0,0.0,1.8257833,0
1.6761302,0.0,0.0,0.0,3.6954663,0.0,0.0,0.0,2.4426448,0.7283037,0.0,0.0,0.0,0.0,0.0,2.796969,0
2.7538505,0.0,0.0,0.0,0.0,0.5355749,4.2937264,0.0,0.0,0.89905345,0.0,6.074366,0.0,0.0,0.0,1.9962307,0
0.0,0.0,0.0,0.0,0.0,0.0,9.32737,0.0,0.0,0.0,0.0,2.821501,0.0,0.0,0.0,4.322875,0
0.0,0.0,0.0,0.0,0.0,0.0,9.787049,0.0,0.0,0.0,0.0,2.879698,0.0,0.0,0.0,5.5782557,0
0.0,0.0,0.0,0.0,0.0,0.0,5.388677,0.0,0.0,1.5288798,0.0,1.9240047,0.0,0.0,0.0,1.2762005,0
0.0,0.0,3.3702893,0.94917554,4.9952235,0.0,0.0,0.0,1.6507502,4.384342,0.0,0.0,0.0,0.0,0.0,0.0,0
0.0,0.0,0.0,0.0,0.0,0.0,8.643085,0.0,0.0,0.56032336,0.0,2.8034708,0.0,0.0,0.0,5.5165505,0
1.5751488,0.0,0.0,0.0,0.0,0.0,3.9036422,0.0,0.0,0.0,0.0,2.5536277,0.0,0.602605,0.0,1.8670144,0
0.0,0.0,0.0,0.0,0.0,0.0,11.557795,0.0,0.0,0.0,0.0,3.316561,0.0,0.0,0.0,5.7473583,0
0.0,0.0,2.0458007,0.0,0.0,0.0,4.209561,0.0,0.0,3.2614088,0.0,0.0,0.0,0.0,0.0,7.2158065,0
0.0,0.0,0.0,0.0,0.0,0.0,8.099789,0.0,0.0,0.0,0.0,0.79418325,0.0,0.0,0.0,5.314968,0
0.0,0.0,0.0,0.0,0.0,0.0,10.604128,0.0,0.0,0.0,0.0,3.817928,0.0,0.0,0.0,5.453953,0
0.0,0.0,0.2517699,0.0,2.303592,0.0,0.0,0.0,0.15036893,5.528597,0.0,0.0,0.0,0.0,0.0,1.9840616,0
0.0,0.0,0.0,0.0,0.0,0.0,7.2310853,0.0,0.0,0.0,0.0,4.261634,0.0,0.0,0.0,4.0150676,0
1.1072302,0.0,1.1242784,0.0,5.7893586,0.0,0.0,0.0,0.90135396,3.9165974,0.0,0.0,0.0,0.0,0.0,1.7141668,0
0.58321214,0.0,0.0,0.0,0.0,0.0,0.105445534,0.09717246,0.0,2.4205592,0.0,0.056829948,0.0,0.0,0.0,2.367092,0
0.0,0.0,0.0,0.0,0.0,0.0,8.659594,0.0,0.0,0.0,0.0,1.0364025,0.0,0.0,0.0,5.5213733,0
1.0422763,0.0,1.4678167,0.0,2.0433109,0.0,0.0,0.0,0.24249744,2.1822362,0.0,0.0,0.0,0.0,0.0,2.081304,0
0.0,0.0,0.34086192,0.0,2.4347703,0.0,0.0,0.0,0.053137425,2.3607092,0.0,0.0,0.0,0.0,0.0,0.57620674,0
0.0,0.0,0.0,0.0,0.0,0.0,8.755502,0.0,0.0,0.0,0.0,0.78510904,0.0,0.0,0.0,4.7024302,0
2.1462991,0.0,0.0,0.0,3.7390606,0.0,7.76642,0.0,0.0,0.0,0.0,0.0,0.0,0.0,0.0,1.802336,0
0.0,0.0,0.0,0.0,0.0,0.0,8.133057,0.0,0.0,0.0,0.0,1.247452,0.0,0.0,0.0,4.4698644,0
0.0,0.0,0.0,0.0,0.0,0.0,9.745527,0.0,0.0,0.0,0.0,3.9698045,0.0,0.0,0.0,5.1110125,0
0.0,0.0,0.0,0.0,0.0,0.0,13.871987,0.0,0.0,0.0,0.0,4.204325,0.0,0.0,0.0,5.809019,0
0.0,0.0,0.0,0.0,0.0,0.0,13.977221,0.0,0.0,0.0,0.0,3.7618682,0.0,0.6525175,0.0,5.7903075,0
0.28791478,0.0,0.0,0.0,0.0,0.0,8.565723,0.0,0.0,0.0,0.0,3.9104261,0.0,0.0,0.0,4.4959087,0
0.0,0.0,0.0,0.0,0.0,0.0,12.238969,0.0,0.0,0.0,0.0,4.6876745,0.0,0.0,0.0,4.3415165,0
0.0,0.0,0.0,0.0,0.0,0.0,9.416068,0.0,0.0,0.0,0.0,2.9742854,0.0,0.0,0.0,5.128312,0
0.0,0.0,0.0,0.0,0.0,0.0,13.196484,0.0,0.0,0.0,0.0,3.595247,0.0,0.5485909,0.0,4.424469,0
0.0,0.0,1.7655067,0.0,2.3704662,0.0,0.0,0.0,0.0,2.4129903,0.0,0.0,0.0,0.0,0.0,4.068556,0
0.0,0.0,6.2621307,0.0,9.233051,0.0,0.0,0.0,4.9218407,9.271218,0.0,0.06846853,0.0,0.0,0.0,0.0,0
0.0,0.0,0.0,0.0,0.0,0.0,7.784439,0.0,0.0,0.0,0.0,0.8284948,0.0,0.0,0.0,5.9939933,0
1.0934546,0.0,0.0,0.0,0.0,0.0,2.4375002,0.0,0.0,0.0,0.0,1.6582186,0.0,0.30705395,0.0,3.421578,0
0.0,0.0,0.0,0.0,0.0,0.0,7.5122514,0.0,0.0,2.2854257,0.0,0.92716956,0.0,0.0,0.0,4.9988165,0
1.0752087,0.0,1.3843156,0.0,2.944667,0.0,0.8024777,0.0,0.0,2.2587132,0.0,0.0,0.0,0.5798417,0.0,4.244104,0
0.0,0.0,2.5924604,0.0,1.257735,0.0,2.1635416,0.0,0.0,4.6012063,0.0,0.0,0.0,0.0,0.0,7.5907664,0
0.0,0.0,0.0,0.0,0.0,0.0,11.558815,0.0,0.0,0.0,0.0,2.5883362,0.0,0.0,0.0,4.1823,0
0.0,0.0,0.97178686,0.0,3.976631,0.0,3.6795878,0.0,0.41378814,2.075176,0.0,0.0,0.0,0.0,0.0,1.4552964,0
0.0,0.0,0.0,0.0,0.0,0.0,7.9751396,0.0,0.0,0.0,0.0,2.9769597,0.0,0.0,0.0,4.8110476,0
0.0,0.0,0.0,0.0,0.0,0.0,6.710001,0.0,0.0,0.0,0.0,3.3553317,0.0,0.0,0.0,4.882533,0
0.0,0.0,0.0,0.0,0.0,0.0,8.30196,0.0,0.0,0.0,0.0,0.56012654,0.0,0.0,0.0,4.999108,0
0.0,0.0,0.0,0.0,0.0,0.0,10.374509,0.0,0.0,0.0,0.0,0.0,0.0,0.0,0.0,5.0487933,0
0.0,0.0,0.0,0.0,0.0,0.0,13.595761,0.0,0.0,0.0,0.0,2.870353,0.0,0.0,0.0,8.045637,0
0.976205,0.0,2.699901,0.0,5.968744,0.0,0.0,0.0,4.2281365,4.110676,0.0,0.0,0.0,0.0,0.0,1.6396167,0
0.0,0.0,1.2752253,0.0,0.50707376,0.0,0.12736967,0.0,0.0,2.939826,0.0,0.0,0.0,0.0,0.0,2.806684,0
0.0,0.0,1.6547016,0.0,2.8330548,6.102901,3.6976647,0.0,3.663773,0.8805749,0.47279483,0.0,0.0,0.0,0.0,12.64086,0
0.0,0.0,0.0,0.0,0.0,0.0,12.517483,0.0,0.0,0.0,0.0,2.9800293,0.0,0.0,0.0,5.583466,0
0.0,0.0,0.0,0.0,0.0,0.0,7.991208,0.0,0.0,0.0,0.0,1.6537967,0.0,0.0,0.0,4.029785,0
0.0,0.0,0.0,0.0,0.0,0.0,7.3665457,0.0,0.0,0.0,0.0,3.3365479,0.0,0.0,0.0,3.3709664,0
0.0,0.0,0.0,0.0,0.0,0.0,5.2897606,0.0,0.0,0.0,0.0,2.6893322,0.0,0.0,0.0,2.6473932,0
0.0,0.0,0.0,0.0,0.0,0.0,12.759492,0.0,0.0,0.0,0.0,5.26009,0.0,0.0,0.0,6.4762235,0
0.0,0.0,0.0,0.0,0.0,0.0,3.6691566,0.0,0.0,0.72028494,0.0,0.0,0.0,0.0,0.0,2.2878852,0
0.1861101,0.0,0.0,0.0,0.0,0.0,5.130119,0.0,0.0,0.0,0.0,2.711361,0.0,0.0,0.0,1.9544919,0
0.0,0.0,0.0,0.0,0.0,0.0,9.241506,0.0,0.0,0.0,0.0,2.4919991,0.0,0.0,0.0,4.9304028,0
0.0,0.0,0.0,0.0,0.57499516,0.0,4.4906626,0.0,0.0,0.0,0.0,0.0,0.0,0.0,0.0,2.590693,0
0.0,0.0,0.0,0.0,0.2196464,0.0,0.0,0.0,0.0,5.4010553,0.0,0.0,0.0,0.0,0.0,1.2794249,0
0.0,0.0,0.0,0.0,0.0,0.0,8.17614,0.0,0.0,0.0,0.0,3.6171818,0.0,0.0,0.0,3.3269372,0
0.0,0.0,0.0,21.664572,30.47912,52.396564,11.631075,56.57139,0.0,51.942627,43.235054,0.0,0.0,2.6093667,0.0,0.0,1
0.0,0.0,3.345274,0.0,7.9775004,0.0,0.0,6.79934,0.0,11.9383135,0.920335,0.0,0.83187455,3.348938,0.0,1.4991689,1
0.28176138,0.0,2.5679233,0.0,4.186897,0.0,0.0,4.1894817,0.0,7.9211125,0.0,0.0,0.0,1.9088537,0.0,2.8470945,1
0.0,0.0,0.9333929,0.0,1.5751625,0.0,2.2560935,0.0,0.08316929,2.5461547,0.046177927,0.12327909,0.0,0.0,0.0,3.4152822,1
0.0,0.0,1.7934524,0.0,0.11456735,0.0,1.5906893,0.8026853,1.7869996,4.579141,1.6115099,0.0,0.0,0.0,0.0,2.341383,1
3.7495348,0.05491513,0.0,20.141428,3.0032759,11.269967,0.0,7.2219,0.0,16.804113,9.815129,0.0,0.0,0.0,6.4314895,0.0,1
0.37461713,0.0,4.0983877,0.0,4.5914526,0.0,0.0,0.0,0.0,5.539012,0.0,0.0,0.0,1.4178408,0.0,4.32809,1
0.0,0.0,0.0,23.181648,24.738588,42.477818,9.771659,47.937252,0.0,42.06447,37.239597,0.0,0.0,0.0,0.0,0.0,1
0.0,0.0,0.0,0.0,0.0,0.0,4.2088823,0.0,0.0,0.0,0.0,0.0,0.0,0.01240718,0.0,3.244747,1
1.7849414,0.0,2.294324,0.0,5.2176824,0.0,0.0,0.0,1.6284693,3.6377761,0.0,0.0,0.0,0.0,0.0,2.3887787,1
0.0,0.0,0.0,0.0,0.0,0.0,8.518454,0.0,0.0,0.0,0.0,4.892049,0.0,0.0,0.0,4.1332684,1
0.0,0.0,4.937818,0.0,5.4662194,0.0,0.0,0.0,0.8243375,5.668342,0.0,0.0,0.0,0.0,0.0,1.4633849,1
0.0,0.0,0.0,18.328966,2.1546004,38.305607,14.411479,39.552166,0.0,31.300255,33.902313,0.0,0.0,0.0,0.0,0.0,1
0.0,0.0,2.3946123,0.0,4.436319,0.0,0.0,0.0,2.9126472,6.385815,0.0,0.0,0.0,0.0,0.0,0.0,1
0.711445,0.0,1.9755589,0.0,4.800859,0.0,0.0,0.0,2.2480142,3.1779616,0.0,0.0,0.0,0.0,0.0,1.1350412,1
0.0,0.0,0.23011054,0.0,0.0,0.0,8.920617,0.0,0.0,0.0,0.0,1.0232415,0.0,0.0,0.0,4.60637,1
0.0,0.0,0.0,0.0,0.0,0.0,9.050752,0.0,0.0,0.0,0.0,0.0,0.0,0.0,0.0,6.2521143,1
3.44721,0.0,0.0,0.0,3.1178892,0.0,0.0,0.0,0.0,9.871526,0.0,0.0,0.0,0.0,0.0,1.7792319,1
0.7799872,0.0,0.0,0.0,1.7951444,0.0,0.0,8.789223,0.0,14.141044,3.1760886,0.0,0.0,0.0,0.0,3.2061977,1
0.0,0.0,4.3899555,0.0,6.2419724,0.0,1.0344768,0.0,0.0,5.0478873,0.0,0.0,0.0,0.0,0.0,2.990138,1
0.0,0.0,0.0,0.0,0.0,0.0,9.2433605,0.0,0.0,0.0,0.0,0.74678683,0.0,0.0,0.0,5.8917894,1
0.0,0.0,0.0,0.0,0.0,0.0,8.046743,0.0,0.0,0.0,0.0,0.0,0.0,0.0,0.0,4.831228,1
0.0,1.7734474,4.4533615,0.0,12.066617,0.0,0.0,6.2384644,0.0,14.116574,2.8202026,0.0,0.0,0.0,0.0,0.0,1
2.4930685,0.0,0.7094162,0.0,6.283569,0.0,0.0,0.0,0.0,4.936024,0.0,0.0,0.0,0.0,0.0,0.25178042,1
3.4494293,0.0,0.0,0.0,0.4962451,0.0,0.40577653,0.0,0.0,0.5342736,0.0,0.8148706,0.0,0.0,0.0,2.1316717,1
0.0,0.0,0.0,0.0,0.0,0.0,7.516703,0.0,0.0,0.0,0.0,3.9560869,0.0,0.0,0.0,0.9949149,1
0.0,0.0,7.609556,0.0,10.2202215,0.0,0.0,0.0,0.0,10.598756,0.0,0.0,0.0,0.0,0.0,0.0,1
0.0,0.0,0.0,0.0,0.0,1.6097628,0.0,0.0,0.0,0.0,1.6218898,0.17218658,0.0,0.0,0.0,0.0,0
0.0,0.0,0.0,0.0,0.0,0.0,0.0,0.0,0.0,1.1231698,1.2860521,0.4711648,0.0,0.0,0.0,0.0,0
0.0,0.0,1.747186,0.0,0.0,0.0,0.45671684,0.0,1.3394334,3.7523034,0.0,0.0,0.0,0.0,0.0,0.275115,0
0.0,0.0,0.0,0.0,0.0,0.0,0.0,0.0,0.0,0.0,8.714659,4.9561334,0.0,0.0,0.0,0.0,0
0.0,0.0,1.927717,0.0,0.0,4.2553606,6.4752455,0.0,0.0,3.394573,0.0,0.0,0.0,0.0,0.0,1.6308843,0
0.0,0.0,1.6563138,0.0,0.0,1.054085,4.001282,0.0,0.0,3.5156028,0.0,0.0,0.0,0.0,0.0,1.2805321,0
1.2855085,0.0,2.3636754,0.0,0.0,0.5886924,5.077178,0.0,1.1584916,6.6920285,0.0,0.0,0.0,0.0,0.0,2.3003736,0
0.0,0.0,0.8046163,0.0,0.0,5.6026335,3.6906462,0.0,0.0,4.1875076,0.0,0.0,0.0,0.0,0.0,0.0,0
0.0,0.0,0.0,0.0,0.0,0.0,0.0,0.0,0.0,0.0,4.7673674,3.6983964,0.0,0.0,0.0,0.0,0
0.0,0.0,1.0808853,0.0,0.0,1.31371,1.2911205,0.0,0.0,3.3836648,0.0,0.0,0.0,0.0,0.0,0.0,0
0.0,0.0,0.23700705,0.0,0.0,0.0,0.0,0.0,0.595565,0.15243407,0.034818344,0.0,0.0,0.0,0.0,0.0,0
0.0,24.909592,0.0,0.0,0.0,5.1679187,0.0,0.0,0.0,0.0,37.814747,51.496536,0.0,19.046154,0.0,0.0,0
0.0,0.0,0.0,0.0,0.0,0.0,0.0,0.0,0.0,2.6162784,0.0,0.0,0.0,0.0,0.0,0.0,0
0.0,0.0,0.24459758,0.0,0.0,0.571287,0.0,0.0,0.0,1.3139706,1.0962979,1.3405709,0.0,0.0,0.0,0.0,0
0.0,0.0,0.0,0.0,0.0,0.0,0.0,0.0,0.0,0.0,5.511927,0.33839437,0.0,0.0,0.0,0.0,0
0.0,0.0,0.6510566,0.0,0.0,4.4185166,6.28855,0.0,0.0,5.058812,0.0,0.0,0.0,0.0,0.0,0.0,0
0.0,0.0,0.0,0.0,0.0,0.0,0.0,0.0,0.0,0.0,13.613954,14.068167,0.0,0.0,0.0,0.0,0
0.0,0.0,0.0,0.0,0.0,0.0,0.0,0.0,0.0,1.1025474,1.2461159,0.04981455,0.0,0.0,0.0,0.0,0
0.0,0.0,2.5280848,0.0,0.0,0.0,0.0,0.0,2.9628577,1.7983491,0.52138126,0.0,0.0,0.0,0.0,0.0,0
0.0,0.0,0.0,0.0,0.0,0.0,0.0,0.0,1.4127321,3.2792456,0.0,0.0,0.0,0.0,0.0,0.0,0
0.0,0.0,0.0,0.0,0.0,0.532416,0.0,0.0,0.0,0.0,6.5994744,7.2924566,0.0,0.0,0.0,0.0,0
0.0,0.0,0.0,0.0,0.0,0.0,0.0,0.0,0.09462076,2.1795666,1.9160515,0.0,0.0,0.0,0.0,0.0,0
0.0,0.0,0.0,0.0,0.0,0.0,0.0,0.0,0.0,1.2994773,1.4807105,2.6391418,0.0,0.0,0.0,0.0,0
0.0,0.0,0.0,0.0,0.0,0.0,0.0,0.0,0.0,0.0,14.17069,1.3414476,0.0,0.0,0.0,0.0,0
0.0,0.0,0.0,0.0,0.0,1.5253532,0.0,0.0,0.0,1.9817684,1.637969,1.8602417,0.0,0.0,0.0,0.0,0
0.0,0.0,0.0,0.0,0.0,0.0,0.0,0.0,0.0,0.0,9.394644,11.076928,0.0,2.9749246,0.0,0.0,0
0.0,0.0,0.0,0.0,0.0,0.0,0.0,0.0,0.0,0.0,10.973008,5.1418176,0.0,0.0,0.0,0.0,0
0.0,0.0,0.0,0.0,0.0,0.0,0.0,0.0,0.5463659,0.40727445,1.4754242,0.9482942,0.0,0.0,0.0,0.0,0
0.0,0.0,0.0,0.0,0.0,0.0,0.0,0.0,0.0,0.0,5.7903767,5.0202255,0.0,0.0,0.0,0.0,0
0.0,0.0,0.47349384,0.0,0.0,2.7012615,0.0,0.0,0.0,0.0,0.0,0.0,0.0,0.0,0.0,0.0,0
0.0,0.0,0.81946063,0.0,0.0,0.7814293,1.2954326,0.0,0.0,1.5281106,0.0,0.0,0.0,0.0,0.0,0.0,0
0.0,0.0,2.5090096,0.0,0.0,3.558529,0.0,0.0,0.0,0.6088683,0.4358052,0.28291067,0.0,0.0,0.0,0.0,0
1.0165471,0.0,1.5223812,0.0,0.0,4.0115356,3.864183,0.0,0.0,2.5597804,0.0,0.290827,0.0,0.0,0.0,0.0,0
0.0,0.0,0.0,0.0,0.0,0.0,0.0,0.0,2.5087314,2.7548578,4.506691,2.7662182,0.0,0.0,0.0,0.0,0
0.0,0.0,3.1349945,0.0,0.0,1.7237495,8.091667,0.0,2.568844,7.611938,0.0,0.0,0.0,0.0,0.0,2.1795633,0
0.53251696,0.0,3.1969419,0.0,0.0,3.0641022,5.911565,0.0,2.294857,4.098032,0.0,0.0,0.0,0.0,0.0,0.70889896,0
0.0,0.0,0.008057629,0.0,0.0,3.3699627,5.0289445,0.0,0.0,4.6337276,0.0,0.0,0.0,0.0,0.0,0.0,0
0.0,0.0,0.0,0.0,0.0,2.7239966,0.0,0.0,0.0,0.0,3.3695698,2.2154706,0.0,0.0,0.0,0.0,0
0.0,0.0,0.0,0.0,0.0,0.0,0.0,0.0,0.0,0.0,0.0,0.9601373,0.0,0.0,0.0,0.0,0
0.0,0.0,2.7132144,0.0,0.0,0.0,3.1545033,0.0,1.5572677,4.1201634,0.0,0.0,0.0,0.0,0.0,0.16109085,0
0.0,0.0,0.0,0.0,0.0,0.0,0.0,0.0,0.0,0.0,9.08288,1.1820776,0.0,0.0,0.0,0.0,0
0.0,0.0,0.0,0.0,0.0,0.0,0.0,0.0,0.0,0.0,7.232985,0.0,0.0,0.0,0.0,0.0,0
0.0,0.0,0.63641244,0.0,0.0,0.0,0.0,0.0,4.3354454,2.821358,1.5257735,0.2310122,0.0,0.0,0.0,0.0,0
0.0,0.0,0.0,0.0,0.0,0.0,0.0,0.0,0.0,0.0,5.161445,4.2897916,0.0,0.0,0.0,0.0,0
0.0,0.0,1.290494,0.0,0.0,4.9623914,2.853522,0.0,0.0,4.026176,0.0,0.0,0.0,0.0,0.0,0.0,0
0.0,0.0,0.0,0.0,0.0,0.0,0.0,0.0,0.0,0.0,16.777239,17.596445,0.0,0.0,0.0,0.0,0
0.0,0.0,0.50629073,0.0,0.0,2.5826786,0.0,0.0,0.0,0.68244046,0.0,0.0,0.0,0.0,0.0,0.0,0
0.0,0.0,0.04710034,0.0,0.0,1.7842199,1.3873501,0.0,0.0,2.5520217,0.0,0.0,0.0,0.0,0.0,0.0,0
0.0,0.0,2.0744052,0.0,0.0,3.2181268,5.119199,0.0,0.0,4.1947694,0.0,0.0,0.0,0.0,0.0,0.4023193,0
0.0,0.0,0.0,0.0,0.0,0.22973809,0.0,0.0,0.0,2.9625022,1.4406651,0.0,0.0,0.0,0.0,0.0,0
0.8134341,0.0,2.3128037,0.0,0.0,2.5006237,5.646083,0.0,1.0801611,4.366849,0.0,0.0,0.0,0.0,0.0,1.8636757,0
0.0,0.0,0.0,0.0,0.0,0.0,0.0,0.0,0.0,0.0,3.0234046,1.2085097,0.0,0.0,0.0,0.0,0
0.0,0.0,2.6974976,0.0,0.0,3.1668696,3.7624545,0.0,1.1865399,3.2959685,0.0,0.0,0.0,0.0,0.0,0.0,0
0.0,0.0,2.0631025,0.0,0.0,4.5813637,7.6186886,0.0,0.0,5.603187,0.0,0.0,0.0,0.0,0.0,2.0963728,0
0.0,0.0,1.3567774,0.0,0.0,0.9531213,2.3823133,0.0,0.0,2.3271499,0.0,0.0,0.0,0.0,0.0,0.0,0
0.0,0.0,0.11129693,0.0,0.0,0.98268896,1.4941882,0.0,0.0,1.4011978,0.0,0.0,0.0,0.0,0.0,0.05905846,0
0.0,0.0,0.0,0.0,0.0,0.0,0.0,0.0,0.75850993,1.3658359,0.0,0.0,0.0,0.0,0.0,0.0,0
0.0,0.0,0.0,0.0,0.0,1.737003,1.1738403,0.0,0.0,4.87756,0.0,0.0,0.0,0.0,0.0,0.0,0
0.0,0.0,1.7687213,0.0,0.0,4.399077,0.5815154,0.0,0.0,4.227588,0.0,0.0,0.0,0.0,0.0,0.0,0
0.0,0.0,2.6783848,0.0,0.0,4.477084,5.5325313,0.0,1.7869582,2.7846162,0.0,0.0,0.0,0.0,0.0,0.48260385,0
0.0,0.0,0.81679446,0.0,0.0,2.6749368,2.0530677,0.0,0.0,0.9836003,0.0,0.0,0.0,0.0,0.0,0.0,0
0.0,0.0,0.0,0.0,0.0,0.0,0.0,0.0,0.8379279,0.0,14.457687,2.087435,0.0,0.0,0.0,0.0,1
0.0,59.26349,0.0,0.0,0.0,0.0,0.0,0.0,0.0,0.0,21.948324,63.77594,0.0,72.827736,0.0,0.0,1
0.0,0.0,0.0,0.0,0.0,0.0,0.0,0.0,0.0,0.0,5.6007314,2.2003236,0.0,0.0,0.0,0.0,1
4.924654,28.83583,0.0,0.0,0.0,6.1177106,0.0,0.0,0.0,0.0,31.156338,22.984291,14.567558,7.995712,0.7890902,0.0,1
0.0,3.6871963,0.0,0.0,0.0,0.0,0.0,0.0,0.0,0.0,33.935375,37.475105,0.0,20.158987,0.0,0.0,1
0.0,0.0,0.0,0.0,0.0,0.0,0.0,0.0,0.0,0.0,9.447032,14.623893,0.0,0.0,0.0,0.0,1
0.0,0.0,0.0,0.0,0.0,0.0,0.0,0.0,0.0,0.0,5.269362,0.23457739,0.0,0.0,0.0,0.0,1
0.0,0.0,0.0,0.0,0.0,0.0,0.0,0.0,0.0,0.0,19.944014,24.368774,0.0,3.7685757,0.0,0.0,1
0.0,0.0,0.0,0.0,0.0,0.0,0.0,0.0,0.0,0.0,14.125195,8.185132,0.0,0.0,0.0,0.0,1
0.0,0.0,0.0,0.0,0.0,0.0,0.0,0.0,0.0,0.0,2.992316,0.0,0.0,0.0,0.0,0.0,1
0.0,0.0,0.0,0.0,0.0,0.0,0.0,0.0,0.0,0.0,24.040667,19.463161,0.0,8.694789,0.0,0.0,1
0.0,0.0,0.0,0.0,0.0,0.0,0.0,0.0,0.0,0.0,10.329646,12.226127,0.0,0.0,0.0,0.0,1
0.0,0.0,0.0,0.0,0.0,0.0,0.0,0.0,0.0,0.0,8.608567,4.890993,0.0,0.0,0.0,0.0,1
0.0,0.0,0.0,0.0,0.0,0.0,0.0,0.0,0.0,0.0,4.9081492,0.0,0.0,0.0,0.0,0.0,1
0.0,1.538219,0.0,0.0,0.0,0.0,0.0,0.0,0.0,0.0,24.574575,29.49724,0.0,11.649615,0.0,0.0,1
0.0,0.0,0.0,0.0,0.0,0.0,0.0,0.0,0.0,0.0,9.973354,4.0770626,0.0,0.0,0.0,0.0,1
0.0,3.167715,0.0,0.0,0.0,2.1968424,0.0,0.0,0.0,0.0,3.1819317,6.6649675,0.0,0.0,0.0,0.0,1
0.0,0.0,0.0,0.0,0.0,0.0,0.0,0.0,0.0,0.0,42.311367,41.984436,0.0,6.8728895,0.0,0.0,1
0.0,0.0,0.0,0.0,0.0,0.0,0.0,0.0,0.0,0.0,1.6762851,0.0,0.0,0.0,0.0,0.0,1
0.0,0.0,0.0,0.0,0.0,0.0,0.0,0.0,0.0,0.0,5.8867617,0.0,0.0,0.0,0.0,0.0,1
0.0,0.0,0.0,0.0,0.0,0.0,0.0,0.0,0.0,2.8956285,1.93579,0.0,0.0,0.0,0.0,0.0,1
22.598513,26.459322,0.0,0.0,8.18164,14.6467495,0.0,0.0,0.0,0.0,23.174313,32.02391,0.0,21.06546,0.0,0.0,1
0.0,0.0,0.0,0.0,0.0,0.0,0.0,0.0,0.0,0.0,14.28287,14.071011,0.0,0.0,0.0,0.0,1
0.0,0.0,0.0,0.0,0.0,0.0,0.0,0.0,0.0,0.0,3.142526,3.7408736,0.0,0.0,0.0,0.0,1
0.0,4.704979,0.0,0.0,0.0,8.209883,0.0,0.0,0.0,0.0,39.00712,43.778904,0.18936808,1.4315424,0.0,0.0,1
0.0,0.0,0.0,0.0,0.0,0.0,0.0,0.0,0.0,0.0,41.399,44.55257,0.0,10.382618,0.0,0.0,1
0.0,0.0,0.0,0.0,0.0,0.0,0.0,0.0,0.0,0.12954111,4.880802,0.0,0.0,0.0,0.0,0.0,1
0.0,3.2609735,0.0,0.0,1.7795546,0.0,0.76806146,0.0,0.0,0.0,0.0,0.0,0.0,0.0,0.0,0.0,0
0.0,3.932496,2.8626783,0.0,0.22899427,2.7689157,0.9028383,0.0,0.0,0.994316,0.0,3.989012,0.08606568,0.0,0.0,0.0,0
0.0,4.5876102,5.6207113,0.0,0.0,4.3183565,1.8718333,0.0,0.0,1.7112577,0.0,4.4595394,1.1695594,0.0,0.0,0.0,0
0.0,3.506074,0.0,0.0,1.2358097,0.0,0.0,0.0,0.0,0.0,0.0,1.2139505,1.1378337,0.0,0.0,0.0,0
0.0,4.988033,5.8222117,0.0,0.0,4.0208344,0.021867666,0.0,0.0,0.0,0.0,8.505952,0.0,0.0,0.0,0.0,0
1.5251869,0.89453214,0.0,0.0,0.0,0.0,0.0,0.0,0.0,0.0,0.0,2.4004557,0.0,0.0,0.0,0.0,0
0.0,6.1875877,4.904831,0.0,0.16836812,0.0,1.7081627,0.0,0.0,0.56316483,0.0,5.021004,1.5858259,0.0,0.0,0.0,0
0.0,5.2666655,4.637447,0.0,0.0,3.171313,3.8757806,0.0,0.0,2.202152,0.0,4.679861,2.7675414,0.0,0.0,0.0,0
0.0,4.0928674,3.3365126,0.0,0.0,1.9183599,0.0,0.0,0.0,0.0,0.0,5.436679,0.0,0.0,0.0,0.0,0
0.0,3.840777,2.807075,0.0,0.0,0.7336683,1.2759211,0.0,0.07209585,1.4390656,0.0,3.4083495,0.579365,0.0,0.0,0.0,0
0.0,3.9018018,3.4265873,0.0,0.0,0.0,2.0966184,0.0,0.0,0.33822992,0.0,3.1095364,1.330114,0.0,0.0,0.0,0
0.0,4.9211235,4.614734,0.0,1.027308,0.45012826,1.2045267,0.0,0.0,0.682349,0.0,4.434742,0.43610337,0.0,0.0,0.0,0
0.21381913,1.2944175,0.6267967,0.0,0.36968425,1.0637454,0.0,0.0,0.0,0.0,0.0,3.0388038,0.0,0.0,0.0,0.0,0
0.0,2.555186,0.0,0.0,1.7984817,1.7115792,0.0,0.0,0.0,0.0,0.0,3.02582,0.0,0.0,0.0,0.0,0
0.0,3.5227673,2.4507701,0.0,0.0,1.1386985,0.0,0.0,0.0,0.0,0.0,6.587791,0.0,0.0,0.0,0.0,0
0.17589961,0.0,0.0,0.0,7.508446,0.0,0.0,0.0,10.497424,0.0,0.0,0.0,0.0,0.0,0.0,0.0,0
0.0,2.0520153,2.0697086,0.0,0.0,1.1246607,0.0,0.0,0.0,0.0,0.0,5.3491225,0.0,0.0,0.0,0.0,0
0.0,0.6801946,0.0,0.0,0.8149641,0.0,0.0,0.0,0.0,0.0,0.0,0.0,0.0,0.0,0.0,0.0,0
0.0,7.777036,6.5432262,0.0,0.36928046,2.0361013,2.6952944,0.0,0.0,2.2007973,0.0,6.429145,2.0538251,0.0,0.0,0.0,0
0.0,2.2718308,0.0,0.0,0.7178925,0.0,1.2831619,0.0,0.0,0.0,0.0,1.7775931,2.5287452,0.0,0.0,0.0,0
0.0,3.815792,3.8431504,0.0,1.553426,0.0,2.0492811,0.0,0.0,0.2005938,0.0,3.0769198,2.0475206,0.0,1.7447655,0.7323609,0
0.0,2.2657232,2.0099366,0.0,0.0,1.0216217,0.87535685,0.0,0.0,1.6459979,0.0,2.8698697,0.7415645,0.0,0.0,0.0,0
0.51561654,5.227381,3.7594826,0.0,0.0,0.1354471,0.4736108,0.0,0.0,0.0,0.0,6.0028405,0.51752603,0.0,0.0,0.0,0
0.0,5.7406263,5.2733746,0.0,0.0,2.9162774,1.2822632,0.0,0.0,0.0,0.0,6.6993647,1.4844875,0.0,0.0,0.0,0
2.0863733,2.6521044,1.4988725,0.0,0.068284266,0.63333803,0.0,0.0,0.0,0.0,0.0,3.9622977,0.0,0.0,0.0,0.0,0
0.0,5.2899976,5.6905117,0.0,0.0,2.3469434,0.0,0.0,0.0,0.0,0.0,7.041811,0.0,0.0,0.0,0.0,0
0.0,3.6411338,2.1671536,0.0,0.0,0.6041688,1.5128907,0.0,0.0,0.5043207,0.0,1.3504549,0.62240964,0.0,0.0,0.0,0
0.0,3.337547,3.9045262,0.0,0.0,0.8228202,0.0,0.0,0.0,0.0,0.0,4.92457,0.0,0.0,0.0,0.0,0
0.0,0.0,0.0,0.0,0.12491096,0.0,0.0,0.0,3.3175638,0.0,0.0,0.0,0.0,0.0,0.0,0.0,0
1.8130324,4.6614966,4.943124,0.0,0.0,0.76058763,0.0,0.0,0.0,0.0,0.0,8.2456045,0.0,0.0,0.0,0.0,0
0.0,4.5356007,6.711818,0.0,1.0176979,3.8700416,1.7362133,0.0,0.0,3.3198216,0.0,4.6216006,0.06774649,0.0,0.0,0.0,0
0.054030996,1.3352354,0.0,0.0,1.654903,0.0,1.1921777,0.0,0.0,0.0,0.0,0.0,0.4917945,0.0,0.0,0.0,0
0.0,3.83669,2.2399883,0.0,0.0,1.1476945,0.31093028,0.0,0.0,0.0,0.0,5.2972894,0.0,0.021980932,0.0,0.0,0
1.1051835,5.0341253,4.5622826,0.0,0.0,1.7470541,0.0,0.0,0.0,0.0,0.0,7.5679255,0.0,0.0,0.0,0.0,0
0.0,4.017975,1.4328643,0.0,0.6224172,2.5403497,0.0,0.0,0.0,0.0,0.0,5.122461,0.0,0.0,0.0,0.0,0
0.0,1.921215,0.8671689,0.0,1.5634937,2.9496171,0.0,0.0,0.0,0.0,0.0,1.6725972,0.0,0.0,0.0,0.0,0
3.9597936,1.409455,1.6875012,0.0,0.0,0.0,0.0,0.0,0.0,0.0,0.0,4.4900784,0.0,0.0,0.0,0.0,0
0.0,4.6545777,3.4267225,0.0,1.5097234,0.0,0.0,0.0,0.0,0.0,0.0,4.1422067,0.0,0.0,0.0,0.0,0
0.8008946,0.281159,0.0,0.0,0.0,0.0,0.0,0.0,0.0,0.0,0.0,0.1894177,0.07757726,0.0,0.0,0.0,0
0.0,4.573864,5.9361315,0.0,0.08223129,2.554551,2.1671782,0.0,0.0,0.828257,0.0,5.3995843,0.5635239,0.0,0.0,0.0,0
0.0,3.72446,2.7030902,0.0,0.0,0.0,0.86243397,0.0,0.0,0.0,0.0,4.0664372,0.6560445,0.0,0.0,0.0,0
0.0,4.0451875,4.2483377,0.0,0.6821891,0.59846675,1.4725672,0.0,0.0,1.0255107,0.0,3.9815586,0.91523045,0.0,0.0,0.0,0
1.9999748,1.8026085,0.0,0.0,0.0,0.0,0.0,0.0,0.0,0.0,0.0,1.3770741,0.0,0.0,0.0,0.0,0
0.0,6.3860173,4.69824,0.0,0.0,1.5852585,1.6989342,0.0,0.0,0.0,0.0,7.214844,0.0,0.0,0.0,0.0,0
0.0,3.9163268,2.723253,0.0,0.29387528,1.5152272,1.9976275,0.0,0.0,0.6021859,0.0,2.9577515,0.4836165,0.0,0.0,0.0,0
2.1831214,2.9813778,3.7951505,0.0,0.0,0.0,0.0,0.0,0.0,0.0,0.0,7.2803235,0.0,0.0,0.0,0.0,0
0.0,3.9433112,3.3423176,0.0,0.0,3.559659,0.64901716,0.0,0.0,0.0,0.0,6.338222,0.0,0.0,0.0,0.0,0
0.0,4.7225513,4.3787284,0.0,0.0,2.6308296,0.0,0.0,0.0,0.0,0.0,6.8671556,0.0,0.0,0.0,0.0,0
0.21230315,1.8403919,1.5560422,0.0,0.359249,0.0,0.0,0.0,0.0,0.0,0.0,4.938256,0.0,0.0,0.0,0.0,0
7.787423,0.0,0.0,0.0,18.90105,0.0,0.0,0.0,25.262001,0.0,0.0,0.0,0.0,0.0,11.186027,0.5170514,0
0.0,4.1967483,1.980803,0.0,0.120901205,0.9549289,1.3285545,0.0,0.0,0.0,0.0,3.2875354,0.51802146,0.0,0.0,0.0,0
0.0,3.0328288,3.1139622,0.0,0.0,0.0,0.5004576,0.0,0.0,0.0,0.0,4.7098966,0.0,0.0,0.0,0.0,0
3.5404599,2.5079458,0.67391175,0.0,0.0,0.32084975,0.0,0.0,0.0,0.0,0.0,4.1157136,0.0,0.0,0.0,0.0,0
0.0,3.847763,2.4728713,0.0,0.40913635,2.0799706,0.0,0.0,0.0,0.0,0.0,4.7734857,0.0,0.0,0.0,0.0,0
0.0,1.8746188,0.0,0.0,0.7772905,0.0,0.0,0.0,0.0,0.0,0.0,0.6443484,0.4245299,0.0,0.5302155,0.0,0
0.0,5.489878,4.830606,0.0,0.0,0.0,1.1303707,0.0,0.0,0.0,0.0,4.7248807,0.0,0.0,0.0,0.0,0
4.33241,2.6746957,0.0,0.0,1.3129562,0.0,0.0,0.0,0.0,0.0,0.0,0.0,0.0,0.0,0.0,0.0,0
0.0,3.0682292,0.0,0.0,0.042563446,0.0,0.0,0.0,0.0,0.0,0.0,0.0,0.0,0.0,0.0,0.0,0
0.0,3.3065038,3.402155,0.0,1.020338,4.657013,0.0,0.0,0.0,0.0,0.0,4.422661,0.0,0.0,0.0,0.0,0
0.0,0.96850026,0.0,0.0,0.0,0.0,0.0,0.0,0.0,0.0,0.0,0.96076643,0.0,0.0,0.0,0.0,0
0.0,1.8606715,0.0,0.0,0.632097,0.0,0.0,0.0,0.0,0.0,0.0,0.0,0.0,0.0,0.0,0.0,0
0.044481855,2.7378008,4.3357754,0.0,0.0,3.6346872,0.841878,0.0,0.0,0.0,0.0,5.842219,0.0,0.0,0.0,0.0,1
0.0,0.0,0.0,0.0,5.002406,0.0,0.0,0.0,4.497029,0.0,0.0,0.0,0.0,0.0,0.0,0.0,1
0.0,0.0,0.0,0.0,7.7515025,0.0,0.0,0.0,4.5995355,0.0,0.0,0.0,0.0,0.0,0.0,0.0,1
1.2701738,1.9364349,0.0,0.0,0.0,0.0,0.0,0.0,0.0,0.0,0.0,1.3199047,0.0,0.0,0.0,0.0,1
0.7420398,0.0,0.0,0.0,6.555189,0.0,0.0,0.0,18.037903,0.0,0.0,0.0,0.0,0.0,0.0,0.0,1
1.8401762,0.0,0.0,0.0,1.350764,0.0,0.0,0.0,0.7455371,0.0,0.0,0.0,0.0,0.0,0.0,0.0,1
2.3549533,3.2543259,0.0,0.0,0.0,0.0,0.0,0.0,0.0,0.0,0.0,1.9754304,0.0,0.0,0.0,0.0,1
0.0,2.1468976,0.0,0.0,0.9445498,0.0,0.0,0.0,2.5444543,0.0,0.0,0.0,0.0,0.0,0.0,0.0,1
0.9799708,2.8985944,2.6601055,0.0,0.0,1.6900547,0.0,0.0,0.0,0.0,0.0,4.9597325,0.0,0.0,0.0,0.0,1
0.0,0.31413493,0.0,0.0,0.0,0.0,0.0,0.0,0.0,0.0,0.0,0.0,0.0,0.0,0.0,0.0,1
0.0,0.0,0.0,0.0,4.369433,0.0,0.0,0.0,1.5033014,0.0,0.0,0.0,0.0,0.0,0.0,0.0,1
0.0,0.0,0.0,0.0,8.449793,0.0,0.0,0.0,12.976645,0.0,0.0,0.0,0.0,0.0,0.0,0.0,1
2.6025953,2.3786683,2.6241093,0.0,0.0,0.69121224,0.0,0.0,0.0,0.0,0.0,3.9405324,0.0,0.0,0.0,0.0,1
0.0,5.6284876,3.565955,0.0,0.69823265,1.737511,3.2404099,0.0,0.0,0.9016085,0.0,2.9800248,0.9398484,0.0,0.0,0.0,1
0.0,0.55994177,0.0,0.0,8.499289,0.0,0.0,0.0,1.1874144,0.0,0.0,0.0,0.0,0.0,0.0,0.0,1
0.56037056,2.9508853,0.6960014,0.0,0.0,0.0,0.0,0.0,0.0,0.0,0.0,2.6285987,0.0,0.0,0.0,0.0,1
0.0,0.0,0.0,0.0,0.0,0.0,0.0,0.0,0.0,0.0,0.0,0.0,0.0,0.0,0.0,0.0,1
0.0,3.3356807,0.7357695,0.0,0.18563162,0.0,0.0,0.0,0.0,0.0,0.0,3.38094,0.0,0.0,0.0,0.0,1
2.2650456,3.010779,0.0,0.0,0.0,0.0,0.0,0.0,0.0,0.0,0.0,1.7142733,0.0,0.0,0.0,0.0,1
3.6549125,0.62363946,0.0,0.0,0.0,0.0,0.0,0.0,0.0,0.0,0.0,0.081194036,0.21485606,0.0,0.0,0.0,1
2.4049811,2.9731371,0.0,0.0,0.0,0.0,0.0,0.0,0.0,0.0,0.0,0.0,0.0,0.0,0.0,0.0,1
0.11225425,0.6644596,1.2815655,2.6252894,7.8971524,0.0,0.0,0.0,1.6033071,0.0,0.0,1.0042744,0.0,0.0,5.660239,2.5351427,1
0.49265036,0.0,0.0,0.0,0.0,0.0,0.0,0.0,0.0,0.0,0.0,0.0,0.0,0.0,0.0,0.0,1
0.0,3.3391364,1.8760688,0.0,0.0,0.0,0.25142732,0.0,0.0,0.0,0.0,4.1403785,1.4643139,0.0,0.0,0.0,1
0.0,0.0,0.0,0.0,0.0,0.0,0.0,0.0,6.5956645,0.0,0.0,0.0,0.0,0.0,0.0,0.0,1
0.0,0.0,0.0,0.0,11.464983,0.0,0.0,0.0,12.706666,0.0,0.0,0.0,0.0,0.0,0.0,0.0,1
1.6099607,0.0,0.0,0.0,0.0,0.0,0.0,0.0,3.2499826,1.2169337,0.0,0.0,0.0,0.0,0.0,0.0,0
0.0,0.0,0.0,0.0,0.0,0.0,0.0,0.0,0.17962217,0.63537014,0.0,3.5233293,0.0,0.0,0.0,0.0,0
5.481996,0.0,0.0,0.0,0.0,0.0,0.0,0.0,1.2466987,5.207086,0.0,0.0,0.0,0.0,1.7207854,0.0,0
2.4726744,0.0,0.0,0.0,0.0,0.0,0.0,0.0,3.630294,0.4444574,0.0,0.0,0.0,0.0,0.0,0.0,0
2.8560588,0.0,0.0,0.0,3.5293026,0.0,0.9198969,0.0,3.227837,0.0,0.0,0.0,0.0,0.0,0.0,0.0,0
2.1921723,0.0,0.0,0.0,0.48094502,0.0,0.0,0.0,2.8848255,0.0,0.0,0.0,0.0,0.0,0.0,0.0,0
5.1645756,0.0,0.0,0.0,0.0,0.0,0.0,0.0,0.0,4.0189037,0.0,3.0775862,0.0,0.0,0.0,0.0,0
3.1196046,0.0,0.0,0.0,0.0,0.0,0.0,0.0,0.0,4.5501413,0.0,7.426545,0.0,0.0,0.0,0.0,0
3.7671247,0.0,0.0,0.0,6.093564,0.0,0.0,0.0,2.6874325,0.0,0.0,0.0,0.0,0.0,0.0,1.5281053,0
3.829507,0.0,0.0,0.0,5.934984,0.0,1.5856222,0.0,5.065701,0.0,0.0,0.0,0.0,0.0,0.0,0.0,0
1.057278,0.0,0.0,0.0,6.5181093,0.0,0.0,0.0,4.3493395,0.0,0.0,0.0,0.0,0.6660964,1.1487983,0.0,0
5.53271,0.0,0.0,0.0,5.382756,0.0,2.6575065,0.0,6.051857,0.0,0.0,0.0,0.0,0.0,0.0,0.0,0
1.595642,0.0,0.0,0.0,0.0,0.0,0.0,0.0,2.439068,1.2005136,0.0,0.0,0.0,0.0,0.13890484,0.0,0
1.1898605,0.0,0.0,0.0,0.0,0.0,0.0,0.0,0.0,3.6738064,0.0,2.6716812,0.0,0.0,0.0,0.0,0
1.7295797,0.0,0.0,0.0,1.611843,0.0,3.3536584,0.0,5.8327537,0.0,0.0,0.0,0.0,0.0,1.2981539,0.0,0
2.6638906,0.0,0.0,0.0,0.0,0.0,0.0,0.0,2.8672035,1.7040052,0.0,3.6054795,0.0,0.0,0.0,0.0,0
0.90250504,0.0,0.0,0.0,0.0,0.0,0.0,0.0,1.4703039,0.31560123,0.0,0.0,0.0,0.0,0.0,0.0,0
2.0436478,0.0,0.0,0.0,4.267082,0.0,3.003534,0.0,1.9645376,0.0,0.0,0.0,0.0,0.0,1.1274937,0.0,0
3.046606,0.0,0.0,0.0,0.0,0.0,0.0,0.0,9.191715,0.0,0.0,0.0,0.0,0.0,0.7413756,0.0,0
4.017688,0.0,0.0,0.0,0.0,0.0,0.0,0.0,2.733163,0.8165301,0.0,0.0,0.0,0.0,0.0,0.0,0
2.7598612,0.0,0.0,0.0,4.3447533,0.0,1.7172765,0.0,2.6620162,0.0,0.0,0.0,0.0,0.0,0.0,0.0,0
1.75008,0.0,0.0,0.0,0.0,0.0,0.0,0.0,0.0,3.4412534,0.0,2.1904042,0.0,0.0,0.0,0.0,0
1.2490256,0.0,0.0,0.0,2.895658,0.0,0.138187,0.0,5.6221576,0.0,0.0,0.0,0.0,0.0,1.4653698,0.0,0
3.283254,0.0,0.0,0.0,2.9926505,0.0,2.7241309,0.0,3.7167933,0.0,0.0,0.0,0.0,0.0,0.35668972,0.0,0
13.444035,0.0,0.0,0.0,0.0,0.0,0.0,0.0,0.0,9.401326,0.0,6.2008495,0.0,0.0,0.0,0.0,0
2.1808476,0.0,0.0,0.0,3.9743216,0.0,0.0,0.0,0.8866726,0.0,0.0,0.0,0.0,0.0,0.0,0.4729299,0
0.9576364,0.0,0.0,0.0,3.511766,0.0,0.8899459,0.0,4.748968,0.0,0.0,0.0,0.0,0.0,1.7192198,0.0,0
0.0,85.74414,19.46153,42.055443,0.0,0.0,0.0,0.0,0.0,54.196102,0.0,42.960594,61.079086,0.0,0.0,0.0,0
4.474788,0.0,0.0,0.0,0.0,0.0,0.0,0.0,0.98369056,1.4912437,0.0,0.0,0.0,0.0,1.234654,0.0,0
3.034032,0.0,0.0,0.0,0.0,0.0,0.0,0.0,0.0,2.459321,0.0,3.1780703,0.0,0.0,0.0,0.0,0
0.0,0.0,0.0,0.0,0.0,0.0,0.0,0.0,1.2318083,1.4029301,0.0,4.7738657,0.0,0.0,0.0,0.0,0
0.9663628,0.0,0.0,0.0,1.2495524,0.0,0.1763563,0.0,1.8447928,0.0,0.0,0.0,0.0,0.0,0.0919277,0.0,0
1.1144345,0.0,0.0,0.0,3.7043839,0.0,0.0,0.0,2.7036788,0.0,0.0,0.0,0.0,0.0,0.0,0.0,0
2.997849,0.0,0.0,0.0,4.8761187,0.0,3.6952107,0.0,7.07834,0.0,0.0,0.0,0.0,0.0,1.4399291,0.0,0
4.661764,0.0,0.0,0.0,4.0059366,0.0,0.0,0.0,2.082517,1.3485405,0.0,0.0,0.0,0.0,2.3152344,0.0,0
4.4892616,0.0,0.0,0.0,4.683383,0.0,2.1028335,0.0,4.005776,0.0,0.0,0.0,0.0,0.0,0.2934611,0.0,0
3.5419364,0.0,0.0,0.0,5.563285,0.0,1.1828555,0.0,3.3739874,0.0,0.0,0.0,0.0,0.0,0.0,0.0,0
4.187176,0.0,0.0,0.0,3.2680159,0.0,0.0,0.0,0.0,2.9996731,0.0,0.0,0.0,0.0,0.0,0.0,0
2.1649258,0.0,0.0,0.0,6.931903,0.0,0.0,0.0,5.2532687,0.0,0.0,0.0,0.0,0.0,0.57236,0.0,0
0.577145,0.0,0.0,0.0,0.0,0.0,0.0,0.0,0.67173004,0.0,0.0,0.7724594,0.0,0.0,0.0,0.0,0
4.3141537,0.0,0.0,0.0,0.0,0.0,0.0,0.0,3.585861,0.0,0.0,0.0,0.0,0.0,0.27129957,0.0,0
2.6001027,0.0,0.0,0.0,0.0,0.0,0.0,0.0,0.0,4.687571,0.0,2.1051614,0.0,0.0,0.0,0.0,0
2.9787793,0.0,0.0,0.0,0.0,0.0,0.0,0.0,3.874089,1.3119755,0.0,0.0,0.0,0.0,0.0,0.0,0
2.1002488,0.0,0.0,0.0,2.6660295,0.0,0.0,0.0,2.9270217,0.0,0.0,0.0,0.0,0.0,0.0,0.55648607,0
0.16929147,0.0,0.0,0.0,3.5357373,0.0,3.9404924,0.0,6.208624,0.0,0.0,0.0,0.0,0.0,0.0,0.0,0
1.1195649,0.0,0.0,0.0,0.0,0.0,0.0,0.0,3.7746892,0.85701585,0.0,1.2052298,0.0,0.0,0.0,0.0,0
1.1445467,0.0,0.0,0.0,0.0,0.0,0.0,0.0,0.0,6.2006683,0.0,8.415831,0.0,0.0,0.0,0.0,0
4.6019464,0.0,0.0,0.0,0.0,0.0,0.0,0.0,0.0,3.6910307,0.0,5.121438,0.0,0.0,0.0,0.0,0
3.0487516,0.0,0.0,0.0,3.4093645,0.0,0.0,0.0,7.491204,0.0,0.0,0.0,0.0,1.8827156,1.3171641,0.0,0
1.4084797,0.0,0.0,0.0,4.1870008,0.0,0.6455694,0.0,2.585468,0.0,0.0,0.0,0.0,0.0,0.0,0.0,0
0.6972283,0.0,0.0,0.0,0.0,0.0,0.0,0.0,5.9106603,1.5434767,0.0,0.0,0.0,0.0,0.0,0.0,0
0.0,0.0,0.0,0.0,0.0,0.0,0.0,0.0,4.664213,0.0,0.0,0.0,0.0,0.0,0.0,0.0,0
2.527851,0.0,0.0,0.0,0.60802776,0.0,1.8974258,0.0,5.6094646,0.0,0.0,0.0,0.0,0.0,0.3835757,0.0,0
4.448822,0.0,0.0,0.0,0.0,0.0,0.0,0.0,2.333666,2.640638,0.0,0.0,0.0,0.0,0.0,0.0,0
2.508053,0.0,0.0,0.0,0.0,0.0,0.0,0.0,0.0,1.7114373,0.0,0.55685127,0.0,0.0,0.0,0.0,0
3.3737833,0.0,0.0,0.0,2.4801602,0.0,1.1802024,0.0,5.3184204,0.0,0.0,0.0,0.0,0.0,1.1791767,0.0,0
1.6103289,0.0,0.0,0.0,3.5012803,0.0,0.0,0.0,1.477126,0.0,0.0,0.0,0.0,0.0,0.0,0.0,0
0.0,34.796936,19.558575,18.131275,0.0,0.0,0.0,0.0,0.0,27.383686,0.0,16.939709,23.140604,0.0,2.6064634,0.0,0
0.0,0.0,0.0,0.0,3.204323,0.0,0.19917186,0.0,0.76594806,0.00018419861,0.0,0.0,0.0,0.0,0.0,0.0,0
2.9856768,0.0,0.0,0.0,5.3702717,0.0,0.0,0.0,2.809627,0.0,0.0,0.0,0.0,0.0,0.0,0.0,0
3.4118855,0.0,0.0,0.0,5.0960875,0.0,3.1471071,0.0,4.480698,0.0,0.0,0.0,0.0,0.0,0.42846492,0.0,0
0.8968308,0.0,0.0,0.0,0.0,0.0,0.0,0.0,0.0,12.052544,0.0,16.227966,0.0,0.0,0.0,0.0,1
2.133817,22.076218,0.0,0.0,0.0,0.0,0.0,0.0,0.0,20.641737,0.0,12.585023,0.0,0.0,0.0,0.0,1
3.2838612,0.0,0.0,0.0,0.0,0.0,0.0,0.0,0.0,8.394025,0.0,6.2949686,0.0,0.0,0.0,0.0,1
1.1754959,9.396634,0.0,7.4758015,0.0,0.0,0.0,0.0,0.0,8.820407,0.0,5.4683743,1.8384374,0.0,0.0,0.0,1
1.8732386,0.0,0.0,0.0,0.0,0.0,0.0,0.0,1.4221094,2.396592,0.0,0.0,0.0,0.0,0.0,0.0,1
2.955252,0.0,0.0,0.0,0.0,0.0,0.0,0.0,3.282759,0.0,0.0,0.0,0.0,0.0,1.3445213,0.0,1
3.6476128,0.0,0.0,0.0,0.0,0.0,0.0,0.0,0.0,0.13711391,0.0,5.1281424,0.0,0.0,0.0,0.0,1
0.0,13.014384,0.0,0.0,0.0,0.0,0.0,0.0,0.0,25.293436,0.0,20.65754,0.0,0.0,0.0,0.0,1
6.206114,0.0,0.0,0.0,0.0,0.0,0.0,0.0,0.0,16.967361,0.0,6.209441,0.0,0.0,0.0,0.0,1
0.26489213,0.0,0.0,0.0,0.0,0.0,0.0,0.0,0.0,3.369145,0.0,0.0,0.0,0.0,0.0,0.0,1
1.8557317,0.0,0.0,0.0,0.0,0.0,0.0,0.0,0.30765593,1.7132297,0.0,1.4575368,0.0,0.0,0.0,0.0,1
0.0,0.0,0.0,0.0,0.0,0.0,0.0,0.0,1.8155699,2.6192367,0.0,0.0,0.0,0.0,0.0,0.0,1
1.5535882,0.0,0.0,0.0,0.0,0.0,0.0,0.0,0.0,12.431041,0.0,10.52241,0.0,0.0,0.0,0.0,1
3.509506,0.0,0.0,0.0,0.0,0.0,0.0,0.0,0.0,6.8975654,0.0,8.647415,0.0,0.0,0.0,0.0,1
0.0,0.0,0.0,0.0,0.0,0.0,0.0,0.0,0.0,6.209486,0.0,4.5367937,0.0,0.0,0.0,0.0,1
3.933006,0.0,0.0,0.0,0.0,0.0,0.0,0.0,0.0,2.3311503,0.0,0.5232099,0.0,0.0,2.0042512,0.0,1
4.704777,8.148472,0.0,3.0083675,0.0,0.0,0.0,0.0,0.0,10.164845,0.0,7.0486565,3.6173007,0.0,0.0,0.0,1
1.7988846,0.0,0.0,0.0,0.0,0.0,0.0,0.0,0.0,3.977886,0.0,7.7991047,0.0,0.0,0.0,0.0,1
8.799029,21.891096,0.0,16.029459,0.0,0.0,0.0,0.0,0.0,25.478756,0.0,28.79049,14.272703,0.0,0.0,0.0,1
1.2932606,0.0,0.0,0.0,0.0,0.0,0.0,0.0,0.0,2.2556822,0.0,3.408107,0.0,0.0,0.0,0.0,1
0.0,13.625778,0.0,3.0213637,0.0,0.0,0.0,0.0,0.0,33.818756,0.0,38.701523,0.0,0.0,0.0,0.0,1
2.130418,0.0,0.0,0.0,2.034421,0.0,0.0,0.0,1.7227806,0.84773856,0.0,0.0,0.0,0.0,0.0,0.0,1
3.6457303,4.173607,0.0,0.49288353,0.0,0.0,0.0,0.0,0.0,20.455341,0.0,10.867228,0.0,0.0,0.0,0.0,1
3.6087449,0.0,0.0,0.0,0.0,0.0,0.0,0.0,0.0,5.5774956,0.0,4.228332,0.0,0.0,0.0,0.0,1
0.0,63.36798,22.035185,26.043634,0.0,0.0,0.0,0.0,0.0,45.535004,0.0,26.458517,30.412037,0.0,0.0,0.0,1
1.8035142,0.0,0.0,0.0,0.0,0.0,0.0,0.0,0.0,5.4640746,0.0,9.030577,0.0,0.0,0.0,0.0,1
0.0,0.0,0.0,0.0,0.0,0.0,0.0,0.0,0.0,7.2685027,0.0,0.0,0.0,0.0,0.0,0.0,0
0.0,0.0,0.0,0.0,0.0,0.0,0.0,0.0,0.0,0.0,0.0,0.0,0.0,0.0,0.0,0.0,0
0.0,0.0,0.0,0.0,0.0,0.0,0.0,0.0,0.0,16.546389,3.2968297,0.0,0.0,0.0,0.24482456,0.0,0
0.0,0.0,0.0,0.0,0.0,0.0,0.0,0.0,0.0,8.313001,0.0,0.0,0.0,0.0,0.0,0.0,0
0.0,0.0,0.0,0.0,2.0394459,0.0,0.0,0.0,0.0,3.0120096,0.0,0.0,0.0,0.0,0.0,0.0,0
0.0,0.0,0.0,0.0,0.0,0.0,0.0,0.0,0.0,1.3287455,0.0,0.0,0.0,0.0,0.0,0.0,0
0.0,0.0,0.0,0.0,0.0,0.0,0.0,0.0,0.0,3.085028,0.0,0.0,0.0,0.0,0.0,0.0,0
0.0,0.0,0.0,0.0,0.0,0.0,0.0,0.0,0.0,0.0,0.0,0.0,0.0,0.0,2.0843182,0.0,0
0.0,0.0,0.0,0.0,0.0,0.0,0.0,0.0,0.0,2.103295,0.0,0.0,0.0,0.0,0.0,0.0,0
0.0,0.0,0.0,2.421259,0.0,0.0,0.0,0.0,0.0,0.0,0.0,0.0,0.0,0.0,0.0,0.0,0
0.016457634,0.9902401,0.0,1.3920636,1.664274,0.0,1.3376367,0.0,0.0,3.6313112,2.133491,0.0,0.0,0.0,0.0,0.0,0
0.0,0.0,0.0,0.0,0.0,0.0,0.0,0.0,0.0,7.024216,0.0,0.0,0.0,0.0,0.0,0.0,0
0.49899086,0.0,0.0,0.0,0.0,0.0,0.0,0.0,0.0,13.259631,4.5270605,0.0,0.0,0.0,1.7842352,0.0,0
0.0,0.0,0.0,3.7861948,0.0,0.0,0.0,0.0,0.0,6.781794,0.9992793,0.13635302,0.0,0.0,0.0,0.0,0
0.0,0.0,0.0,0.0,0.0,0.0,0.0,0.0,0.0,9.442573,2.0295405,0.0,0.0,0.0,0.95889026,0.0,0
0.0,0.0,0.0,2.402,0.0,0.0,0.0,0.0,0.0,6.38187,0.0,0.0,0.0,0.0,0.0,0.0,0
0.0,0.0,0.0,0.0,2.863549,0.0,0.60404515,0.0,0.0,6.4931703,0.0,0.0,0.0,0.0,1.5511674,0.0,0
1.5386769,3.3042321,0.0,0.0,0.0,0.0,4.9283943,0.0,0.0,1.2762171,4.7070136,0.0,0.0,0.0,0.0,0.0,0
0.0,0.0,0.0,0.0,0.0,0.0,0.0,0.0,0.0,0.0,0.0,0.0,0.0,0.0,0.0,0.0,0
0.0,0.0,0.0,0.0,0.0,0.0,0.0,0.0,0.0,0.0,0.0,0.0,0.0,0.0,0.0,0.0,0
0.0,0.0,0.0,0.0,0.0,0.0,0.0,0.0,0.0,0.0,0.0,0.0,0.0,0.0,0.0,0.0,0
0.0,0.0,0.0,2.4984272,3.0190158,0.0,0.93991137,0.0,0.0,9.382435,2.9132752,0.0,0.0,0.0,0.0,0.0,0
0.0,0.0,0.0,0.0,0.0,0.0,0.0,0.0,0.0,0.0,0.0,0.0,0.0,0.0,0.0,0.0,0
0.0,0.0,0.0,0.0,0.0,0.0,0.0,0.0,0.0,0.0,0.0,0.0,0.0,0.0,0.0,0.0,0
0.0,0.0,0.0,2.0919595,0.0,0.0,0.0,0.0,0.0,5.997274,0.6015921,0.0,0.0,0.0,0.0,0.0,0
0.0,0.0,0.0,0.0,0.0,0.0,0.0,0.0,0.0,9.429666,2.014462,0.0,0.0,0.0,0.0,0.0,0
0.0,0.0,0.0,0.0,0.0,0.0,0.0,0.0,0.0,4.7997847,0.0,0.0,0.0,0.0,0.0,0.0,0
0.0,0.0,0.0,0.0,0.0,0.0,0.0,0.0,0.0,0.0,0.0,0.0,0.0,0.0,0.0,0.0,0
0.0,0.0,0.0,0.4651665,2.105423,0.0,0.6674956,0.0,0.0,6.415624,2.9118598,0.0,0.0,0.0,0.5751919,0.0,0
0.0,0.0,0.0,0.0,0.0,0.0,0.0,0.0,0.0,0.0,0.0,0.0,0.0,0.0,0.0,0.0,0
0.0,0.0,0.0,0.0,0.0,0.0,0.0,0.0,0.0,4.8339524,0.0,0.0,0.0,0.0,0.0,0.0,0
0.0,0.0,0.0,0.0,0.0,0.0,0.0,0.0,0.0,0.0,0.0,0.0,0.0,0.0,0.0,0.0,0
0.0,0.0,0.0,0.29105228,0.0,0.0,0.0,0.0,0.0,0.0,0.0,0.0,0.0,0.0,0.0,0.0,0
0.0,0.0,0.0,0.0,0.0,0.0,0.0,0.0,0.0,0.0,0.0,0.0,0.0,0.0,0.0,0.0,0
0.0,0.0,0.0,0.0,0.0,0.0,0.0,0.0,0.0,0.0,0.0,0.0,0.0,0.0,1.0016437,0.0,0
0.0,0.0,0.0,0.0,0.0,0.0,0.0,0.0,0.0,9.236424,0.54108626,0.0,0.0,0.0,0.0,0.0,0
0.0,0.0,0.0,0.0,0.0,0.0,0.0,0.0,0.0,0.0,0.0,0.0,0.0,0.0,0.0,0.0,0
0.0,0.0,0.0,0.0,0.0,0.0,0.0,0.0,0.0,0.0,0.0,0.0,0.0,0.0,0.0,0.0,0
0.0,0.0,0.0,0.0,0.0,0.0,0.0,0.0,0.0,7.1106625,0.0,0.0,0.0,0.0,0.0,0.0,0
0.0,0.0,0.0,0.0,0.0,0.0,0.0,0.0,0.0,0.0,0.0,0.0,0.0,0.0,0.0,0.0,0
0.0,1.2335055,0.0,0.0,0.0,0.0,0.0,13.800949,0.0,0.0,0.0,0.0,0.0,2.466984,0.0,0.0,0
0.0,0.0,0.0,2.2839265,0.0,0.0,0.0,0.0,0.0,6.0384064,0.0,0.0,0.0,0.0,0.0,0.0,0
0.0,2.0984113,0.0,4.8799615,2.3844023,0.0,1.7100339,0.0,0.0,1.941816,1.3629814,0.0,0.0,0.0,0.0,0.0,0
0.0,0.0,0.0,0.0,0.0,0.0,0.0,0.0,0.0,0.0,0.0,0.0,0.0,0.0,0.0,0.0,0
0.0,0.0,0.0,0.0,0.0,0.0,0.0,0.0,0.0,0.5015422,0.0,0.0,0.0,0.0,0.0,0.0,0
0.0,0.0,0.0,0.15724367,0.0,0.0,0.0,0.0,0.0,10.203246,1.318666,0.0,0.0,0.0,0.0,0.0,0
0.0,0.0,0.0,0.0,0.0,0.0,0.0,0.0,0.0,12.095078,1.6649672,0.0,0.0,0.0,0.0,0.0,0
0.25422093,0.0,0.0,0.0,0.085383944,0.0,0.48570707,0.0,0.0,9.83866,3.0470657,0.0,0.0,0.0,2.037799,0.0,0
0.0,0.0,0.0,0.0,0.0,0.0,0.0,0.0,0.0,0.0,0.0,0.0,0.0,0.0,0.0,0.0,0
0.77157277,2.2628293,0.0,2.014122,0.9342815,0.0,1.3020401,0.0,0.0,4.429501,2.6609023,0.0,0.0,0.0,0.0,0.0,0
0.0,0.0,0.0,0.0,0.0,0.0,0.0,0.0,0.0,0.0,0.0,0.0,0.0,0.0,0.0,0.0,0
0.0,0.37011555,0.0,0.0,0.0,0.0,0.0,0.0,0.0,12.572106,1.2364342,0.0,0.0,0.0,0.0,0.0,0
0.5957275,0.94999385,0.0,0.15082735,2.7050953,0.0,0.5447067,0.0,0.0,1.5659975,0.0,0.0,0.0,0.0,0.0,0.0,0
0.0,2.2339222,0.0,0.0,0.0,0.0,0.0,0.0,0.0,1.9611462,0.0,0.0,0.0,0.0,0.0,0.0,0
0.0,0.0,0.0,0.0,0.0,0.0,0.0,0.0,0.0,15.623622,0.0,0.0,0.0,0.0,0.0,0.0,0
0.0,0.0,0.0,0.0,0.0,0.0,0.0,0.0,0.0,2.758918,0.0,0.0,0.0,0.0,0.0,0.0,0
0.0,0.0,0.0,0.0,0.0,0.0,0.0,0.54680187,0.0,0.0,0.0,0.0,0.0,0.0,0.0,0.0,0
0.0,0.0,0.0,0.6070742,3.4908834,0.0,0.50657165,0.0,0.0,1.0650623,0.0,0.0,0.0,0.0,0.0,0.0,0
0.1393059,0.0,0.0,0.0,0.0,0.0,0.0,0.0,0.0,16.637598,2.754788,0.0,0.0,0.0,0.0,0.0,0
0.0,0.0,0.0,1.0125264,0.0,0.0,0.0,0.0,0.0,4.8664827,0.0,0.0,0.0,0.0,0.0,0.0,0
0.0,0.0,0.0,0.0,0.0,0.0,0.0,0.0,0.0,0.0,0.0,0.0,0.0,0.0,0.0,0.0,0
0.0,0.0,0.0,0.0,0.0,0.0,0.0,0.0,0.0,0.0,0.0,0.0,0.0,0.0,0.0,0.0,1
0.0,0.0,0.0,0.0,0.0,0.0,0.0,1.3175948,0.0,0.0,0.0,0.0,0.0,8.268207,3.8885074,0.0,1
0.0,0.0,0.0,0.0,0.0,0.0,0.0,0.0,0.0,0.0,0.0,0.0,0.0,0.0,0.0,0.0,1
0.0,0.0,0.0,0.0,0.0,0.0,0.0,0.0,0.0,0.0,0.0,0.0,0.0,0.0,0.0,0.0,1
0.0,0.0,0.0,0.0,0.0,0.0,0.0,0.0,0.0,0.0,0.0,0.0,0.0,0.0,0.0,0.0,1
0.0,0.0,0.0,0.0,0.0,0.0,0.0,0.0,0.0,0.0,0.0,0.0,0.0,0.0,0.0,0.0,1
0.0,0.0,0.0,0.0,0.0,0.0,0.0,3.3194053,0.0,0.0,0.0,0.0,0.0,3.040797,0.0,0.0,1
0.0,0.0,0.0,0.84379643,0.0,0.0,0.0,0.0,0.0,3.2986283,0.0,0.0,0.0,0.0,1.0260102,0.0,1
0.0,0.0,0.0,0.0,0.0,0.0,0.0,0.0,0.0,0.0,0.0,0.0,0.0,0.0,0.0,0.0,1
0.0,0.0,0.0,0.0,0.0,0.0,0.0,0.0,0.0,5.6006603,0.0,0.0,0.0,0.0,0.0,0.0,1
0.0,0.0,0.0,0.0,0.0,0.0,0.0,0.0,0.0,0.0,0.0,0.0,0.0,0.0,0.0,0.0,1
0.0,0.0,0.0,0.0,0.0,0.0,0.0,17.114468,0.0,0.0,0.0,0.0,0.0,40.572773,4.3093266,0.0,1
0.0,0.0,0.0,0.0,0.0,0.0,0.0,53.85586,0.0,0.0,0.0,0.0,0.0,47.47416,0.0,0.0,1
0.0,0.0,0.0,0.0,0.0,0.0,0.0,0.0,0.0,0.0,0.0,0.0,0.0,0.0,0.0,0.0,1
0.0,0.0,0.0,0.0,0.0,0.0,0.0,5.2652383,0.0,0.0,0.0,0.0,0.0,0.0,0.0,0.0,1
0.0,0.0,0.0,0.0,0.0,0.0,0.0,22.565575,0.0,0.0,0.0,0.0,0.0,6.5373073,0.0,0.0,1
0.0,0.0,0.0,0.0,0.0,0.0,0.0,0.0,0.0,0.0,0.0,0.0,0.0,0.0,0.0,0.0,1
0.0,0.0,0.0,0.0,0.0,0.0,0.0,10.263807,0.0,0.0,0.0,0.0,0.0,7.9435525,0.0,0.0,1
0.0,0.0,0.0,0.0,0.0,0.0,0.0,0.0,0.0,0.0,0.0,0.0,0.0,0.0,0.0,0.0,1
0.0,0.0,0.0,0.0,0.0,0.0,0.0,18.473038,0.0,0.0,0.0,0.0,0.0,0.83420545,0.0,0.0,1
0.0,0.0,0.0,0.0,0.0,0.0,0.0,9.210173,0.0,0.0,0.0,0.0,0.0,0.032803383,0.0,0.0,1
0.0,0.0,0.0,0.0,0.0,0.0,1.1258563,0.0,0.0,0.0,0.0,0.0,0.0,0.0,0.0,0.0,1
0.0,0.0,0.0,0.0,0.0,0.0,0.0,0.0,0.0,0.0,0.0,0.0,0.0,0.0,0.0,0.0,1
1.6783161,0.0,0.0,0.0,0.0,0.0,0.0,0.0,0.0,4.159584,4.506548,0.0,0.0,0.0,0.0,0.0,1
0.0,0.0,0.0,0.0,0.0,0.0,0.0,91.01846,0.0,0.0,0.0,0.0,0.0,102.28215,8.430812,0.0,1
0.0,0.0,0.0,0.0,0.0,0.0,0.0,21.922632,0.0,0.0,0.0,0.0,0.0,30.482939,0.0,0.0,1
