0,1,2,3,4,5,6,7,8,9,10,11,12,13,14,15,idm135_N,differenceends,class
2.234581,1.1020801,0.0,0.0,0.0,0.77580786,0.0,0.0,0.7642468,0.0,0.0,0.34974194,0.0,0.0,0.9126947,0.0,0.002315564151716933,0.5308056872037915,0
3.6958966,2.6790001,0.0,0.0,0.0,0.0,0.0,0.0,2.057983,0.0,0.0,0.0,0.6053907,0.0,1.4681687,0.0,0.009475808405721787,0.6540284360189573,0
2.6064105,0.45855504,0.0,0.0,0.0,2.8012083,0.0,0.0,0.0,0.0,0.0,0.0,0.0,0.0,3.622239,0.6346478,0.0035489342644158,0.3744075829383886,0
0.0,0.0,0.0,0.0,0.0,4.7668157,0.0,0.0,0.0,0.0,0.0,0.0,0.0,0.0,3.5789528,0.0,0.004645486819121522,0.7345971563981043,0
0.0,0.0,0.0,0.0,0.0,2.9648402,0.0,0.0,0.0,0.0,0.0,0.0,1.4987618,0.0,1.6205885,0.8264182,0.008214787500296566,0.22274881516587677,0
1.6972677,0.93774796,0.0,0.0,0.0,0.8400382,0.0,0.0,0.22621956,0.0,0.0,0.12225291,0.0,0.0,0.0,0.62293863,0.0025350061820791623,0.21800947867298578,0
0.0,0.0,0.0,0.0,0.32865897,4.060753,0.0,0.0,0.0,0.0,0.0,0.0,0.45797962,0.0,2.2323346,0.3335771,0.02431098636644587,0.42654028436018954,0
0.0,0.0,0.0,0.0,0.0,3.020826,0.0,0.0,0.5597666,0.0,0.0,0.0,1.5957675,0.0,1.4463991,1.5198643,0.019365726428902847,0.2985781990521327,0
0.0,0.0,0.0,0.0,0.0,1.1769304,0.0,0.0,0.0,0.0,0.0,1.6966251,0.11835225,0.0,0.30557105,0.0,0.004004105731587571,0.8720379146919431,0
0.7851888,1.0902469,0.0,0.0,0.0,2.4446242,0.0,0.0,0.4413954,0.0,0.0,0.0,0.0,0.0,1.8360745,0.106269106,0.02253109267172441,0.3459715639810427,0
0.0,0.0,0.0,0.0,0.0,1.5420417,0.0,0.0,0.0,0.0,0.0,4.5397863,0.0,0.0,0.0,0.24958317,0.010517947506248881,0.18009478672985782,0
0.0,0.0,0.0,0.0,0.0,1.854218,0.0,0.0,0.57106787,0.0,0.0,0.0,1.2000501,0.0,1.782517,0.40448207,0.014363773900293558,0.15639810426540288,0
0.0,0.0,0.0,0.0,0.0,2.5221097,0.0,0.0,0.0,0.0,0.0,2.3217187,0.0,0.0,0.0,1.0267574,0.0030768266519974477,0.13744075829383887,0
2.160262,0.0,0.0,0.0,0.0,0.82811236,0.0,0.0,0.0,0.0,0.0,0.0,0.0,0.0,1.8918779,0.0,0.005236841831985235,0.3744075829383886,0
3.853921,0.0,0.0,0.0,0.0,0.29370418,0.0,0.0,0.0,0.0,0.0,0.0,0.0,0.0,1.2403913,0.0,0.0032256362377945475,0.17061611374407584,0
0.0,0.0,0.0,0.0,0.0,6.333067,0.0,0.0,0.044477448,0.0,0.0,1.7811638,0.34666842,0.0,0.0,1.1196613,0.015883687699900725,0.2985781990521327,0
4.621113,1.9582815,0.0,0.0,0.0,1.1093613,0.0,0.0,1.1312182,0.0,0.0,0.0,0.15478943,0.0,0.4753903,0.0,0.004059936703199613,0.2559241706161137,0
2.8556323,0.0,0.0,0.0,0.0,0.4683129,0.0,0.0,0.47995624,0.0,0.0,0.0,0.0,0.0,1.6317383,0.0,0.005366231219090707,0.14218009478672985,0
0.0,0.0,0.0,0.0,3.997283,9.45454,0.0,0.0,0.0,0.0,0.0,6.545554,0.072643295,1.5562688,0.0,0.19930641,0.009761156068329732,0.5639810426540285,0
0.0,0.0,0.0,0.0,0.0,2.1729314,0.0,0.0,0.0,0.0,0.0,0.0,0.0,0.0,0.0,0.0,0.0022872426924167924,0.4834123222748815,0
2.4823627,1.185699,0.0,0.0,0.032905646,0.0,2.2195563,1.0646914,0.0,0.0,0.0,1.1382332,0.0,0.0,0.0,1.323407,0.00272279910408004,0.20379146919431282,0
0.0,0.0,0.0,0.0,0.0,4.173085,0.0,0.0,0.44636047,0.0,0.0,0.0,1.9262058,0.0,0.1472107,2.8158243,0.010179644065796916,0.24644549763033177,0
0.0,0.0,0.0,0.0,0.0,8.049845,0.0,0.0,0.0,0.0,0.0,0.0,2.0665462,0.0,0.0,3.3019893,0.12803848089327377,0.6635071090047394,0
0.0,0.0,0.0,0.0,0.0,6.3790474,0.0,0.0,0.1763175,0.0,0.0,0.0,0.034406733,0.0,0.0,1.6554885,0.014311570378293758,0.16113744075829387,0
0.0,0.0,0.0,0.0,0.0,0.0,0.0,0.0,1.5732085,0.0,0.0,5.07922,0.0,0.55516994,0.0,1.943588,0.009246998971040754,0.24644549763033177,0
0.0,0.0,0.0,0.0,0.0,10.646851,0.0,0.0,0.0,0.0,0.0,0.0,0.0,0.0,2.254484,1.0842453,0.0053663923233790815,0.3222748815165877,0
3.7976751,0.0,0.0,0.0,0.0,0.56189054,0.0,1.3330714,0.20831618,0.0,0.0,0.039589357,0.0,0.0,2.6725068,1.201192,0.002978042717037306,0.4123222748815166,0
0.0,0.0,0.0,0.0,0.0,3.1279414,0.0,0.0,1.1128753,0.0,0.0,0.0,0.92428595,0.0,2.3873973,1.8949944,0.005213419657730986,0.22274881516587677,0
0.0,0.0,0.0,0.0,0.0,5.6237316,0.0,0.0,0.0,0.0,0.0,0.087066054,1.2373811,0.0,0.7730061,1.6646062,0.014593715577263607,0.3981042654028436,0
1.9151763,0.14432912,0.0,0.0,0.0,1.1004267,0.0,0.0,0.10034995,0.0,0.0,0.0,0.0,0.0,2.282961,0.0,0.007166205056267389,0.5497630331753555,0
1.0383996,1.7919354,0.0,0.0,0.0,1.5287087,0.0,0.0,0.0,0.0,0.0,0.0,0.0,0.0,1.2206316,0.0,0.005753422790689561,0.24644549763033177,0
0.0,0.0,0.0,0.0,0.0,15.597295,0.0,0.0,0.0,0.0,0.0,0.130674,0.0,0.0,0.0,0.0,0.11793770999169513,0.36492890995260663,0
0.25609303,1.82705,0.0,0.0,0.0,2.799834,0.0,0.0,0.7885496,0.0,0.0,0.0,0.1129051,0.0,2.0440555,1.1314424,0.006896541750319762,0.44075829383886256,0
2.8357425,0.0,0.0,0.0,0.0,0.70077664,0.0,0.0,0.0,0.0,0.0,0.0,0.0,0.0,0.7730343,0.0,0.0018972171440901921,0.19905213270142183,0
1.1036745,0.0,0.0,0.0,0.0,1.4145044,0.0,0.0,0.0,0.0,0.0,0.0,0.0,0.0,2.0249424,0.30913675,0.0030606602254489427,0.990521327014218,0
0.7618649,0.0,0.0,0.0,0.0,3.0118682,0.0,0.0,0.0,0.0,0.0,1.1603575,0.0,0.0,0.06618128,0.0,0.0016636740687230908,0.28436018957345977,0
0.0,0.0,0.0,0.0,0.0,3.945214,0.0,0.0,0.0,0.0,0.0,2.7347875,0.03927804,0.0,0.0,1.183171,0.025074021103256235,0.24644549763033177,0
3.7549958,1.7467684,0.0,0.0,0.0,0.08560911,2.7919276,0.023689127,0.0,0.0,0.0,1.0451161,0.0,0.0,0.0,0.0,0.001212934418155076,0.26066350710900477,0
0.0,0.0,0.0,0.0,0.0,0.65457886,0.0,0.0,0.0,0.0,0.0,0.0,0.46155018,0.0,1.4797844,0.0,0.004832283288248536,0.2796208530805687,0
0.0,0.0,0.0,0.0,0.0,4.168104,0.0,0.0,0.0,0.0,0.0,2.6517425,0.0,0.0,0.0,0.14039354,0.0026755463550257362,0.990521327014218,0
0.0,0.0,0.0,0.0,0.0,3.2177641,0.0,0.0,0.0,0.0,0.0,0.0,1.881632,0.0,0.46619734,1.2601389,0.010552480875484688,0.5071090047393365,0
0.0,0.795496,0.0,0.0,0.0,1.6454389,0.0,0.0,0.0,0.0,0.0,0.0,1.0123023,0.0,1.3580966,0.58074194,0.009382470365343721,0.13270142180094788,0
3.7702208,0.0,0.0,0.0,0.0,0.0,0.0,0.0,0.0,0.0,0.0,0.23242304,0.0,0.0,1.9231739,0.0,0.002097115193702584,0.2796208530805687,0
0.0,0.0,0.0,0.0,0.0,4.561001,0.0,0.0,0.0,0.0,0.0,0.0,0.7846231,0.0,3.5681846,0.44863158,0.003219607731225757,0.6729857819905214,0
0.045996897,0.0,0.0,0.0,0.0,2.2330854,0.0,0.0,0.0,0.0,0.0,0.0,0.94005936,0.0,1.1221999,1.3439219,0.009460710962163471,0.3981042654028436,0
2.966327,0.0,0.0,0.0,0.0,0.24345016,0.5330421,0.0,0.0,0.0,0.0,0.8898406,0.0,0.0,0.0,0.0,0.0040289641777463735,0.17061611374407584,0
2.149105,1.3956966,0.0,0.0,0.0,1.4124746,0.0,0.0,0.3143157,0.0,0.0,0.0,0.0,0.0,2.719409,0.0,0.008299606064960777,0.2985781990521327,0
3.8226418,1.2362643,0.0,0.0,0.0,0.0,0.0,1.1905454,0.20014858,0.0,0.0,0.0,0.0,0.0,0.6177054,0.23681943,0.0014465328714696436,0.4928909952606635,0
0.833843,0.0,0.0,0.0,0.0,1.5441269,0.0,0.0,0.07290463,0.0,0.0,0.0,0.0,0.0,1.298271,0.42162222,0.006433088489443106,0.3459715639810427,0
3.2963405,0.0,0.0,0.0,0.0,2.0282135,0.0,0.0,0.0,0.0,0.0,0.0,0.0,0.0,2.2927394,0.0,0.0018873153647193854,0.47393364928909953,0
1.5212301,0.21847622,0.0,0.0,0.0,2.2427156,0.0,0.0,0.0,0.0,0.0,0.0,0.0,0.0,1.5128418,0.12012355,0.0028662275836882425,0.24644549763033177,0
0.2513423,0.0,0.0,0.0,0.0,3.666814,0.0,0.0,0.0,0.0,0.0,0.0,0.0,0.0,2.8660707,0.0,0.003701358387649054,0.5592417061611374,0
1.8184612,0.0,0.0,0.0,0.0,2.7557673,0.0,0.0,0.0,0.0,0.0,0.09463215,0.0,0.0,0.0,0.32053852,0.0021406435989548664,0.5781990521327014,0
3.3230455,0.14785306,0.0,0.0,2.5948477,0.0,4.3673024,0.0,0.0,0.0,0.0,3.0675006,0.0,0.0,0.0,0.12109475,0.0020702752358337843,0.17061611374407584,0
0.0,0.0,0.0,0.0,1.8037208,2.1475556,0.0,0.0,0.0,0.0,0.0,4.3609285,0.10996337,0.0,0.0,0.5481128,0.0023621099997860203,0.34123222748815163,0
0.3605504,0.34477597,0.0,0.0,0.0,1.2892178,0.0,0.0,0.0,0.0,0.0,0.99654967,0.0,0.0,1.6983981,0.21058387,0.004023961778316034,0.26066350710900477,0
3.2572837,0.0,0.0,0.0,0.0,2.054551,0.0,0.0,0.0,0.0,0.0,0.0,0.0,0.0,3.545833,0.0,0.0012389213346270618,0.7298578199052133,0
0.6773422,0.21755295,0.0,0.0,0.0,1.8921052,0.0,0.0,1.7337455,0.0,0.0,0.0,0.7962877,0.0,1.5405749,0.0,0.006838246628277705,0.3507109004739336,0
4.7558374,1.0506111,0.0,0.0,0.0,0.046800848,0.4921595,0.0,0.0060085505,0.0,0.0,0.48753768,0.36628217,0.0,0.0,0.0,0.002052721328109193,0.40284360189573465,0
0.0,0.31275824,0.0,0.0,0.0,3.443996,0.0,0.0,0.0,0.0,0.0,0.0,1.3162076,0.0,2.907573,0.5131107,0.04113384208341871,0.2559241706161137,0
0.0,0.0,0.0,0.0,1.6089218,3.5641725,0.0,0.0,0.0,0.0,0.0,2.180421,0.0,0.0,0.0,0.2378804,0.006969161152247421,0.22748815165876782,0
0.0,1.7559733,0.0,0.0,0.0,2.5143144,0.0,0.0,2.0305712,0.0,0.0,0.0,1.3418216,0.0,1.7356325,0.40655655,0.02238898375837574,0.6587677725118484,0
0.32481384,0.0,0.0,0.0,0.0,0.99111706,0.0,0.0,0.0,0.0,0.0,0.0,0.66058606,0.0,0.6106508,0.4885047,0.0040596499552523245,0.20379146919431282,0
0.0,0.0,0.0,0.0,0.0,4.6948886,0.0,0.0,0.0,0.0,0.0,0.0,0.0,0.0,0.2547917,2.409403,0.006122810701449295,0.48815165876777256,0
0.0,0.0,0.0,0.0,0.0,4.789461,0.0,0.0,0.0,0.0,0.0,0.23301399,0.0,0.0,0.62214756,0.18852524,0.10490354848162677,0.3838862559241706,0
0.0,0.0,0.0,0.0,0.0,1.5143975,0.0,0.0,0.014057562,0.0,0.0,0.85720766,1.3368025,0.0,0.0,0.29444498,0.023633094396707577,0.42654028436018954,0
0.0,0.0,0.0,0.0,1.4009756,3.4571078,0.0,0.0,0.0,0.0,0.0,4.577965,0.0,0.049824525,0.0,1.5671837,0.010127220024459285,0.2559241706161137,0
0.0,0.0,0.27501827,0.0,0.0,31.021763,0.0,0.0,0.0,0.0,0.0,10.3012905,0.0,0.0,0.0,23.118237,0.11108110171693596,0.5071090047393365,0
1.8616247,1.022419,0.0,0.0,0.0,2.9377835,0.0,0.0,0.0,0.0,0.0,0.0,0.0,0.0,0.0,1.7304705,0.0003110172355154879,0.3838862559241706,0
2.1181073,0.36833555,0.0,0.0,0.0,0.0,0.83774745,0.66652596,0.0,0.0,0.0,0.47660005,0.0,0.0,0.26948488,0.0,0.001921295443047972,0.1232227488151659,0
1.3145971,0.20108013,0.0,0.0,0.0,0.86047393,0.0,0.0,0.14245234,0.0,0.0,1.7881651,0.3537316,0.0,0.0,0.725969,0.0032952412472814765,0.13270142180094788,0
2.1532886,0.21001904,0.0,0.0,0.0,0.73136526,0.0,0.0,0.30152875,0.0,0.0,0.0,0.0,0.0,0.037845057,1.0885459,0.006308848668906892,0.4786729857819906,0
0.0,0.0,0.0,0.0,0.0,7.145538,0.0,0.0,0.0,0.0,0.0,0.23320973,0.8533692,0.0,2.7270756,1.069955,0.015623579906975677,0.48815165876777256,0
0.19958304,0.0,0.0,0.0,0.0,0.0,0.0,0.0,0.963438,0.0,0.0,0.25902808,1.128573,0.0,0.0,0.37446088,0.005729589573484795,0.7772511848341233,0
0.0,0.5705533,0.0,0.0,0.0,3.247756,0.0,0.0,0.0,0.0,0.0,0.0,1.4821533,0.0,0.56850207,0.0,0.007732806351518764,0.2748815165876778,0
0.0,0.0,0.0,0.0,0.0,6.9653454,0.0,0.0,0.0,0.0,0.0,0.0,1.5113536,0.0,3.9236622,0.9913052,0.024093230497614714,0.5781990521327014,0
0.0,0.0,0.0,0.0,0.0,7.2078424,0.0,0.0,0.0,0.0,0.0,0.0,0.23151346,0.0,0.0,1.4717909,0.01373641919783836,0.4834123222748815,0
5.0207386,0.0,0.0,0.0,0.0,0.6065969,0.0,0.0,0.51801926,0.0,0.0,0.0,0.0,0.0,4.1045566,0.0,0.002336174126869342,0.4786729857819906,0
3.373239,0.0,0.0,0.0,0.0,0.0,0.0,0.0,1.0396951,0.0,0.0,0.0,0.0,0.0,2.6832256,0.0,0.003482555923918565,0.3270142180094787,0
2.5841496,0.0,0.0,0.0,1.7802536,0.1933054,0.0,0.16809925,0.0,0.0,0.0,0.4499771,0.0,0.0,2.3948388,0.59202534,0.0010069620733941715,0.4454976303317536,0
0.0,0.0,0.0,0.0,0.0,5.949521,0.0,0.0,1.1278222,0.0,0.0,0.0,1.1227361,0.0,0.32782218,3.2308,0.00415822592536058,0.5023696682464455,0
1.825312,0.7331812,0.0,0.0,0.0,1.6015669,0.0,0.0,0.28382725,0.0,0.0,0.0,0.0,0.0,1.2532709,0.29839092,0.004953296131963846,0.16113744075829387,0
0.0,0.0,0.0,0.0,0.0,2.6785166,0.0,0.0,0.0,0.0,0.0,0.0,1.3267103,0.0,1.4030908,1.751968,0.013177556670632024,0.2890995260663507,0
1.8732519,0.0,0.0,0.0,0.0,0.0,0.0,0.45500264,0.099168375,0.0,0.0,0.32429072,0.0,0.0,1.3553027,0.42793697,0.0011690494759283628,0.19905213270142183,0
0.0,0.81099445,0.0,0.0,0.0,3.557223,0.0,0.0,0.0,0.0,0.0,0.20198452,0.0,0.0,0.0,2.717581,0.0029227539991927556,0.24170616113744078,0
0.07940029,1.5162933,0.0,0.0,0.0,2.8010528,0.0,0.0,0.58698094,0.0,0.0,0.0,0.0,0.0,1.7992226,2.477181,0.017033428831938435,0.4786729857819906,0
0.59221625,0.3358026,0.0,0.0,0.0,1.0689039,0.0,0.0,0.07424353,0.0,0.0,0.8550107,0.0,0.0,0.0,0.03826247,0.0033135283954248756,0.2890995260663507,0
0.7389531,1.8850174,0.0,0.0,0.0,1.0571855,0.1349972,0.0,0.0,0.0,0.0,0.43578312,0.0,0.0,0.0,0.0,0.0,0.13744075829383887,0
4.0843267,0.0,0.0,0.0,0.0,0.766613,0.0,0.0,0.0,0.0,0.0,0.0,0.0,0.0,2.529739,0.0,0.0005480456119599116,0.4786729857819906,0
0.80067277,1.0589503,0.0,0.0,0.0,1.0257345,0.0,0.0,1.2256587,0.0,0.0,0.0,0.0,0.0,1.4922326,0.0,0.006721543928535921,0.36492890995260663,0
3.114595,0.0,0.0,0.0,0.0,0.33600363,0.0,0.0,0.0,0.0,0.0,0.3485392,0.0,0.0,2.0435157,0.0,0.0015904716989464584,0.6208530805687204,0
0.9591166,0.0,0.0,0.0,0.0,2.1053898,0.0,0.0,0.0,0.0,0.0,0.0,0.0,0.0,3.6242628,0.0,0.006792311546288973,0.5497630331753555,0
0.0,0.0,0.0,0.0,0.18720771,1.843337,0.0,0.0,0.0,0.0,0.0,0.3175751,0.0,0.0,1.5043645,0.0,0.01743462359913403,0.5781990521327014,0
0.0,0.0,0.0,0.0,1.3017547,5.8629293,0.0,0.0,0.0,0.0,0.0,6.5455475,4.482995,0.2667312,0.0,0.0,0.0415572771059772,0.6824644549763034,0
3.2559643,2.3728878,0.0,0.0,0.0,1.1823852,0.80088145,0.0,0.143793,0.0,0.0,0.0,0.0,0.0,0.0,0.0,0.002067959672965098,0.3222748815165877,0
2.1030276,0.0,0.6020126,0.0,0.6074694,0.0,1.7743752,0.38864574,0.0,0.0,0.0,1.4398087,0.0,0.0,0.0,0.0,0.0014427745202892821,0.17535545023696683,0
0.0,0.0,0.0,0.0,0.0,0.21095964,0.0,0.0,0.46614122,0.0,0.0,0.0,1.0176798,0.0,0.66562504,0.0,0.00782166211397025,0.3459715639810427,0
0.0,0.0,0.0,0.0,0.0,5.608136,0.0,0.0,0.0,0.0,0.0,3.1698265,0.0,0.0,0.0,1.9568075,0.006739681621064618,0.2559241706161137,0
3.803607,0.04806452,0.0,0.0,0.0,0.74897,0.0,0.0,0.12580104,0.0,0.0,0.0,0.0,0.0,1.1442568,0.0,0.004571158812966386,0.3270142180094787,0
0.0,0.80372936,0.0,0.0,0.0,1.529297,0.0,0.0,0.7747468,0.0,0.0,0.0,1.3642076,0.0,0.5363455,1.4559015,0.008279628359911589,0.8009478672985783,0
0.0,0.0,0.0,0.0,0.0,18.567732,0.0,0.0,0.0,0.0,0.0,3.7327561,1.4306707,0.0,0.0,0.6355733,0.19556111549296104,0.30805687203791465,0
0.0,0.77429795,0.0,0.0,0.0,0.80474263,0.0,0.0,0.0,0.0,0.0,0.0,0.7910189,0.0,0.9677546,0.0697643,0.010437106509672734,0.4834123222748815,0
2.1899896,1.0657303,0.0,0.0,0.0,1.0646571,0.0,0.0,0.0,0.0,0.0,1.0479964,0.42794806,0.0,0.84420073,0.34859788,0.003928377540420185,0.15639810426540288,0
2.6487582,0.0,0.0,0.0,0.0,1.3103143,0.0,0.0,0.0,0.0,0.0,0.0,0.0,0.0,1.9161474,0.0,0.0012713600313195967,0.22274881516587677,0
1.3182122,0.0,0.0,0.0,0.0,1.390535,0.0,0.0,0.0,0.0,0.0,0.0,0.0,0.0,1.4486976,0.7624708,0.007254970458187089,0.28436018957345977,0
0.0,0.0,0.0,0.0,0.0,4.416407,0.0,0.0,0.0,0.0,0.0,0.0,2.3843882,0.0,0.0,0.0,0.006216731451200393,0.7203791469194313,0
1.9462111,0.0,0.0,0.0,0.0,1.6321443,0.0,0.0,0.227244,0.0,0.0,0.0905627,0.8837965,0.0,0.0,0.27709252,0.00510705901026703,0.5071090047393365,0
1.3843448,2.2570815,0.0,0.0,0.0,0.15923855,0.9769439,0.0,0.0,0.0,0.0,0.58067745,0.0,0.0,0.0,0.0,0.0019131078197183824,0.3744075829383886,0
0.0,0.1363418,0.0,0.0,0.0,0.33567008,0.0,1.8354989,0.0,0.0,0.0,1.5477767,0.0,0.0,0.9698329,0.82238156,0.0011873177181601403,0.08530805687203794,0
0.0,0.0,3.4814844,0.0,0.0,47.466183,0.0,0.0,0.0,0.0,0.0,7.4514904,0.0,0.0,0.0,18.85779,0.43860438058892975,0.5023696682464455,0
0.0,0.0,0.0,0.0,0.0,3.5306096,0.0,0.0,0.0,0.0,0.0,0.8896998,0.95431954,0.0,1.8535043,1.660949,0.00866810807253728,0.5308056872037915,0
1.6853931,0.0,0.0,0.0,0.0,0.0,0.0,0.0,1.1824018,0.0,0.0,0.0,0.0,0.0,2.490295,0.0,0.003880982096482476,0.3886255924170616,0
0.0,0.0,0.0,0.0,0.0,4.2023783,0.0,0.0,0.0,0.0,0.0,0.0,0.0,0.0,2.3823593,0.4090113,0.025509569933504433,0.13744075829383887,0
0.0,0.0,0.0,0.0,0.06526027,10.025594,0.0,0.0,0.0,0.0,0.0,2.7579062,1.0872667,0.0,0.0,0.0,0.05310336414508829,0.34123222748815163,0
3.331637,0.0,0.0,0.0,0.0,0.0,0.0,0.0,0.11921595,0.0,0.0,0.03276604,0.0,0.0,2.4980507,0.257356,0.0022075814244531945,0.37914691943127965,0
0.0,0.09593962,0.0,0.0,0.0,1.7761567,0.0,0.0,0.0,0.0,0.0,1.8013197,0.0,0.0,0.0,0.0,0.007791054438604212,0.3127962085308057,0
0.0,0.0,0.0,0.0,0.0,1.5005568,0.0,0.0,0.0,0.0,0.0,0.0,1.3560483,0.0,1.5549142,0.0,0.02280514949316814,0.2985781990521327,0
2.7863052,0.476533,0.0,0.0,0.0,0.23084727,0.0,0.0,0.0,0.0,0.0,0.11491093,0.0,0.0,0.381385,0.0,0.0020069783849427417,0.2132701421800948,0
0.0,0.0,0.0,0.0,0.0,3.189424,0.0,0.02522335,3.3529344,0.0,0.0,0.0,1.5497595,0.0,0.116559185,1.1897357,0.005635422661779221,0.5545023696682465,0
0.0,0.6400465,0.0,0.0,0.0,3.09289,0.0,0.0,0.34295827,0.0,0.0,0.0,0.0,0.0,1.3152136,1.2799172,0.010900842385815644,0.2085308056872038,0
0.0,0.0,0.0,0.0,0.0,1.7263685,0.0,0.0,0.0,0.0,0.0,0.0,1.8119107,0.0,1.3391619,0.88826185,0.03335717088991516,0.2748815165876778,0
3.7638645,1.8495132,0.0,0.0,0.0,0.6543639,0.0,0.0,0.0,0.0,0.0,0.0,0.0,0.0,0.09675024,0.0,0.003929808587367236,0.7582938388625593,0
0.0,0.0,0.0,0.0,0.0,0.9118305,0.0,0.0,0.0,0.0,0.0,0.9934077,0.0,0.0,2.1044302,0.71555257,0.006416899177329273,0.3744075829383886,0
4.658708,0.0,0.0,0.0,1.4651549,0.0,0.0,3.8445513,0.0,0.0,0.0,1.3938618,0.0,0.0,1.7105778,1.5063657,0.0011141200133259496,0.6445497630331753,0
2.168817,0.39704034,0.0,0.0,0.0,0.90827334,0.0,0.24311718,0.16638176,0.0,0.0,0.0,0.0,0.0,0.009416203,0.0,0.004341607076678615,0.15639810426540288,0
0.0,1.5896959,0.0,0.0,0.0,1.8939251,0.0,0.0,0.43924057,0.0,0.0,0.0,0.09648986,0.0,0.99831474,0.74082893,0.008508353747899497,0.3886255924170616,0
0.6047317,0.63484055,0.0,0.0,0.0,1.4682003,0.0,0.0,0.69993585,0.0,0.0,0.0,0.0,0.0,2.23413,0.012245105,0.007912089814665948,0.7772511848341233,0
0.0,0.0,0.0,0.0,1.1396744,5.3159738,0.0,0.0,0.00609152,0.0,0.0,3.5574603,1.1516157,0.0,0.0,0.0,0.009307689653710793,0.2559241706161137,0
1.4235276,0.0,0.0,0.0,0.086153634,0.9491736,0.0,0.8827596,0.0,0.0,0.0,0.9219714,0.0,0.0,2.0427234,0.38457352,0.0019971608151217054,0.3507109004739336,0
0.0,0.0,2.860345,0.0,0.0,42.36947,0.0,0.0,0.0,0.0,0.0,22.507854,0.0,0.0,0.0,29.620352,0.10878901016457217,0.2796208530805687,0
0.0,0.0,0.0,0.0,0.0,4.3331184,0.0,0.0,0.22829895,0.0,0.0,0.24422014,2.146925,0.0,0.24364899,0.35605007,0.13996265364666866,0.8151658767772513,0
0.0,0.0,0.0,0.0,0.0,3.2134492,0.0,0.0,0.0,0.0,0.0,0.0,2.2278242,0.0,1.4273509,0.36263603,0.04787326607412005,0.21800947867298578,0
3.3931913,0.34803313,0.0,0.0,0.0,1.0103728,0.0,0.0,0.88030624,0.0,0.0,0.0,0.07216568,0.0,2.1396794,0.3492993,0.010863193240236846,0.40284360189573465,0
0.0,0.0,0.0,0.0,0.0,2.1072853,0.0,0.0,0.0,0.0,0.0,0.95310986,1.4536039,0.0,0.43859765,1.339741,0.010972279918533667,0.4123222748815166,0
4.181932,0.0,0.0,0.26998314,0.39976984,0.0,0.0,0.13977084,0.0,0.0,0.0,1.3032606,0.0,0.0,2.7480853,0.0,0.0012678790485964148,0.18009478672985782,0
2.162308,1.1906421,0.0,0.0,0.0,0.7151503,0.0,0.0,0.0,0.0,0.0,0.3095063,0.0,0.0,0.13442789,0.0,0.002638503624326774,0.10426540284360189,0
4.727036,0.35188848,0.0,0.0,0.0,0.0,0.0,1.4052612,1.4241256,0.0,0.0,0.57820356,0.0,0.0,0.9519871,0.0,0.0009139504303923893,0.4360189573459715,0
3.6751127,0.0,0.0,0.0,0.0,0.92045504,0.0,0.0,0.0,0.0,0.0,0.0,0.0,0.0,2.3191524,0.0,0.0011368129018608064,0.4454976303317536,0
0.0,1.124562,0.0,0.0,0.0,2.2272906,0.0,0.0,0.0,0.0,0.0,0.8796066,0.0,0.0,0.0,0.39419675,0.005951468248087327,0.24170616113744078,0
0.0,1.9974952,0.0,0.0,0.0,2.4868424,0.0,0.0,0.03325002,0.0,0.0,0.0,1.9160522,0.0,1.9606206,1.0746297,0.022322244104962193,0.3270142180094787,0
0.0,0.0,18.350636,0.0,4.024206,71.761406,0.0,0.0,0.0,0.0,0.0,32.32402,0.0,0.0,0.0,19.636045,0.07307794192517345,0.4928909952606635,0
0.0,0.0,6.427354,0.0,0.0,39.09909,0.0,0.0,0.0,0.0,0.0,2.7846193,0.0,0.0,0.0,12.615528,0.5096640266590432,0.9052132701421801,0
0.2805643,0.0,0.0,0.0,0.0,2.131173,0.0,0.0,1.187946,0.0,0.0,0.0,0.23594542,0.0,0.3288729,0.0,0.12974873110032897,0.8720379146919431,0
0.0,0.0,0.0,0.0,0.0,4.4050407,0.0,0.0,0.0,0.0,0.0,0.0,0.5163979,0.0,1.5292276,2.444288,0.013490569253697373,0.18009478672985782,0
1.4160012,1.186123,0.0,0.0,0.0,0.79602545,0.0,0.0,0.2190048,0.0,0.0,0.0,0.61639655,0.0,0.30468997,0.09795718,0.009333492372979266,0.17535545023696683,0
4.001769,0.0,0.0,0.0,0.0,0.0,0.0,0.0,0.61817914,0.0,0.0,0.0,0.0,0.0,1.461676,0.0,0.0035998560367596273,0.22748815165876782,0
0.92807376,0.7018785,0.0,0.0,0.0,0.27798042,0.0,0.0,0.31861982,0.0,0.0,0.25616017,0.0,0.0,0.5837929,0.3957824,0.0026476551658898007,0.2085308056872038,0
2.933696,0.0,0.0,0.0,0.0,1.5201087,0.0,0.0,0.0,0.0,0.0,0.0,0.0,0.0,2.6462266,0.0,0.0055759352703069285,0.5687203791469194,0
0.0,0.0,0.0,0.0,0.0,7.5279646,0.0,0.0,0.0,0.0,0.0,2.0430946,4.3992386,0.0,0.0,1.571757,0.03584751469321304,0.6398104265402844,0
0.0,3.1711915,0.0,0.0,0.0,3.2250774,0.0,0.0,0.0,0.0,0.0,0.0,0.0,0.0,0.0,0.4250682,0.003963262998630205,0.1279620853080569,0
3.9131026,0.0,0.0,0.0,1.8898883,0.0,1.7059355,0.0,0.0,0.0,0.0,2.0420327,0.0,0.0,0.0,0.0,0.0020999655098977678,0.6445497630331753,0
0.85891694,0.7483847,0.0,0.0,0.0,0.68747693,0.0,0.0,0.009027645,0.0,0.0,0.660707,0.24817257,0.0,0.568665,0.4351942,0.0009822271991341933,0.15639810426540288,0
0.0,0.10693507,0.0,0.0,0.4523484,3.7598312,0.0,0.0,0.0,0.0,0.0,2.78572,0.18683498,0.0,0.0,1.0124711,0.006574711939743205,0.13744075829383887,0
1.7781432,0.0,0.0,0.0,1.1870592,0.8546249,0.0,0.2409955,0.0,0.0,0.0,0.16506797,0.0,0.0,2.6729584,0.3531471,0.002194505582155974,0.24170616113744078,0
1.4784338,0.0,0.0,0.0,0.0,0.0,0.0,0.0,1.041664,0.0,0.0,0.0,0.0,0.0,0.32352123,0.0,0.004736299264100078,0.6492890995260664,0
0.0,0.0,0.0,0.0,3.7124522,1.4298487,0.0,0.0,0.0,0.0,0.0,4.4536867,1.6773044,0.0,0.0,0.4779994,0.05156903845673308,0.3033175355450237,0
1.519747,0.0,0.0,0.0,0.0,0.63223773,0.0,0.0,0.0,0.0,0.0,0.0,0.0,0.0,0.6932193,0.1344031,0.003006072958566303,0.1232227488151659,0
0.21614979,0.0,0.0,0.0,0.0,0.84615016,0.0,0.0,0.0,0.0,0.0,0.063142106,0.37340873,0.0,1.4289114,0.0,0.005885692013385872,0.5118483412322276,0
1.7010194,0.98004764,0.0,0.0,0.0,0.8627543,0.0,0.0,0.6646728,0.0,0.0,0.0,0.25177598,0.0,0.43315765,0.0,0.006625019854952502,0.35545023696682465,0
1.1444597,0.0,0.0,0.0,0.0,0.3181748,0.0,0.0,0.21435805,0.0,0.0,0.0,0.0,0.0,1.8600283,0.0,0.0034403587768462806,0.1895734597156398,0
2.4150548,1.7375388,0.0,0.0,0.0,2.2585075,0.0,0.0,1.5485946,0.0,0.0,0.0,0.38529426,0.0,2.0380034,0.0,0.011106217948984825,0.7914691943127962,0
1.1085219,2.4880397,0.0,0.0,0.0,1.9890779,0.0,0.0,0.27434748,0.0,0.0,0.0,0.9381964,0.0,0.0,0.90281266,0.006860489244098961,0.2654028436018957,0
1.9735153,0.0,0.0,0.0,0.12077723,0.6920114,0.0,0.0,0.0,0.0,0.0,0.20216954,0.0,0.0,1.9890949,0.21112315,0.00398101857766215,0.33175355450236965,0
0.0,0.0,0.0,0.0,0.0,9.537531,0.0,0.0,0.0,0.0,0.0,1.4362191,1.7260959,0.0,0.0,2.7248547,0.015230417931293939,0.30805687203791465,0
0.92318916,0.0,0.0,0.0,0.0,2.4237034,0.0,0.0,0.0,0.0,0.0,0.35424376,0.18595345,0.0,0.7068646,0.37521118,0.011413627551752209,0.2322274881516588,0
0.0,0.0,0.0,0.0,0.0,3.7579262,0.0,0.0,0.0,0.0,0.0,0.0,1.6155301,0.0,1.8394315,1.3524357,0.028093573448123986,0.3838862559241706,0
2.9185576,0.03542011,0.0,0.0,0.0,0.545632,0.0,1.4344412,0.0,0.0,0.0,0.19763076,0.0,0.0,0.3979685,0.0,0.0013950026630452385,0.3507109004739336,0
1.7599603,0.0,0.0,0.0,0.0,0.5186555,0.0,0.0,0.4174364,0.0,0.0,0.0,0.0,0.0,2.4202552,0.0,0.00831893445001145,0.3696682464454977,0
0.0,0.0,0.0,0.0,0.0,3.69961,0.0,0.0,0.0,0.0,0.0,0.0,0.0,0.0,0.8477014,0.0,0.01742094208289871,0.6872037914691943,0
2.484212,0.31871015,0.0,0.0,0.0,0.4300811,0.0,0.0,1.5238668,0.0,0.0,0.0,0.0,0.0,2.43321,0.37536997,0.008977426048319746,0.22274881516587677,0
0.8016169,0.0,0.0,0.0,0.0,2.194358,0.0,0.0,0.0,0.0,0.0,0.0,0.0,0.0,2.5966368,0.0,0.0007256167205150705,0.1279620853080569,0
1.0021281,0.6631933,0.0,0.0,0.0,2.8959172,0.0,0.0,0.053359196,0.0,0.0,0.0,0.0,0.0,0.24504338,0.5140519,0.006385692346404736,0.5497630331753555,0
0.8927188,0.5524458,0.0,0.0,0.0,1.3076075,0.0,0.0,0.21968438,0.0,0.0,0.0,0.3039865,0.0,0.39106247,0.0,0.006486728441169901,0.35545023696682465,0
0.0,0.0,0.0,0.0,0.0,11.060199,0.0,0.0,0.0,0.0,0.0,2.4981253,1.2377223,0.0,0.0,3.3081112,0.01901820828568398,0.5450236966824644,0
0.41259146,2.2965167,0.0,0.0,0.0,2.1873324,0.0,0.0,1.5905405,0.0,0.0,0.0,1.3983134,0.0,1.636757,0.0,0.017056879890660976,0.5355450236966824,0
0.0,0.0,0.0,0.0,0.0,5.037198,0.0,0.0,0.0,0.0,0.0,0.0,0.15569218,0.0,1.4650393,1.7609485,0.006261029713057418,0.44075829383886256,0
2.281981,0.0,0.0,0.0,0.0,1.3075348,0.0,0.0,2.0790756,0.0,0.0,0.04738391,0.0,0.0,3.0021217,1.555638,0.003664535509968277,0.7251184834123223,0
0.0,0.0,0.0,0.0,0.0,41.00174,0.0,0.0,0.0,0.0,0.0,14.5169935,0.0,0.0,0.0,11.585234,0.07756447247602086,0.44075829383886256,0
0.0,0.0,0.0,0.0,0.0,6.9777346,0.0,0.0,0.0,0.0,0.0,3.8474247,0.05268396,0.0,0.0,1.4150485,0.006526837342978683,0.5639810426540285,0
0.0,0.7123049,0.0,0.0,0.0,2.7097292,0.0,0.0,0.27081257,0.0,0.0,0.0,2.4765282,0.0,0.19762085,1.9298537,0.01182567738440036,0.8672985781990522,0
2.9344335,0.15233426,0.0,0.0,0.0,1.5435632,0.0,0.0,0.7648274,0.0,0.0,1.9941179,0.0,0.0,0.0,0.47572398,0.005255648234398322,0.4786729857819906,0
0.0,1.1288049,0.0,0.0,0.0,2.3246157,0.0,0.0,0.8398891,0.0,0.0,0.0,0.4510448,0.0,0.0,0.84045345,0.010762722912107772,0.2748815165876778,0
1.3497819,1.4488356,0.0,0.0,0.0,0.69283515,0.0,0.0,0.9486486,0.0,0.0,0.0,0.21485122,0.0,2.2648795,0.0,0.007300034439787462,0.14218009478672985,0
0.5705383,0.0,0.0,0.0,0.0,1.4031057,0.0,0.0,0.0,0.0,0.0,1.437311,0.0,0.0,0.1561353,0.74103814,0.0029323433540281853,0.08056872037914695,0
1.5776974,0.0,0.0,0.0,0.0,1.9810836,0.0,0.0,0.0,0.0,0.0,0.10186392,0.0,0.0,1.2523115,0.2734595,0.003508907751316353,0.8815165876777252,0
0.0,0.0,30.684637,0.0,37.38386,77.18444,0.0,0.0,0.0,0.0,0.0,22.387432,0.0,0.0,0.0,0.0,0.11357638658931873,0.28436018957345977,0
0.0,0.0,0.0,0.0,0.0,0.64524156,0.0,0.0,0.0,0.0,0.0,0.044513945,0.08405979,0.0,0.48485562,0.0,0.010342610314005612,0.4454976303317536,0
0.0,0.2356532,0.0,0.0,0.0,2.6185563,0.0,0.0,0.0,0.0,0.0,0.33216023,1.4760603,0.0,0.0,0.0,0.008039522423990942,0.6255924170616114,0
0.0,0.0,0.0,0.0,0.0,13.435927,0.0,0.0,0.0,0.0,0.0,3.7030547,0.8203667,0.0,0.0,0.98884207,0.028429109438848663,0.3270142180094787,0
0.0,0.0,0.0,0.0,0.0,16.018898,0.0,0.0,0.0,0.0,0.0,6.3417325,0.12767966,0.0,0.0,3.9892848,0.023881402507860864,0.29383886255924174,0
0.0,0.0,0.0,0.0,0.0,0.9482866,0.0,0.0,0.17128934,0.0,0.0,0.0,0.5695302,0.0,1.7671931,0.0,0.00774841195733949,0.19905213270142183,0
2.9739943,0.0,0.0,0.0,0.0,0.38133976,0.0,0.0,0.0,0.0,0.0,0.0,0.0,0.0,1.183025,0.0,0.0025226522010227967,0.15639810426540288,0
0.0,0.81828254,0.0,0.0,0.0,2.0033922,0.0,0.0,0.0,0.0,0.0,0.0,0.0,0.0,0.57871735,1.4416178,0.003897390071518777,0.3270142180094787,0
0.25645673,1.2608712,0.0,0.0,0.0,0.22441253,0.0,0.98139226,0.022921309,0.0,0.0,2.1580777,0.0,0.0,0.0,0.49638778,0.0012207050053997367,0.5924170616113744,0
0.0,0.0,0.0,0.0,0.0,14.408129,0.0,0.0,0.0,0.0,0.0,5.7495403,1.8310057,0.0,0.0,0.49903,0.0106069527942035,0.2085308056872038,0
0.0,0.0,0.0,0.0,17.484232,22.396809,0.0,0.0,0.0,0.0,0.0,15.076185,9.481295,1.8238944,0.0,0.0,0.04840109752246009,0.8625592417061613,0
0.0,0.0,0.0,0.0,0.0,0.27828118,0.0,0.0,0.9869396,0.0,0.0,0.0,0.7914811,0.0,0.0,0.0,0.009421581415672271,0.26066350710900477,0
0.0,0.0,0.0,0.0,0.0,0.6343943,0.0,0.0,0.0,0.0,0.0,0.0,3.7506495,0.0,2.2555666,2.4301438,0.039754661950674945,0.6540284360189573,0
0.0,0.0,0.0,0.0,0.0,13.214112,0.0,0.0,0.0,0.0,0.0,2.3074305,2.605974,0.0,0.0,2.4047256,0.19584147294438536,0.7962085308056873,0
0.0,0.0,0.0,0.0,0.0,8.787153,0.0,0.0,0.0,0.0,0.0,1.5811826,1.3794591,0.0,0.0,0.0,0.02455794100945178,0.3696682464454977,0
0.0,0.0,0.0,0.0,0.0,7.221929,0.0,0.0,0.0,0.0,0.0,0.13575423,1.3727797,0.0,1.3953114,2.6054926,0.022132996016098905,0.4597156398104265,0
0.0,0.0,0.0,0.0,0.0,1.8168596,0.0,0.0,0.0,0.0,0.0,1.8653955,0.43447393,0.0,0.052256968,0.0,0.004312994004776332,0.2511848341232228,0
5.282061,1.6677998,0.0,0.0,0.0,0.0,0.8733437,0.7920135,0.0,0.0,0.0,0.9762966,0.0,0.0,0.0,0.0,0.0020463089249788662,0.24644549763033177,0
3.2023854,0.96974355,0.0,0.0,0.0,0.0,0.348482,0.0,0.0,0.0,0.0,0.30308205,0.0,0.0,0.031411808,0.0,0.001339762565598028,0.1895734597156398,0
1.2100313,0.45117348,0.0,0.0,0.0,0.7410627,1.0125568,0.0,0.0,0.0,0.0,1.3448138,0.0,0.0,0.0,0.0,0.0030283795757073875,0.5071090047393365,0
0.0,0.0,0.0,0.0,0.0,12.510073,0.0,0.0,0.0,0.0,0.0,0.06667316,1.4272538,0.0,0.0,2.9001813,0.011566515485584565,0.22748815165876782,0
0.0,0.0,0.0,0.0,0.0,13.282501,0.0,0.0,0.0,0.0,0.0,0.0,0.7142766,0.0,0.0,0.0,0.030333497856441752,0.5355450236966824,0
4.298831,1.4099455,0.0,0.0,0.0,0.9907333,0.0,0.0,0.4171465,0.0,0.0,0.0,0.0,0.0,1.0204383,0.0,0.004291731336628862,0.21800947867298578,0
1.2387565,0.8974725,0.0,0.0,0.0,0.17899004,0.0,1.1624988,0.96670765,0.0,0.0,0.3111258,0.29972327,0.0,0.6357471,1.7271577,0.003072377550823804,0.19905213270142183,0
0.0,0.13930397,0.0,0.0,0.0,1.7427186,0.0,0.0,0.59711224,0.0,0.0,0.0,1.8774385,0.0,1.2567809,0.40783936,0.005237763481203956,0.24644549763033177,0
0.0,0.0,0.0,0.0,0.0,4.655202,0.0,0.0,0.0,0.0,0.0,3.0042458,1.3155484,0.0,0.0,1.7518055,0.012814955784292826,0.40284360189573465,0
0.0,0.0,0.0,0.0,0.0,5.819275,0.0,0.0,0.0,0.0,0.0,0.0,0.0,0.0,0.72863793,1.9696497,0.0034358174227726744,0.8151658767772513,0
0.0,1.7688216,0.0,0.0,0.0,2.8101327,0.0,0.0,0.0,0.0,0.0,0.0,0.23668595,0.0,0.30530927,1.0509644,0.004412335295051269,0.17061611374407584,0
3.0395265,2.0080397,0.0,0.0,0.0,0.43076608,0.0,0.0,2.101005,0.0,0.0,0.0,0.0,0.0,2.3106222,0.0,0.006213480326856934,0.7630331753554502,0
0.0,0.0,0.0,0.0,0.0,7.098931,0.0,0.0,0.0,0.0,0.0,1.1814978,1.0220037,0.0,0.0,2.931832,0.013709664222272289,0.34123222748815163,0
4.5584354,0.48602325,0.0,0.0,0.0,1.2597497,0.0,0.0,0.8583159,0.0,0.0,0.0,0.0,0.0,2.274582,0.0,0.002137173190383768,0.5165876777251185,0
0.0,0.0,0.0,0.0,4.531209,4.1077166,0.0,0.0,0.0,0.0,0.0,4.004138,0.0,0.0,0.0,0.0,0.009021585190095787,0.2559241706161137,0
3.4348698,1.9942396,0.0,0.0,0.0,0.0,0.7088592,0.70892966,0.59082276,0.0,0.0,1.2003,0.0,0.0,0.0,0.0,0.002167430966290502,0.19431279620853084,0
0.7063864,0.0,0.0,0.0,0.0,0.5231493,0.0,0.0,0.0,0.0,0.0,0.0,0.0,0.0,0.70696187,0.0,0.0014631433550988692,0.037914691943127965,0
0.381292,2.3725235,0.0,0.0,0.0,1.8205414,1.1800421,0.0,0.0,0.0,0.0,1.5188972,0.0,0.0,0.0,0.0,0.0010937075275221178,0.13744075829383887,0
0.0,0.0,0.0,0.0,0.0,12.762498,0.0,0.0,0.0,0.0,0.0,1.7209662,3.306129,0.0,0.0,0.0,0.16561922824941352,0.5971563981042655,0
1.9892876,1.4869537,0.0,0.0,0.0,0.3604767,0.0,0.0,0.9623407,0.0,0.0,0.0,0.3246545,0.0,0.47212598,0.0,0.0036642048951291066,0.2132701421800948,0
0.0,0.0,0.0,0.0,0.0,1.9008195,0.0,0.0,0.0,0.0,0.0,0.0,0.2820006,0.0,1.6683218,0.0,0.003000866109067394,0.3459715639810427,0
0.0,0.0,0.0,0.0,0.0,3.583874,0.0,0.0,0.0,0.0,0.0,0.0,2.830306,0.0,1.7207193,2.0292659,0.008073595737738483,0.8436018957345971,0
0.12796329,0.0,0.0,0.0,1.4001862,0.0,0.0,0.0,0.43986636,0.0,0.0,1.3021489,0.0,0.0,0.0,0.0,0.016624081013153984,0.31753554502369663,0
0.0,0.0,0.0,0.0,0.0,3.1216328,0.0,0.0,0.31126076,0.0,0.0,0.0,0.3772865,0.0,2.518525,0.47694653,0.021737569818323046,0.3222748815165877,0
0.0,0.0,0.0,0.0,0.0,8.2772875,0.0,0.0,0.0,0.0,0.0,0.56486475,0.578287,0.0,0.0,1.2543896,0.012511845778957698,0.30805687203791465,0
1.6261873,0.45068705,0.0,0.0,0.0,0.7469775,0.0,0.0,0.99929506,0.0,0.0,0.0,0.07512994,0.0,0.7931532,0.06962381,0.0064519190543319525,0.2322274881516588,0
1.357636,0.0,0.0,0.0,1.1476026,0.0,1.0688989,0.0,0.0,0.0,0.0,2.358326,0.0,0.0,0.0,0.0,0.03351866259458202,0.2654028436018957,0
1.0338452,0.97650725,0.0,0.0,0.0,2.0816686,0.0,0.0,0.86481184,0.0,0.0,0.0,1.2254947,0.0,0.0,1.5813699,0.0037173627066303134,0.5876777251184834,0
0.0,0.0,0.0,0.0,0.0,2.3166454,0.0,0.0,0.0,0.0,0.0,0.04080904,0.4038617,0.0,1.4605093,0.83381194,0.010438946006614516,0.37914691943127965,0
0.0,0.86424744,0.0,0.0,0.0,1.687557,0.0,0.0,0.010644123,0.0,0.0,0.0,1.3852006,0.0,0.98158944,0.84320194,0.004519060525997417,0.24170616113744078,0
1.6186241,0.0,0.0,0.0,0.0,0.6334573,0.0,0.0,0.0,0.0,0.0,0.0,0.0,0.0,0.0,0.0,0.003629584029149952,0.3981042654028436,0
0.0,0.0,0.0,0.0,0.0,4.346457,0.0,0.0,0.0,0.0,0.0,0.57564783,0.0,0.0,0.0,2.688136,0.007706014202076425,0.4834123222748815,0
0.0,0.0,0.0,0.0,0.0,0.7016807,0.0,0.0,0.0,0.0,0.0,2.8802485,0.0,0.0,0.0,0.83438784,0.010120092495777663,0.28436018957345977,0
1.7502985,0.8043224,0.0,0.0,0.0,0.93047917,0.0,0.0,0.6452493,0.0,0.0,0.0,0.53609747,0.0,0.0,0.0,0.008822489670754167,0.34123222748815163,0
0.0,0.0,0.0,0.0,0.0,5.14112,0.0,0.0,0.0,0.0,0.0,5.114545,0.0,0.0,0.0,2.0915713,0.008850098246514027,0.26066350710900477,0
0.2534411,0.98021847,0.0,0.0,0.0,0.9085043,0.0,0.0,0.5755319,0.0,0.0,0.0,0.0,0.0,0.57594895,0.0,0.010052918441690798,0.3222748815165877,0
3.2328598,2.0564559,0.0,0.0,0.0,1.1090101,0.0,0.0,1.2133292,0.0,0.0,0.0,0.0,0.0,1.1153791,0.0,0.00422118277753139,0.22274881516587677,0
0.0,3.1662786,0.0,0.0,0.0,3.627163,0.0,0.0,0.008551225,0.0,0.0,0.0,0.12318562,0.0,0.0,2.4337015,0.004560256860520459,0.3364928909952607,0
2.875509,0.15964405,0.0,0.0,1.034723,0.0,2.023992,0.0,0.0,0.0,0.0,0.87913424,0.0,0.0,0.09705398,0.16081695,0.0011383087337148662,0.15639810426540288,0
0.018971672,0.0,0.0,0.0,0.0,0.16467652,0.0,0.0,0.0,0.0,0.0,0.0,0.6164803,0.0,1.8969386,0.0,0.008155171533235042,0.19905213270142183,0
0.8131945,2.4381878,0.0,0.0,0.0,0.59479696,0.0,0.0,2.0532775,0.0,0.0,0.0,1.3502762,0.0,0.4434665,0.0,0.006931146434249272,0.6066350710900474,0
1.1194544,0.0,0.0,0.0,0.0,2.3753712,0.0,0.0,1.2222071,0.001965314,0.0,0.0,0.0,0.0,0.8566579,0.0,0.050079236879670405,0.44075829383886256,0
2.0311964,0.0,0.0,0.0,0.0,0.6235465,0.0,0.0,0.0,0.0,0.0,0.0,0.0,0.0,1.6898687,0.0,0.0029864458811514776,0.2085308056872038,0
1.6795934,0.09133725,0.0,0.0,0.0,0.9230863,0.0,0.0,0.17452459,0.0,0.0,0.0,0.0,0.0,2.0044918,0.0,0.0056103004471169775,0.2985781990521327,0
5.829055,0.41938192,0.0,0.0,0.0,0.0,0.0,0.0,0.0,0.0,0.0,0.0,0.0,0.0,1.3306485,0.0,0.0031165966086404073,0.7345971563981043,0
1.96033,0.73259145,0.0,0.0,0.0,0.0,0.0,0.0,0.43756664,0.0,0.0,0.71267873,0.0,0.0,0.3459127,0.5162749,0.002542396773016794,0.061611374407582936,0
1.358854,0.37347406,0.0,0.0,0.0,0.588929,0.0,0.3951479,0.0,0.0,0.0,0.7511091,0.0,0.0,0.56830215,0.80824083,0.0026191963672091228,0.3886255924170616,0
0.0,0.0,0.0,0.0,0.0,26.302408,0.0,0.0,0.0,0.0,0.0,2.7473903,4.005172,0.0,0.0,3.7566643,0.04229886716276214,0.5639810426540285,0
0.45594394,0.41559988,0.0,0.0,0.0,2.3570874,0.0,0.0,0.9449391,0.0,0.0,0.0,0.6992219,0.0,1.0540782,0.6267771,0.003806196105648155,0.6113744075829384,0
3.2168434,0.0,0.0,0.0,0.0,1.1788542,0.0,0.0,0.648412,0.0,0.0,0.0,0.0,0.0,1.9665494,0.0,0.002545203575459901,0.4312796208530806,0
0.0,1.1961272,0.0,0.0,0.0,5.898914,0.0,0.0,0.0,0.0,0.0,0.0,1.7448816,0.0,1.074867,1.9762094,0.021322812204015155,0.8530805687203792,0
4.5111094,0.0,0.0,0.0,0.0,0.94234204,0.0,0.0,0.0,0.0,0.0,0.0,0.0,0.12979679,1.9422345,0.0,0.0024023355677759996,0.08530805687203794,0
0.0,0.005178022,0.0,0.0,0.0,4.708006,0.0,0.0,0.87001866,0.0,0.0,0.0,3.3610327,0.0,1.0246587,2.2882893,0.0070698305692975805,0.6492890995260664,0
0.0,0.0,0.0,0.0,0.0,11.409985,0.0,0.0,0.0,0.0,0.0,0.0,1.8819119,0.0,0.0,3.6481318,0.019505457916795654,0.9194312796208531,0
3.083065,0.0,0.0,0.0,0.0,0.024262516,0.0,0.0,0.0076268464,0.0,0.0,1.1480548,0.055259597,0.45693663,1.7748787,0.0,0.0032711913071911294,0.42654028436018954,0
0.98859,1.3235898,0.0,0.0,0.0,3.5039885,0.0,0.0,0.4015301,0.0,0.0,0.0,0.2193392,0.0,2.0335689,0.8622159,0.007910430373636064,0.5165876777251185,0
0.0,0.0,0.0,0.0,0.0,2.3845172,0.0,0.0,0.10632245,0.0,0.0,0.0,1.5894488,0.0,0.060613733,0.4925151,0.037939495220614336,0.22748815165876782,0
2.5704243,0.0,0.0,0.0,0.0,0.24162874,0.0,0.0,0.34921527,0.0,0.0,0.0,0.0,0.0,2.5639524,0.0,0.0031334138177459125,0.22274881516587677,0
0.0,0.0,0.0,0.0,0.0,3.17602,0.0,0.0,0.0,0.0,0.0,2.8335433,0.0,0.0,0.0,1.2937311,0.007356499534162694,0.3459715639810427,0
0.0,0.0,0.0,0.0,0.0,3.9280603,0.0,0.0,0.0,0.0,0.0,0.5804466,0.0,0.0,0.0,1.0394334,0.005100194461511848,0.22274881516587677,0
2.6321826,1.2818363,0.0,0.0,0.0,0.88938326,0.0,0.0,0.006441459,0.0,0.0,1.1073211,0.5604731,0.0,1.2104596,0.04419236,0.0011796219621534282,0.6919431279620853,0
6.361704,0.0,0.0,0.0,0.0,0.0,0.0,0.5308634,0.0,0.0,0.0,1.8689023,0.0,0.0,0.6612148,0.08478235,0.0008867521783285457,0.4218009478672986,0
1.7040572,0.5699001,0.0,0.0,0.0,0.45444113,0.0,0.0,0.0,0.0,0.0,0.19570565,0.0,0.0,0.09323902,0.0,0.0034113089600823388,0.11374407582938387,0
0.0,0.0,0.0,0.0,0.0,4.288006,0.0,0.0,0.96439725,0.0,0.0,0.0,0.45416445,0.0,0.99902576,0.0,0.029338144002062375,0.3507109004739336,0
2.4491096,0.0,0.0,0.0,0.0,1.5981301,0.0,0.0,0.0,0.0,0.0,0.0,0.0,0.0,2.8393483,0.0,0.0018252747357245735,0.6966824644549763,0
0.0,0.0,0.0,0.0,0.0,14.05301,0.0,0.0,2.3094583,0.0,0.0,6.7528195,2.497228,1.7012388,0.0,3.5343385,0.03500983264492596,0.37914691943127965,1
0.0,0.0,0.0,0.0,0.0,2.7912447,0.0,0.0,0.18462001,0.0,0.0,0.0,0.49291593,0.0,2.3989785,0.34851396,0.008315629744421784,0.5213270142180095,1
0.0,0.0,0.0,0.0,0.0,3.9462192,0.0,0.0,0.0,0.0,0.0,1.5814906,0.0,0.0,0.0,0.71994954,0.009757826237840043,0.42654028436018954,1
0.0,0.0,19.7748,0.0,7.5627384,37.65483,0.0,0.0,0.0,0.0,0.0,18.107826,0.0,0.0,0.0,19.175787,0.6908683674924451,0.5402843601895735,1
0.0,0.0,9.04927,0.0,0.0,32.058945,0.0,0.0,0.0,0.0,0.0,20.932995,0.0,0.0,0.0,20.25339,0.044273990921598665,0.22748815165876782,1
0.0,0.0,0.0,0.0,0.0,18.06337,0.0,0.0,0.0,0.0,0.0,4.3632874,1.0176996,0.0,0.0,2.348006,0.036463556980816866,0.22274881516587677,1
0.0,0.0,0.37173277,0.0,0.0,37.581493,0.0,0.0,0.0,0.0,0.0,18.002754,0.0,0.0,0.0,15.092176,0.054814785466741754,0.30805687203791465,1
0.029155722,0.0,0.0,0.0,0.0,3.0580323,0.0,0.0,0.0,0.0,0.0,0.0,0.0,0.0,1.4546869,2.0648685,0.021115331372070424,0.2085308056872038,1
0.0,0.0,5.699397,0.0,0.0,41.002125,0.0,0.0,0.0,0.0,0.0,15.544189,0.0,0.0,0.0,20.297003,0.07615974944477967,0.2369668246445498,1
0.0,0.0,0.0,0.0,0.0,5.8525105,0.0,0.0,0.0,0.0,0.0,3.4150176,0.0,0.0,0.0,2.0875409,0.014444821025439142,0.21800947867298578,1
0.0,0.0,0.0,0.0,0.0,13.913628,0.0,0.0,0.0,0.0,0.0,2.3040009,0.0,0.0,0.0,5.9624147,0.021631070593066116,0.16113744075829387,1
0.0,0.0,0.0,0.0,0.0,5.522447,0.0,0.0,0.0,0.0,0.0,1.3001716,1.27581,0.0,0.0,1.2428921,0.020982812857798933,0.47393364928909953,1
0.0,0.0,0.44590074,0.0,0.0,5.7803507,0.0,0.0,0.0,0.0,0.0,1.6468064,0.6660072,0.0,0.0,0.08867316,0.05294849674956048,0.18009478672985782,1
0.0,0.15727703,0.0,0.0,0.0,4.9337635,0.0,0.0,0.0,0.0,0.0,0.66512454,0.5925584,0.0,0.0,3.2309892,0.00431654493893098,0.2654028436018957,1
0.0,0.0,0.0,0.0,0.0,12.714576,0.0,0.0,0.0,0.0,0.0,4.534008,3.125704,0.0,0.0,2.232117,0.014316036544734453,0.29383886255924174,1
0.0,0.0,1.7003045,0.0,0.0,11.769606,0.0,0.0,0.0,0.0,0.0,4.827765,4.1344986,0.0,0.0,0.0,0.04003961788871278,0.8909952606635071,1
1.2798865,0.24255519,0.0,0.0,0.0,1.6858985,0.0,0.0,0.0,0.0,0.0,0.7470346,0.22806774,0.0,0.0,0.3165481,0.0028921704525062967,0.4549763033175356,1
0.0,0.0,2.8264818,0.0,0.6093932,6.577791,0.0,0.0,0.0,0.0,0.0,1.8334966,0.0,0.0,0.28649458,0.0,0.027062411261922204,0.14691943127962084,1
0.0,0.0,15.5422,0.0,0.0,44.34725,0.0,0.0,0.0,0.0,0.0,18.590382,0.0,0.0,0.0,20.172636,0.047117091821233754,0.2748815165876778,1
0.0,0.0,0.0,0.0,0.0,31.594751,0.0,0.0,0.0,0.0,0.0,20.02162,0.0,0.0,0.0,14.698518,0.04155564308534973,0.5639810426540285,1
0.0,0.0,0.0,0.0,0.0,11.128126,0.0,0.0,0.0,0.0,0.0,1.1507484,0.8951133,0.0,0.0,2.9205234,0.018135666365463193,0.4928909952606635,1
0.0,0.0,0.0,0.0,0.0,17.442377,0.0,0.0,0.0,0.0,0.0,10.120533,0.0,0.0,0.0,7.1325264,0.056555104099935,0.4928909952606635,1
0.0,0.34145677,0.0,0.0,0.0,4.4334025,0.0,0.0,0.0,0.0,0.0,0.0,0.0,0.0,0.0,0.8797745,0.009100553406124208,0.39336492890995256,1
0.0,0.0,5.660165,0.0,0.0,27.866068,0.0,0.0,0.0,0.0,0.0,11.766975,0.0,0.0,0.0,12.296576,0.052503277649724484,0.33175355450236965,1
0.0,0.0,0.0,0.0,0.0,7.2712283,0.0,0.0,1.262824,0.0,0.0,0.24436295,0.0,0.0,0.0,3.1601346,0.09999053413009794,0.35545023696682465,1
0.24888764,0.0,0.0,0.0,0.0,1.690823,0.0,0.0,0.0,0.0,0.0,0.03449494,0.0,0.0,0.0,0.41731122,0.0046505617926826505,0.3886255924170616,1
0.0,1.5850787,0.0,0.0,0.0,4.5878334,0.0,0.0,0.0,0.0,0.0,0.3371303,0.0,0.0,0.0,2.158436,0.00801912067035986,0.42654028436018954,1
0.0,0.0,15.200381,7.062031,4.864021,38.405884,0.0,0.0,0.0,0.0,0.0,15.336011,0.0,0.0,0.0,18.456066,0.08687654352263932,0.3222748815165877,1
0.0,0.0,0.0,0.0,0.0,6.769126,0.0,0.0,0.0,0.0,0.0,1.4856124,0.05895574,0.0,0.0,1.7342979,0.0019867693158407036,0.1279620853080569,1
0.0,0.0,0.0,0.0,0.0,17.51143,0.0,0.0,0.0,0.0,0.0,6.433161,0.0,0.0,0.0,7.2072697,0.016265788280942283,0.2322274881516588,1
0.0,0.0,0.0,0.0,0.0,6.574976,0.0,0.0,0.0,0.0,0.0,4.509214,0.0,0.0,0.0,2.6838055,0.008321674134728015,0.22274881516587677,1
0.0,0.0,3.8478374,0.0,0.0,23.863066,0.0,0.0,0.0,0.0,0.0,15.612204,0.0,0.0,0.0,13.714474,0.048190323112784886,0.30805687203791465,1
0.0,0.0,0.0,0.0,0.0,12.709385,0.0,0.0,1.1443325,0.0,0.0,6.583258,1.3749217,0.0,0.0,3.9554768,0.062288595050543696,0.37914691943127965,1
0.0,0.0,2.9676104,0.0,0.0,52.431316,0.0,0.0,0.0,0.0,0.0,19.666534,0.0,0.0,0.0,32.794224,0.6909791131463098,0.24170616113744078,1
0.0,0.0,0.89643675,0.0,0.0,8.694922,0.0,0.0,0.0,0.0,0.0,4.727762,0.0,0.0,0.0,9.846846,0.074647398614915,0.30805687203791465,1
0.0,0.0,2.9178596,0.0,0.0,28.179495,0.0,0.0,0.0,0.0,0.0,10.217573,0.0,0.0,0.0,8.540836,0.026103822305746757,0.2085308056872038,1
0.0,0.0,0.0,0.0,0.0,8.1492,0.0,0.0,0.0,0.0,0.0,0.0,0.6097869,0.0,0.7563386,0.7348371,0.06634420287095052,0.48815165876777256,1
0.0,0.0,0.0,0.0,0.0,7.469759,0.0,0.0,0.0,0.0,0.0,0.0,0.103869036,0.0,2.3680458,2.8606057,0.03662926206471672,0.24644549763033177,1
0.0,0.0,0.0,0.0,0.0,4.2358513,0.0,0.0,1.0030673,0.0,0.0,0.0,1.516528,0.0,0.0,3.27535,0.008269273187796508,0.6208530805687204,1
0.0,0.0,29.466095,7.6771083,5.895456,77.65336,0.0,0.0,0.0,0.0,0.0,39.83289,0.0,0.0,0.0,38.020195,0.13497060469950128,0.18009478672985782,1
0.0,0.0,0.0,0.0,0.0,11.379831,0.0,0.0,0.0,0.0,0.0,2.719576,0.89990765,0.0,0.0,2.5474792,0.014417672405529339,0.2654028436018957,1
0.0,0.0,1.6210619,0.0,0.0,19.92416,0.0,0.0,0.0,0.0,0.0,10.756773,0.0,0.0,0.0,6.146655,0.04105851054059261,0.4360189573459715,1
0.32524824,0.0,0.0,0.0,0.0,1.6690998,0.0,0.0,0.39482456,0.0,0.0,0.0,0.0,0.0,1.7031585,0.0,0.004873714238235924,0.22748815165876782,1
0.0,0.0,0.0,0.0,0.0,22.187538,0.0,0.0,0.0,0.0,0.0,3.315546,0.0,0.0,0.0,6.012801,0.032089583515517404,0.3270142180094787,1
0.0,0.0,2.708314,0.0,0.0,31.992666,0.0,0.0,0.0,0.0,0.0,15.445425,0.0,0.0,0.0,14.732,0.07254082907556343,0.4597156398104265,1
0.0,0.0,0.0,0.0,0.0,18.347218,0.0,0.0,0.0,0.0,0.0,11.141863,0.0,0.0,0.0,3.713232,0.04402612667722535,0.6919431279620853,1
0.0,0.0,0.0,0.0,0.0,9.513644,0.0,0.0,0.0,0.0,0.0,2.4256,0.78018147,0.0,0.0,1.0575595,0.04376664079575837,0.45023696682464454,1
0.0,0.0,0.0,0.0,0.0,19.167175,0.0,0.0,0.0,0.0,0.0,5.754013,0.0,0.0,0.0,2.1024833,0.15664371099396743,0.4123222748815166,1
0.0,0.0,0.0,0.0,0.0,23.472467,0.0,0.0,0.0,0.0,0.0,15.202894,0.0,0.0,0.0,10.197317,0.13004270237149512,0.9052132701421801,1
0.0,0.0,11.714998,0.0,0.0,58.82242,0.0,0.0,0.0,0.0,0.0,33.70626,0.0,0.0,0.0,43.78558,0.05667359561027596,0.2511848341232228,1
0.0,0.0,7.1221857,0.0,0.0,43.128647,0.0,0.0,0.0,0.0,0.0,21.22029,0.0,0.0,0.0,21.640825,0.045160273527842555,0.2890995260663507,1
0.0,1.4227453,0.0,0.0,0.0,1.358924,0.0,0.0,0.0,0.0,0.0,0.2114079,0.0,0.0,0.0,1.7736212,0.002295019941634029,0.2132701421800948,1
0.0,0.0,0.0,0.0,0.0,10.757713,0.0,0.0,0.0,0.0,0.0,2.7978795,0.39552742,0.0,1.6255851,7.7717905,0.04008467654831369,0.5118483412322276,1
0.0,0.0,0.0,0.0,0.0,3.7100031,0.0,0.0,0.0,0.0,0.0,0.0,0.97507316,0.0,1.6933421,2.5734124,0.011905206241388144,0.3459715639810427,1
0.0,0.0,0.0,0.0,0.0,23.74813,0.0,0.0,0.0,0.0,0.0,14.315115,0.4759707,0.0,0.0,9.147669,0.03858101966092099,0.5308056872037915,1
0.0,0.15864341,0.0,0.0,0.0,3.205447,0.0,0.0,0.1270309,0.0,0.0,0.0,1.5668901,0.0,0.23429082,1.8118285,0.012318711256301023,0.2559241706161137,1
0.0,1.8445605,0.0,0.0,0.0,1.6368264,0.0,0.0,1.0890656,0.0,0.0,0.0,0.69458735,0.0,0.73797673,0.6864197,0.00656813833490377,0.16113744075829387,1
0.0,0.0,0.0,0.0,0.0,5.5339594,0.0,0.0,0.0,0.0,0.0,0.0,0.87389463,0.0,0.44399247,1.6652046,0.02263918954839406,0.35545023696682465,1
0.0,0.0,0.0,0.0,0.0,17.156298,0.0,0.0,0.0,0.0,0.0,4.2338767,0.005189253,0.0,0.0,5.1710653,0.15732401906616617,0.4786729857819906,1
0.0,0.0,0.0,0.0,0.0,3.7557898,0.0,0.0,1.03977,0.0,0.0,0.0,0.5475523,0.0,0.12876688,4.6757455,0.11528470682306323,0.47393364928909953,1
0.0,0.0,0.0,0.0,1.3148668,7.4128466,0.0,0.0,0.0,0.0,0.0,4.1316137,0.0,0.0,0.0,5.246857,0.014729619566629598,0.2559241706161137,1
0.0,0.0,0.0,0.0,0.0,5.7079377,0.0,0.0,0.0,0.0,0.0,0.0,1.8349686,0.0,0.0,3.1582375,0.01821789818580468,0.5450236966824644,1
0.0,2.973436,0.0,0.0,0.0,3.741627,0.0,0.0,1.1175104,0.0,0.0,0.0,1.6539296,0.0,0.0,2.220992,0.0046795154897212405,0.11374407582938387,1
0.0,0.0,0.0,0.0,0.0,6.1412187,0.0,0.0,0.0,0.0,0.0,7.073407,0.0,0.24176733,0.0,3.5741663,0.0131579105803247,0.34123222748815163,1
0.0,0.0,0.0,0.0,0.0,11.023506,0.0,0.0,0.0,0.0,0.0,0.0,0.0,0.0,0.4954748,1.6554817,0.04956295322316877,0.6919431279620853,1
0.0,0.0,0.0,0.0,0.0,8.180059,0.0,0.0,0.25870222,0.0,0.0,0.0,1.6452811,0.0,0.0,2.9733791,0.012050684292180166,0.35545023696682465,1
0.0,0.0,3.5089314,0.0,0.0,20.247545,0.0,0.0,0.0,0.0,0.0,12.825012,0.0,0.0,0.0,7.3957653,0.03379138598424037,0.19431279620853084,1
0.0,1.2472701,0.0,0.0,0.0,3.7898204,0.0,0.0,1.1292199,0.0,0.0,0.0,0.62279326,0.0,0.36654767,1.7255322,0.009052462765969027,0.28436018957345977,1
0.0,0.0,0.0,0.0,0.0,1.7896888,0.0,0.0,0.6255463,0.0,0.0,0.34682631,2.6212869,0.0,0.8934742,1.4444994,0.03275238355043346,0.4218009478672986,1
0.0,0.0,0.0,0.0,0.0,3.2388525,0.0,0.0,0.0,0.0,0.0,0.0,1.1199985,0.0,2.3104713,1.6110555,0.01247384626326868,0.24170616113744078,1
0.0,0.1718174,0.0,0.0,0.0,3.4812984,0.0,0.0,0.3207279,0.0,0.0,0.0,0.118482605,0.0,1.2273737,0.78442204,0.021898333413929313,0.2511848341232228,1
0.0,0.33961892,0.0,0.0,0.0,2.497495,0.0,0.0,0.0,0.0,0.0,0.0,0.0,0.0,0.6996453,1.1774962,0.006153451125491007,0.3601895734597157,1
0.0,0.0,0.14358163,0.0,0.0,9.397342,0.0,0.0,0.0,0.0,0.0,0.39910948,0.0,0.0,2.5949166,2.897667,0.25640549485234526,0.5450236966824644,1
0.0,0.0,0.0,0.0,0.0,1.503939,0.0,0.0,0.0,0.0,0.0,3.3291564,0.052324604,0.9788482,0.0,0.57249314,0.007117287663382576,0.3033175355450237,1
0.0,0.0,1.1611646,0.0,0.0,19.030586,0.0,0.0,0.0,0.0,0.0,3.6491477,0.0,0.0,0.0,5.1715674,1.0,0.5118483412322276,1
0.0,0.0,0.0,0.0,0.0,13.884446,0.0,0.0,0.0,0.0,0.0,0.5845059,1.30294,0.0,1.8662722,3.0858135,0.02526219864798977,0.5118483412322276,1
0.09190988,0.0,0.0,0.0,0.0,1.0707927,0.0,0.0,0.39433664,0.0,0.0,0.0,0.23903973,0.0,1.7295656,0.5637369,0.0059708749277346375,0.14218009478672985,1
0.0,0.0,0.0,0.0,0.0,6.4134483,0.0,0.0,0.0,0.0,0.0,2.6103995,1.6412554,0.0,0.0,1.4778873,0.010902191801848114,0.47393364928909953,1
0.0,0.0,8.2248535,0.0,0.0,55.360813,0.0,0.0,0.0,0.0,0.0,19.425049,0.0,0.0,0.0,24.867174,0.4490513460930209,1.0000000000000002,1
0.0,0.0,7.4201465,0.0,0.0,30.463068,0.0,0.0,0.0,0.0,0.0,1.8988537,0.0,0.0,1.9683285,10.739662,0.6387478313262736,0.8862559241706162,1
0.0,0.0,23.024408,0.0,1.590342,65.72442,0.0,0.0,0.0,0.0,0.0,29.404797,0.0,0.0,0.0,26.945574,0.35714668624597146,0.5355450236966824,1
0.0,0.0,0.0,0.0,0.0,8.316518,0.0,0.0,0.0,0.0,0.0,0.0,0.8818905,0.0,2.0801764,2.5775747,0.03306258155208993,0.5687203791469194,1
0.0,0.0,0.0,0.0,0.0,14.556816,0.0,0.0,0.0,0.0,0.0,10.028503,0.6110566,0.0,0.0,5.7448897,0.023974119779174012,0.2511848341232228,1
0.0,0.0,0.0,0.0,0.0,26.162325,0.0,0.0,0.0,0.0,0.0,1.3684653,0.0,0.0,0.0,11.248775,0.16039833484029747,0.5023696682464455,1
0.0,2.0718703,0.0,0.0,0.0,3.5863554,0.0,0.0,0.0023626536,0.0,0.0,0.4604231,0.0,0.0,0.0,1.4124953,0.007917956217606449,0.46445497630331756,1
0.0,0.0,0.0,0.0,0.0,20.22845,0.0,0.0,0.0,0.0,0.0,14.422891,1.2384025,0.0,0.0,5.330948,0.021291774954868115,0.2748815165876778,1
0.0,0.0,0.06125814,0.0,0.0,6.3242188,0.0,0.0,0.0,0.0,0.0,0.5361923,0.0,0.0,2.4419866,1.3889741,0.05088519776455897,0.1848341232227488,1
0.0,0.0,34.99281,11.444503,18.786325,69.79654,0.0,0.0,0.0,0.0,0.0,12.311987,0.0,0.0,0.0,4.128795,0.18512780232437379,0.3033175355450237,1
0.0,0.0,2.6323438,0.0,0.0,18.007343,0.0,0.0,0.0,0.0,0.0,4.355933,0.0,0.0,0.0,6.081254,0.354847616015549,0.4597156398104265,1
0.0,0.0,0.0,0.0,0.0,13.165819,0.0,0.0,0.0,0.0,0.0,0.03328455,0.27802104,0.0,1.3526881,0.0,0.02474036396368752,0.2085308056872038,1
0.0,0.0,0.0,0.0,0.0,12.435551,0.0,0.0,0.0,0.0,0.0,2.9671874,2.5221846,0.0,0.0,1.6460613,0.02494031259343856,0.37914691943127965,1
0.0,0.0,14.561377,0.0,0.0,67.41391,0.0,0.0,0.0,0.0,0.0,29.673416,0.0,0.0,0.0,40.693592,0.11513900844797108,0.5450236966824644,1
0.0,0.0,0.0,0.0,0.0,9.430231,0.0,0.0,0.0,0.0,0.0,2.5443847,0.25661296,0.0,0.0,4.2207866,0.014550850777214028,0.22274881516587677,1
0.0,0.0,2.953843,2.9295783,0.0,14.660103,0.0,0.0,0.0,0.0,0.0,3.7182689,0.0,0.0,0.0,11.568272,0.27572880913961234,0.4834123222748815,1
0.0,0.0,0.0,0.0,0.0,7.2068586,0.0,0.0,0.0,0.0,0.0,1.3014416,0.26660293,0.0,0.0,0.0,0.014148807638287719,0.24170616113744078,1
0.0,0.0,0.0,0.0,0.0,5.6045623,0.0,0.0,0.0,0.0,0.0,0.0,0.66797096,0.0,0.0,2.1864157,0.008637830647098737,0.17535545023696683,1
0.0,0.0,9.080707,0.0,0.0,34.59922,0.0,0.0,0.0,0.0,0.0,6.1133504,0.0,0.0,0.0,8.381939,0.577793766566854,0.5118483412322276,1
0.0,0.0,3.4479465,0.0,0.0,16.51743,0.0,0.0,0.0,0.0,0.0,4.008152,0.0,0.0,0.0,8.367843,0.13787494488148688,0.22274881516587677,1
0.0,0.0,0.0,0.0,0.0,4.526796,0.0,0.0,0.0,0.07987553,0.0,0.0,0.045983862,0.0,0.30562076,0.0,0.011037139842333113,0.2085308056872038,1
0.0,0.0,36.17975,0.0,0.0,73.91701,0.0,0.0,0.0,0.0,0.0,31.849072,0.0,0.0,0.0,28.375208,0.07019260136363123,0.24644549763033177,1
0.0,0.0,0.0,0.0,0.0,26.382631,0.0,0.0,0.0,0.0,0.0,18.513544,0.0,0.0,0.0,12.565705,0.038321439241302116,0.37914691943127965,1
0.0,0.0,0.0,0.0,0.0,1.0816065,0.0,0.0,0.0,0.0,0.0,2.2080343,0.0,0.14451252,0.0,1.1316955,0.002502565258241912,0.34123222748815163,1
0.0,0.0,0.0,0.0,0.0,10.699005,0.0,0.0,0.0,0.0,0.0,6.4333687,0.0,0.0,0.0,5.563176,0.024979782073024225,0.28436018957345977,1
0.0,0.0,20.482931,0.0,0.2073979,64.31627,0.0,0.0,0.0,0.0,0.0,19.419487,0.0,0.0,0.0,13.222723,0.4182863029911491,0.24644549763033177,1
0.0,0.0,4.5576935,0.0,0.0,51.691055,0.0,0.0,0.0,0.0,0.0,21.52659,0.0,0.0,0.0,31.107368,0.07317661500674486,0.22274881516587677,1
0.0,0.0,0.0,0.0,0.0,9.904526,0.0,0.0,0.0,0.0,0.0,0.0,0.13652249,0.0,0.0,0.3109811,0.05722356774527545,0.4597156398104265,1
0.0,0.0,0.0,0.0,0.0,4.428431,0.0,0.0,2.144155,0.0,0.0,0.0,1.4078846,0.0,0.0,1.3726925,0.04251583766546553,0.4834123222748815,1
1.8790877,0.82635146,0.0,0.0,0.0,1.5138506,0.0,0.0,0.0,0.0,0.0,1.5438517,0.0,0.0,0.0,0.0,0.001995724397579729,0.46445497630331756,1
0.0,0.0,0.0,0.0,0.15022303,5.533184,0.0,0.0,0.0,0.0,0.0,1.7592332,0.0,0.0,0.0,2.8766627,0.08182492798363344,0.27014218009478674,1
0.0,0.0,0.61181074,0.0,0.0,27.619493,0.0,0.0,0.0,0.0,0.0,18.954132,0.0,0.0,0.0,15.315736,0.021550679099145494,0.17535545023696683,1
0.0,0.0,4.7115955,0.0,0.0,36.63843,0.0,0.0,0.0,0.0,0.0,6.0027375,0.0,0.0,0.0,14.263989,0.06002584376992872,0.2085308056872038,1
0.0,0.0,39.039856,1.0524098,12.792951,93.41268,0.0,0.0,0.0,0.0,0.0,27.613861,0.0,0.0,0.0,11.229135,0.1182466278640267,0.19905213270142183,1
0.0,0.0,7.187003,0.0,0.0,40.03741,0.0,0.0,0.0,0.0,0.0,10.114734,0.0,0.0,0.0,13.09898,0.05380458029153515,0.44075829383886256,1
0.0,0.0,0.0,0.0,0.0,31.801434,0.0,0.0,0.0,0.0,0.0,25.738329,0.0,0.0,0.0,34.85071,0.9357332345871252,0.7156398104265403,1
0.0,0.0,2.7807589,0.0,0.0,16.62828,0.0,0.0,0.0,0.0,0.0,15.924203,0.0,0.0,0.0,11.081696,0.03476961335473594,0.2322274881516588,1
0.0,0.0,0.0,0.0,0.0,10.086646,0.0,0.0,0.0,0.0,0.0,2.6643708,1.3942426,0.0,0.0,6.6987734,0.012134659594580677,0.5071090047393365,1
0.0,0.0,1.1976887,0.0,0.0,32.08771,0.0,0.0,0.0,0.0,0.0,13.002652,0.0,0.0,0.0,10.573494,0.041103473911231446,0.22274881516587677,1
0.0,0.0,0.0,0.0,0.0,3.8768919,0.0,0.0,0.0,0.0,0.0,0.0,1.6270101,0.0,0.8054619,2.3985395,0.05863524918320989,0.2654028436018957,1
0.0,1.1105726,0.0,0.0,0.0,2.726766,0.0,0.0,0.5579211,0.0,0.0,0.0,0.0041778814,0.0,0.0,1.3189472,0.009088813063456684,0.2369668246445498,1
0.0,0.0,0.0,0.0,0.0,3.2912323,0.0,0.0,0.75037736,0.0,0.0,0.3337747,0.86605793,0.0,0.0,2.2311063,0.018850810773722082,0.2511848341232228,1
0.0,0.0,0.0,0.0,0.0,7.7567744,0.0,0.0,0.0,0.0,0.0,0.0,0.0,0.0,0.9698818,2.2386835,0.109557408500959,0.4454976303317536,1
0.0,0.0,9.97641,0.0,0.0,60.469578,0.0,0.0,0.0,0.0,0.0,25.33901,0.0,0.0,0.0,33.774796,0.18894291143417832,0.5497630331753555,1
0.0,0.93366605,0.0,0.0,0.0,3.0900574,0.0,0.0,0.80964977,0.0,0.0,0.0,0.8946981,0.0,0.32439002,2.4487147,0.025741001583495664,0.22748815165876782,1
0.0,0.0,0.0,0.0,0.0,10.5650425,0.0,0.0,0.0,0.0,0.0,2.2475307,0.21913667,0.0,0.0,0.6248638,0.1033572787085492,0.2654028436018957,1
0.0,0.0,0.0,0.0,0.0,6.543205,0.0,0.0,0.0,0.0,0.0,0.0,0.8084484,0.0,2.188466,0.81084913,0.05075969239481362,0.18009478672985782,1
0.21933876,1.1023641,0.0,0.0,0.0,1.057243,0.0,0.0,0.9672904,0.0,0.0,0.0,0.6492743,0.0,0.0,0.0,0.004649843139442849,0.46445497630331756,1
0.0,0.0,0.0,0.0,0.0,17.308052,0.0,0.0,0.0,0.0,0.0,2.3709402,0.0,0.0,0.0,3.206016,0.034187959564878884,0.6066350710900474,1
0.0,0.0,0.20909315,0.0,0.0,19.56747,0.0,0.0,0.0,0.0,0.0,8.340778,0.30466133,0.0,0.0,4.26673,0.02548872894547224,0.2085308056872038,1
0.0,0.0,16.055727,0.0,0.0,82.26189,0.0,0.0,0.0,0.0,0.0,33.500477,0.0,0.0,0.0,50.051144,0.12629494447919198,0.5876777251184834,1
0.0,0.0,0.0,0.0,0.0,2.0550117,0.0,0.0,0.0,0.0,0.0,3.2622986,1.9597536,0.0,0.0,1.5675657,0.03510713084791482,0.5213270142180095,1
0.0,0.0,0.0,0.0,0.0,5.9101744,0.0,0.0,0.0,0.0,0.0,3.4544575,1.6740092,0.0,0.0,2.6381276,0.004756471592571778,0.21800947867298578,1
0.0,0.0,0.0,0.0,0.0,2.2741098,0.0,0.0,0.0,0.0,0.0,0.0,0.88548774,0.0,1.3782513,0.5074145,0.016534159393351233,0.17061611374407584,1
0.0,0.0,0.0,0.0,0.0,9.6319475,0.0,0.0,0.0,0.0,0.0,0.0,2.691243,0.0,1.4124796,2.817977,0.012775226565089535,0.8199052132701422,1
0.0,2.0124238,0.0,0.0,0.0,17.866285,0.0,0.0,0.0,0.0,0.0,7.316592,2.819131,0.0,0.0,7.132058,0.032258589104154696,0.3601895734597157,1
0.0,0.0,6.1456776,0.0,0.0,37.897354,0.0,0.0,0.0,0.0,0.0,8.539048,0.0,0.0,0.0,16.050417,0.07261504240022469,0.30805687203791465,1
0.0,0.0,0.0,0.0,0.0,8.016925,0.0,0.0,0.5979369,0.0,0.0,5.2795196,4.220334,0.0,0.0,2.2408142,0.0538255762457566,0.5497630331753555,1
0.0,0.0,0.0,0.0,0.0,2.7962525,0.0,0.0,0.0,0.0,0.0,1.2219114,0.0,0.0,0.0,0.3101694,0.009900484396577591,0.28436018957345977,1
0.0,0.0,0.0,0.0,0.0,5.6326,0.0,0.0,0.0,0.0,0.0,0.0,1.4081205,0.0,0.72861576,2.0480962,0.03193737062622041,0.30805687203791465,1
0.0,0.0,0.5375677,0.0,0.0,26.291452,0.0,0.0,0.0,0.0,0.0,2.420268,0.0,0.0,0.0,12.233897,0.187371832313861,0.3744075829383886,1
0.0,0.0,0.0,0.0,0.0,2.1128156,0.0,0.0,0.0,0.0,0.0,1.515729,0.0,0.16023283,0.0,1.0927514,0.003617448487118875,0.2985781990521327,1
0.0,0.0,0.0,0.0,0.0,3.1360288,0.0,0.0,0.0,0.0,0.0,0.0,1.0086718,0.0,0.7960482,1.7415993,0.010221242546733478,0.24644549763033177,1
0.0,0.0,0.0,0.0,0.0,11.725016,0.0,0.0,1.2491776,0.0,0.0,3.0693324,2.7869892,0.0,0.0,0.107615665,0.014376653842819899,0.7914691943127962,1
0.0,0.0,0.0,0.0,0.0,1.5304695,0.0,0.0,0.0,0.0,0.0,0.0,0.0,0.0,0.833293,0.405522,0.014251172755556648,0.2890995260663507,1
0.0,0.0,0.0,0.0,0.0,15.079641,0.0,0.0,0.0,0.0,0.0,2.4903812,0.7011239,0.0,0.0,1.7209558,0.025779249443724256,0.3364928909952607,1
0.0,0.0,0.0,0.0,0.0,2.3411965,0.0,0.0,0.0,0.0,0.0,0.082482934,0.53220683,0.0,1.5648052,0.15379517,0.021503142217672286,0.34123222748815163,1
0.0,0.0,0.0,0.0,0.0,27.579016,0.0,0.0,0.0,0.0,0.0,11.935823,0.0,0.0,0.0,21.237047,0.10816087317243182,0.34123222748815163,1
0.0,0.0,0.0,0.0,0.0,4.992984,0.0,0.0,0.0,0.0,0.0,1.9085203,0.83536017,0.0,0.0,1.6976306,0.022366106379592292,0.2559241706161137,1
0.0,0.0,0.3332644,0.0,2.5191891,36.21181,0.0,0.0,0.0,0.0,0.0,9.001763,0.0,0.0,0.0,16.651262,0.4831614747079985,0.6303317535545024,1
0.0,0.0,0.0,0.0,0.0,16.162296,0.0,0.0,0.0,0.0,0.0,7.6419663,0.0,0.0,0.0,6.483737,0.2447548590784794,0.46445497630331756,1
0.0,0.0,0.0,0.0,0.0,6.1774406,0.0,0.0,0.0,0.0,0.0,0.0,0.30847007,0.0,0.0,2.3822792,0.035689038001398145,0.26066350710900477,1
0.0,0.0,14.180153,0.0,0.7399656,47.733234,0.0,0.0,0.0,0.0,0.0,13.998987,0.0,0.0,0.0,17.383406,0.6544342199868963,0.6729857819905214,1
0.0,0.0,36.52637,0.0,0.0,87.09714,0.0,0.0,0.0,0.0,0.0,23.7817,0.0,0.0,0.0,19.979626,0.1505155646161982,0.4834123222748815,1
0.7255104,1.2137592,0.0,0.0,0.0,1.5170747,0.0,0.0,0.0,0.0,0.0,0.32164624,0.0,0.0,0.41419324,0.0,0.0025849243330204616,0.07109004739336491,1
0.0,0.0,0.0,0.0,0.0,9.699017,0.0,0.0,0.0,0.0,0.0,2.7368064,1.1148709,0.0,0.0,1.2592653,0.01463298876088681,0.7535545023696683,1
0.0,0.0,0.0,0.0,0.0,14.850615,0.0,0.0,0.911112,0.0,0.0,4.3203564,2.0702138,0.0,0.0,1.8518063,0.42811395666955226,0.2796208530805687,1
0.0,0.0,0.0,0.0,0.0,16.662512,0.0,0.0,0.0,0.0,0.0,7.6437173,0.0,0.0,0.0,9.814817,0.020231509886795004,0.2322274881516588,1
0.0,0.0,0.8178485,0.0,0.0,16.242472,0.0,0.0,0.0,0.0,0.0,6.4109793,0.0,0.0,0.0,12.34984,0.044760286477311124,0.6161137440758294,1
0.0,0.0,0.0,0.0,0.0,11.684765,0.0,0.0,0.0,0.0,0.0,2.7099047,1.5459847,0.0,0.0,2.7078319,0.02707214088050197,0.5592417061611374,1
0.0,0.0,0.0,0.0,0.0,13.217533,0.0,0.0,0.0,0.0,0.0,0.6619588,0.0,0.0,2.6029105,1.3311342,0.019106783909595273,0.2085308056872038,1
0.0,0.0,0.0,0.0,0.0,7.210996,0.0,0.0,0.56127876,0.0,0.0,0.0,1.9219991,0.0,2.3256297,0.0,0.23812941960090847,0.42654028436018954,1
0.0,0.0,0.0,0.0,0.0,39.441288,0.0,0.0,0.0,0.0,0.0,7.4475913,0.0,0.0,0.0,12.208281,0.04284420950759195,0.17535545023696683,1
0.0,0.0,0.0,0.0,0.0,26.706818,0.0,0.0,0.0,0.0,0.0,10.995432,0.0,0.0,0.0,12.899894,0.05069677975217407,0.5165876777251185,1
0.0,1.1264706,0.0,0.0,0.0,2.9239242,0.0,0.0,0.7424673,0.0,0.0,0.0,0.0,0.0,0.59332633,1.6344608,0.027994089785929415,0.4597156398104265,1
0.0,0.0,0.0,0.0,0.0,7.4347095,0.0,0.0,0.0,0.0,0.0,0.9375738,1.6618459,0.0,0.67297065,2.0286222,0.014140869288614143,0.21800947867298578,1
0.0,0.0,0.0,0.0,0.0,5.3710957,0.0,0.0,0.0,0.0,0.0,0.0,0.3116234,0.0,0.0,2.250008,0.010334798593361054,0.3507109004739336,1
0.0,0.0,0.0,0.0,0.0,3.1664257,0.0,0.0,0.0,0.0,0.0,0.0,1.3071893,0.0,0.40129408,2.0018072,0.006538424837030352,0.18009478672985782,1
0.0,0.0,0.0,0.0,0.0,10.726744,0.0,0.0,0.0,0.0,0.0,6.154907,1.8718358,0.0,0.0,0.99870926,0.03544382599245809,0.3033175355450237,1
0.0,0.0,0.0,0.0,0.0,7.113352,0.0,0.0,0.0,0.0,0.0,0.0,0.5988824,0.0,3.549596,1.3465523,0.023378033663770982,0.35545023696682465,1
0.0,0.0,0.0,0.0,0.0,19.017658,0.0,0.0,0.0,0.0,0.0,4.1724844,0.0,0.0,0.0,4.6470594,0.030604550734718353,0.3744075829383886,1
0.0,0.0,0.0,0.0,0.0,6.854564,0.0,0.0,0.0,0.0,0.0,2.4030523,1.0832914,0.0,0.0,0.8553529,0.030479186267587794,0.24644549763033177,1
0.3334558,0.10919978,0.0,0.0,0.0,1.9176809,0.0,0.0,0.0,0.0,0.0,0.0,0.0,0.0,0.0,0.94507474,0.006146420663086859,0.3459715639810427,1
0.0,0.54022557,0.0,0.0,0.0,1.4062763,0.0,0.0,0.0,0.0,0.0,0.0,0.0,0.0,0.0,0.0,0.0036802639186530495,0.4075829383886256,1
0.0,0.0,0.0,0.0,0.0,25.597383,0.0,0.0,0.0,0.0,0.0,9.206398,0.0,0.0,0.0,11.046698,0.15316581618809683,0.6208530805687204,1
0.0,0.0,6.830117,0.0,0.0,70.26153,0.0,0.0,0.0,0.0,0.0,30.128088,0.0,0.0,0.0,44.354084,0.118353960666812,0.3364928909952607,1
0.0,0.0,0.0,0.0,0.0,12.472999,0.0,0.0,1.3372145,0.0,0.0,4.2625422,0.0,0.5505299,0.0,5.2780724,0.7395649290630925,0.37914691943127965,1
0.0,0.0,0.0,0.0,0.0,3.826595,0.0,0.0,0.0,0.0,0.0,0.0,1.7051935,0.0,0.0,1.2888058,0.014047606726792086,0.2511848341232228,1
0.0,0.0,1.9723798,0.0,0.0,33.118694,0.0,0.0,0.0,0.0,0.0,6.6952953,0.0,0.0,0.0,10.877104,0.43959877938284625,0.4928909952606635,1
0.0,0.0,0.0,0.0,0.0,10.512192,0.0,0.0,0.0,0.0,0.0,9.606775,3.5735147,0.0,0.0,6.615157,0.015005768396699504,0.5497630331753555,1
0.0,0.0,0.0,0.0,0.0,23.190302,0.0,0.0,0.0,0.0,0.0,4.042921,0.0,0.0,0.0,8.921572,0.04301209030188842,0.2985781990521327,1
0.0,0.0,0.0,0.0,0.0,12.085847,0.0,0.0,0.0,0.0,0.0,0.22052228,0.0,0.0,0.0,7.2307477,0.016133566547936313,0.5118483412322276,1
0.0,0.0,5.4921665,0.0,0.0,33.83704,0.0,0.0,0.0,0.0,0.0,13.031903,0.0,0.0,0.0,16.40135,0.054415862804741665,0.3222748815165877,1
0.0,0.0,0.0,0.0,0.0,6.4455175,0.0,0.0,0.0,0.0,0.0,2.2013142,1.6778413,0.0,0.0,1.1095252,0.009388199768043318,0.5781990521327014,1
0.0,0.0,0.0,0.0,0.0,4.301016,0.0,0.0,0.07306461,0.0,0.0,0.0,0.7536734,0.0,0.93527925,3.181109,0.010882520014089495,0.1848341232227488,1
0.0,0.0,0.0,0.0,0.0,7.306176,0.0,0.0,0.0,0.0,0.0,2.1344562,1.2935988,0.0,0.0,0.2653994,0.03351079025461586,0.31753554502369663,1
0.0,0.0,0.0,0.0,0.0,14.515343,0.0,0.0,0.0,0.0,0.0,2.554292,0.0,0.0,0.0,7.6349616,0.014762969644792566,0.2132701421800948,1
0.0,0.0,0.0,0.0,0.0,20.4581,0.0,0.0,0.3811167,0.0,0.0,7.82988,0.34855658,2.2962146,0.0,5.5838394,0.2752411336132618,0.5213270142180095,1
0.0,0.0,0.0,0.0,0.0,17.672636,0.0,0.0,0.0,0.0,0.0,2.5790668,0.0,0.0,0.0,5.8340874,0.044726113666096905,0.2985781990521327,1
0.0,0.0,0.0,0.0,0.0,6.0851564,0.0,0.0,0.0,0.0,0.0,0.0,2.1178517,0.0,1.442866,3.6606846,0.009880845059396402,0.24644549763033177,1
0.0,0.0,20.266241,0.0,4.068905,41.861465,0.0,0.0,0.0,0.0,0.0,11.670456,0.0,0.0,3.1751413,15.3894615,0.06682984528200987,0.5308056872037915,1
0.0,0.0,0.0,0.0,0.0,12.335403,0.0,0.0,0.0,0.0,0.0,5.568082,0.0,0.0,0.0,1.3824345,0.06832015282067147,0.5450236966824644,1
0.0,0.0,12.939539,0.0,4.4433413,31.680902,0.0,0.0,0.0,0.0,0.0,25.720516,0.0,0.0,0.0,20.192867,0.16469768528687842,0.5023696682464455,1
0.0,0.0,0.0,0.0,0.0,8.254127,0.0,0.0,0.0,0.0,0.0,0.9531411,1.006661,0.0,1.961985,3.7051215,0.014220732749691387,0.22748815165876782,1
0.0,0.0,0.0,0.0,0.0,7.7616153,0.0,0.0,0.0,0.0,0.0,5.0787916,1.1788493,0.0,0.0,0.7251124,0.019178263815963142,0.4549763033175356,1
0.0,0.0,0.0,0.0,0.0,9.115685,0.0,0.0,0.0,0.0,0.0,3.0887573,0.0,0.0,0.0,6.2074823,0.014106392744915024,0.2369668246445498,1
0.0,0.0,0.0,0.0,0.0,5.557541,0.0,0.0,0.0,0.0,0.0,7.623806,0.22856556,0.0,0.0,2.8676598,0.8780366590579426,0.45023696682464454,1
0.0,0.0,14.867477,0.0,0.0,63.586018,0.0,0.0,0.0,0.0,0.0,17.547844,0.0,0.0,0.0,28.70013,0.03917342555787858,0.3364928909952607,1
0.0,0.0,4.3411775,0.0,0.0,32.861675,0.0,0.0,0.0,0.0,0.0,17.532936,0.0,0.0,0.0,17.866442,0.29677065855459966,0.5118483412322276,1
0.0,0.0,18.651886,0.0,0.0,63.81467,0.0,0.0,0.0,0.0,0.0,35.063618,0.0,0.0,0.0,34.708813,0.07083917229087097,0.1516587677725119,1
0.0,0.0,0.0,0.0,0.0,29.539337,0.0,0.0,0.0,0.0,0.0,18.697008,0.0,0.0,0.0,10.54637,0.05230824047297159,0.5781990521327014,1
0.0,0.0,8.244788,0.0,0.0,49.06987,0.0,0.0,0.0,0.0,0.0,5.0622034,0.0,0.0,1.931397,14.897692,0.06725923864035682,0.3127962085308057,1
0.0,0.0,0.0,0.0,0.0,11.777498,0.0,0.0,0.0,0.0,0.0,2.0665123,0.0,0.0,0.0,2.257282,0.009686380909615386,0.5402843601895735,1
0.0,0.0,0.0,0.0,0.0,3.4388397,0.0,0.0,0.0,0.0,0.0,0.26108658,0.4468009,0.0,0.8263029,1.8259898,0.011110901184947501,0.4218009478672986,1
0.0,0.0,0.0,0.0,0.0,2.0717375,0.0,0.0,0.0,0.0,0.0,5.240384,0.0,0.0,0.0,6.813827,0.0047131116961561005,0.2559241706161137,1
0.0,0.0,0.0,0.0,0.0,27.446234,0.0,0.0,0.0,0.0,0.0,3.4527612,0.0,0.0,0.0,2.3370485,0.041442645819240516,0.13744075829383887,1
0.0,0.0,0.0,0.0,0.0,26.67602,0.0,0.0,0.0,0.0,0.0,11.995884,0.0,0.0,0.0,5.147908,0.04126590713226724,0.5450236966824644,1
0.0,0.0,0.0,0.0,0.0,24.38359,0.0,0.0,0.0,0.0,0.0,14.273705,0.0,0.0,0.0,11.731337,0.04277761143642528,0.2085308056872038,1
0.0,0.0,0.0,0.0,0.0,4.6404247,0.0,0.0,0.56400007,0.0,0.0,0.0,2.0741901,0.0,0.28769204,4.5792727,0.015064014667365134,0.6113744075829384,1
0.0,0.0,0.0,0.0,0.0,13.584846,0.0,0.0,0.0,0.0,0.0,1.5853482,0.9187431,0.0,0.0,0.0,0.03532241384055569,0.2654028436018957,1
0.0,0.0,0.0,0.0,0.0,42.155144,0.0,0.0,0.0,0.0,0.0,15.67958,0.0,0.0,0.0,18.16124,0.23091489658737016,0.48815165876777256,1
0.0,0.0,1.8773893,0.2692022,0.0,9.359178,0.0,0.0,0.0,0.0,0.0,1.3924823,0.0,0.0,0.0,3.2656388,0.30504637789211947,0.3364928909952607,1
0.0,0.0,0.0,0.0,0.0,13.62354,0.0,0.0,0.0,0.0,0.0,1.3563088,0.57455736,0.0,0.0,0.0,0.01617808704632628,0.5165876777251185,1
0.0,0.0,15.519203,0.0,0.0,65.71567,0.0,0.0,0.0,0.0,0.0,27.209007,0.0,0.0,0.0,35.817993,0.10905643419109476,0.3459715639810427,1
0.0,1.6209108,0.0,0.0,0.0,7.8469667,0.0,0.0,0.0,0.0,0.0,0.4028126,0.09925397,0.0,0.0,4.780267,0.00737960629513824,0.19905213270142183,1
0.0,0.0,6.49669,0.0,0.0,34.829193,0.0,0.0,0.0,0.0,0.0,22.149677,0.0,0.0,0.0,21.886538,0.17135588588210202,0.3364928909952607,1
0.0,0.0,15.382147,0.0,0.0,40.73694,0.0,0.0,0.0,0.0,0.0,16.541838,0.0,0.0,0.0,19.173035,0.03328851715359931,0.19431279620853084,1
0.0,0.0,0.0,0.0,0.0,6.517495,0.0,0.0,0.0,0.0,0.0,0.529287,0.0,0.0,0.35688373,4.517312,0.2845627242472166,0.4786729857819906,1
0.0,0.0,0.0,0.0,0.0,5.210431,0.0,0.0,0.0,0.0,0.0,0.0,0.8128137,0.0,1.6638893,0.45528072,0.04431179730313961,0.24170616113744078,1
0.4287908,0.0,0.0,0.0,0.0,1.2469207,0.0,0.0,0.0,0.0,0.0,0.0,0.0,0.0,0.0,1.0401008,0.005902342204412191,0.3459715639810427,1
0.0,0.0,2.7095969,4.0175548,0.0,24.47098,0.0,0.0,0.0,0.0,0.0,9.812315,0.0,0.0,0.0,12.067108,0.12269259204556252,0.5023696682464455,1
0.90662074,0.055413235,0.0,0.0,0.0,2.2109172,0.0,0.0,0.04731889,0.0,0.0,0.0,0.4080947,0.0,0.7193521,0.0,0.0028949225741267837,0.3696682464454977,1
0.0,0.0,0.0,0.0,0.0,20.471928,0.0,0.0,0.0,0.0,0.0,11.32523,0.0,0.0,0.0,6.105217,0.11527033730199794,0.3127962085308057,1
0.0,0.0,8.860596,0.0,0.0,29.195276,0.0,0.0,0.0,0.0,0.0,1.198759,0.0,0.0,1.1524729,8.7694435,0.2574539349904936,0.49763033175355453,1
0.67233324,0.6904957,0.0,0.0,0.0,1.81584,0.0,0.0,0.0,0.0,0.0,0.0,0.0,0.0,0.0,0.0,0.005411843237624154,0.3364928909952607,1
0.0,0.0,0.0,0.0,0.0,14.467882,0.0,0.0,0.0,0.0,0.0,2.89916,0.0,0.0,0.0,9.363882,0.03561966552939601,0.4123222748815166,1
0.0,0.0,0.0,0.0,0.0,38.259197,0.0,0.0,0.0,0.0,0.0,21.554617,0.0,0.0,0.0,25.42304,0.4123787603148438,0.2890995260663507,1
0.0,0.0,0.0,0.0,0.5867222,5.7901,0.0,0.0,0.0,0.0,0.0,2.6121938,1.8846856,0.0,0.0,0.91957814,0.07462541258724238,0.6066350710900474,1
0.0,0.0,2.9507165,0.0,0.0,33.43435,0.0,0.0,0.0,0.0,0.0,14.93409,0.0,0.0,0.0,16.01561,0.02076198629507064,0.19905213270142183,1
0.0,0.0,0.0,0.0,0.0,34.852665,0.0,0.0,0.0,0.0,0.0,9.0125675,0.0,0.0,0.0,14.339074,0.04495810023089735,0.6303317535545024,1
0.0,0.0,1.0291482,0.0,0.0,38.532856,0.0,0.0,0.0,0.0,0.0,20.977398,0.0,0.0,0.0,20.49425,0.049434518059297106,0.2369668246445498,1
0.0,1.1345527,0.0,0.0,0.0,3.538194,0.0,0.0,0.0,0.0,0.0,0.0,0.41067123,0.0,0.14123999,1.9926962,0.006837044541348209,0.5118483412322276,1
0.0,0.0,0.0,0.0,0.0,25.587725,0.0,0.0,0.7712802,0.0,0.0,12.34361,1.0436411,0.0,0.0,10.747631,0.02830329535457931,0.5355450236966824,1
0.0,0.0,0.0,0.0,0.0,9.133798,0.0,0.0,0.89800566,0.0,0.0,6.917592,4.140988,0.0,0.0,3.609086,0.013614524882926356,0.17535545023696683,1
0.0,0.0,0.0,0.0,0.0,3.2655947,0.0,0.0,0.1497367,0.0,0.0,0.0,0.44712353,0.5153021,0.0,1.4797418,0.03164387578947495,0.22748815165876782,1
0.0,0.0,0.0,0.0,0.0,9.833265,0.0,0.0,0.0,0.0,0.0,0.0,0.0,0.0,0.7632886,2.0482523,0.05065281303215259,0.3601895734597157,1
0.0,0.0,0.0,0.0,0.0,4.3521886,0.0,0.0,0.0,0.0,0.0,0.0,0.0,0.0,0.0,0.94116956,0.006440221398091499,0.5165876777251185,1
0.0,0.0,0.0,0.0,0.0,4.691612,0.0,0.0,0.0,0.0,0.0,0.0,2.8793693,0.0,0.0,1.7864999,0.0943022086663127,0.3270142180094787,1
0.0,0.0,2.9865894,0.0,0.0,34.932674,0.0,0.0,0.0,0.0,0.0,8.816982,0.0,0.0,0.0,8.272246,0.04918596541919557,0.39336492890995256,1
1.0865996,0.36959893,0.0,0.0,0.0,1.8029267,0.0,0.0,0.0,0.0,0.0,1.1705734,0.0,0.0,0.051950973,0.4280861,0.0030000997105226394,0.17061611374407584,1
0.0,0.0,0.0,0.0,0.0,11.217428,0.0,0.0,0.0,0.0,0.0,4.306113,1.6251905,0.0,0.0,1.0981535,0.04614406467853714,0.33175355450236965,1
0.0,0.0,0.16365057,0.0,0.0,43.0799,0.0,0.0,0.0,0.0,0.0,18.349682,0.0,0.0,0.0,17.295042,0.47040637184668854,0.48815165876777256,1
0.0,0.0,0.0,0.0,0.0,10.576633,0.0,0.0,0.0,0.0,0.0,10.809787,3.288065,0.0,0.0,6.6837645,0.02026401401352367,0.3222748815165877,1
0.0,0.0,0.0,0.0,0.0,2.277591,0.0,0.0,0.0,0.0,0.0,0.0,1.4364789,0.0,3.0474153,0.52398866,0.028636880900505413,0.17535545023696683,1
0.0,0.0,0.44622144,0.0,0.0,12.557291,0.0,0.0,0.0,0.0,0.0,0.0,0.0,0.0,2.034575,0.91477114,0.025405593963676712,0.3601895734597157,1
0.0,0.0,8.508125,0.0,0.0,48.0337,0.0,0.0,0.0,0.0,0.0,19.106333,0.0,0.0,0.0,20.449743,0.04141975640636931,0.18009478672985782,1
0.0,0.0,6.969775,0.0,0.0,36.652447,0.0,0.0,0.0,0.0,0.0,21.291088,0.0,0.0,0.0,16.626402,0.04545943031688996,0.22274881516587677,1
0.0,0.0,0.0,0.0,0.0,6.926127,0.0,0.0,0.0,0.0,0.0,1.4749013,1.2747608,0.0,0.0,0.6741182,0.04885656631837502,0.3744075829383886,1
0.0,0.0,0.0,0.0,0.0,23.921047,0.0,0.0,0.0,0.0,0.0,7.665228,0.0,0.0,0.0,7.803653,0.03283062793250246,0.34123222748815163,1
0.0,0.0,0.0,0.0,0.0,6.8569074,0.0,0.0,0.0,0.0,0.0,2.3579412,0.0,0.0,0.0,0.0,0.006236798868066585,0.2796208530805687,1
0.0,0.0,0.0,0.0,0.0,2.9759843,0.0,0.0,0.0,0.0,0.0,0.0,1.3685242,0.0,1.2134323,1.2134001,0.03621858274799687,0.4597156398104265,1
0.0,0.6802422,0.0,0.0,0.0,2.2914999,0.0,0.0,0.04311876,0.0,0.0,0.0,1.3837276,0.0,1.123665,1.8472638,0.011092516168733047,0.1895734597156398,1
0.0,0.0,0.0,0.0,0.0,20.85985,0.0,0.0,0.0,0.0,0.0,12.265738,0.0,0.0,0.0,12.22403,0.7490061835534705,0.49763033175355453,1
0.0,0.0,0.0,0.0,0.0,15.7279415,0.0,0.0,0.0,0.0,0.0,7.6312995,1.5750791,0.0,0.0,4.562713,0.45676902988164075,0.27014218009478674,1
0.0,0.0,4.943502,0.0,0.0,15.442052,0.0,0.0,0.0,0.0,0.0,10.488931,0.0,0.0,0.0,23.571709,0.6417844500176901,0.2890995260663507,1
0.0,0.0,0.0,0.0,0.0,25.790487,0.0,0.0,0.0,0.0,0.0,4.5745106,0.0,0.0,0.0,1.4690412,0.19981606875652266,0.3222748815165877,1
0.0,0.0,0.0,0.0,0.0,38.847942,0.0,0.0,0.0,0.0,0.0,14.780795,0.0,0.0,0.0,13.468827,0.034493619926872846,0.2085308056872038,1
0.0,0.0,0.0,0.0,0.0,20.147337,0.0,0.0,0.0,0.0,0.0,9.805113,0.47027785,0.0,0.0,2.6592555,0.06069285332436001,0.2985781990521327,1
0.0,0.0,0.0,0.0,0.0,10.952944,0.0,0.0,0.0,0.0,0.0,0.0,0.3961078,0.0,0.0,0.12910108,0.050292626532126364,0.4786729857819906,1
0.0,0.0,5.871214,0.0,0.0,24.135748,0.0,0.0,0.0,0.0,0.0,13.2666855,0.0,0.0,0.0,11.681158,0.022519127572105672,0.2085308056872038,1
0.0,0.0,0.0,0.0,0.0,4.20395,0.0,0.0,0.16124241,0.0,0.0,0.0,2.618031,0.0,0.0,1.831708,0.007671929185612256,0.27014218009478674,1
0.0,0.0,0.0,0.0,0.0,4.1891804,0.0,0.0,0.010710642,0.0,0.0,0.0,2.1332445,0.0,1.0345712,1.7953088,0.029617140130260674,0.1848341232227488,1
0.0,0.0,0.0,0.0,0.0,26.435007,0.0,0.0,0.0,0.0,0.0,13.548049,0.0,0.0,0.0,10.233733,0.11874191843584843,0.42654028436018954,1
0.0,0.0,0.0,0.0,0.0,12.489401,0.0,0.0,0.0,0.0,0.0,1.3420414,0.0,0.0,1.9459003,2.6643624,0.11003871324347039,0.33175355450236965,1
0.0,0.48077944,0.0,0.0,0.0,7.0945644,0.0,0.0,0.0,0.0,0.0,1.7114886,1.0576943,0.0,0.0,4.240323,0.011189965227458553,0.11848341232227491,1
0.0,0.0,0.0,0.0,0.0,11.329876,0.0,0.0,0.0,0.0,0.0,2.1524005,0.0,0.0,0.0,3.869926,0.028498294277583387,0.4218009478672986,1
1.7738011,0.0,0.0,0.0,0.0,2.0043752,0.0,0.0,0.0982197,0.0,0.0,1.1022867,0.0,0.0,0.0,0.49409625,0.005561366976685688,0.20379146919431282,1
0.0,0.0,5.11348,0.0,0.0,12.5932255,0.0,0.0,0.12655513,0.0,0.0,10.724749,0.15636595,0.0,0.0,13.755017,0.026387034354039225,0.5734597156398105,1
0.0,0.0,0.0,0.0,0.0,2.1697872,0.0,0.0,0.0,0.0,0.0,0.44129038,0.42250365,0.0,1.4017386,0.6149171,0.006887954485620575,0.47393364928909953,1
