0,1,2,3,4,5,6,7,8,9,10,11,12,13,14,15,16,17,18,19,20,21,22,23,class
0.0,0.0,0.0,1.3158392,0.0,0.0,0.0,2.2354317,0.8594758,0.8943399,0.0,0.0,0.54843515,0.0,0.121394575,0.0,0.0,0.0,0.0,0.0,0.09590504,0.50865734,2.1442406,0.0,0
0.0,0.0,0.0,0.0,0.0,0.0,0.0,1.5669912,0.948207,0.0,0.2586524,0.0,0.23577523,0.0,0.0,0.0,0.0,0.0,1.2774085,0.0,0.1267998,0.74978673,2.117844,0.0,0
0.0,0.2650864,0.0,0.0,0.0,0.0,0.0,1.7181048,1.5738181,0.0,0.77094555,0.0,1.5480207,0.0,0.0,0.0,0.0,0.0,2.2790391,0.0,0.05656706,0.28003308,3.3272758,0.0,0
0.0,0.0,0.0,1.7252891,0.0,0.0,0.0,2.1325734,1.9328343,0.0,0.0,0.0,1.1089733,0.0,0.0,0.0,0.0,0.0,0.0,0.0,0.5374283,0.0,2.3769357,0.0,0
0.0,0.0,0.0,2.1894634,0.0,0.0,0.0,2.2036407,1.2884201,0.9460276,0.0,0.0,1.1732014,0.0,0.0,0.0,0.0,0.0,0.0,0.0,0.29216468,0.27388397,2.386409,0.0,0
0.0,0.0,0.0,0.0,0.0,0.0,0.0,3.140348,2.2799437,0.0,0.06694745,0.0,1.2119161,0.0,0.0,0.0,0.0,0.0,2.3255713,0.0,0.0,0.6623871,3.7046018,0.0,0
0.0,0.3686432,0.0,1.118651,0.0,0.0,0.0,1.4063604,1.7591738,0.0,1.271862,0.0,0.091918245,0.042060114,0.0,0.0,0.048367005,0.0,0.0,0.0,0.09969319,1.1276165,2.31571,0.0,0
0.0,0.0,0.0,0.48704812,0.0,0.0,0.0,2.0504205,2.1067865,0.0,0.0,0.0,1.0957094,0.0,0.0,0.0,0.0,0.0,0.55535746,0.0,2.8747272,0.0,4.3845334,0.0,0
0.0,0.4440541,0.0,0.0,0.0,0.0,0.0,2.3591647,3.1389246,0.0,0.48957556,0.0,1.4501747,0.0,0.0,0.0,0.0,0.0,3.4834583,0.0,1.4713626,0.6587096,5.263006,0.0,0
0.0,0.038125347,0.42721963,0.0,0.0,0.023143515,0.0,0.0,0.0,0.105515145,0.0,0.0,0.0,0.0,0.0,0.0,0.0,0.2949272,0.19925624,0.0,0.0,0.26349482,0.0,0.0,0
0.0,0.0,0.0,1.0677556,0.0,0.0,0.0,1.6463261,1.655878,0.0,1.4995786,0.0,0.0,0.0,0.0,0.0,0.0,0.0,0.56471425,0.0,0.2724821,0.8140816,2.3378413,0.0,0
1.2215588,0.0,0.0,0.0,0.0,0.0,0.0,1.177671,0.76475865,0.0,1.012234,0.0,0.87744355,0.0,0.0,0.14187948,0.0,0.0,0.36142603,0.0,0.0,0.0,1.0235701,0.0,0
0.0,0.0,0.031718284,0.0,0.0,0.0,0.0,2.52865,2.9289203,0.0,0.53859603,0.0,0.0,0.0,0.0,0.0,0.0,0.0,4.0428605,0.0,0.0,0.9094406,4.117581,0.0,0
0.0,0.0,0.0,0.0,0.0,0.0,0.0,3.1760585,3.0830045,0.0,0.9613544,0.0,0.0,0.0,0.0,0.0,0.0,0.0,3.199622,0.0,0.22458182,1.4571176,4.4960365,0.0,0
0.0,0.0,0.0,0.0,0.0,0.0,0.0,2.5507605,2.560646,0.0,0.0,0.0,2.8759964,0.0,0.0,0.0,0.0,0.0,0.4163831,0.0,1.7443912,0.0,4.107294,0.0,0
0.0,0.5717868,0.6391429,0.97507274,0.0,0.0,0.0,1.2973632,1.109954,0.0,0.0,0.0,0.90718704,0.0,0.0,0.0,0.4512508,1.2725837,2.0101762,0.0,0.0,0.73590076,1.9445325,0.0,0
0.77413476,0.0,1.1275656,0.0,0.0,0.0,0.0,0.0,0.0,1.1738081,0.45678884,0.0,0.40325877,0.0,0.0,0.0,0.0,0.0,0.0,0.0,0.0,1.2273653,0.0,0.0,0
0.0,0.0,0.0,2.2305858,0.0,0.0,0.0,4.055046,4.150153,0.26794302,0.0,0.0,3.1125474,0.0,0.0,0.0,0.0,0.0,0.0,0.0,4.206786,0.0,7.30361,0.0,0
0.0,0.0,0.0,0.0,0.0,0.0,0.0,3.650184,3.368936,0.0,0.56550014,0.0,1.3330996,0.0,0.0,0.0,0.0,0.0,5.04759,0.0,0.48725903,0.9744905,6.1609793,0.0,0
0.0,0.0,0.0,0.8340928,0.0,0.0,0.0,3.9836528,2.5515842,0.6876113,0.0,0.0,3.1585681,0.0,0.0,0.0,0.0,0.0,0.39036787,0.0,1.566368,0.0,6.127709,0.0,0
0.0,0.0,0.0,1.5406303,0.0,0.0,0.0,2.691262,2.4381459,0.4512253,0.0,0.0,2.0102992,0.0,0.22219364,0.0,0.0,0.0,0.0,0.0,2.6467922,0.0,4.9374638,0.0,0
0.0,0.18615676,0.0,0.0,0.0,0.0,0.0,3.1159558,3.9763489,0.0,0.20441313,0.0,0.49709782,0.0,0.0,0.0,0.0,0.0,4.117116,0.0,0.92190456,1.2033098,5.7263074,0.0,0
3.0917156,0.0,4.323684,0.0,0.908086,0.0,0.85309684,0.57324004,0.0,0.0,0.0,0.0,0.0,0.0,0.0,0.0,0.0,2.0698445,0.0,0.0,0.0,4.3817773,0.0,0.0,0
0.039930485,0.06548346,0.2477083,0.0,0.0,0.0,0.0,0.0,0.0,0.102364324,0.0,0.0,0.0,0.0,0.0,0.0,0.0,0.06651481,0.0,0.0,0.0,0.18885289,0.0,0.0,0
0.4052021,0.0,0.34311688,0.0,0.0,0.0,0.0,0.0,0.0,0.54319346,0.36760566,0.0,0.35478908,0.0,0.0,0.0,0.0,0.0,0.0,0.0,0.0,0.40745905,0.0,0.11859163,0
0.0,0.0,0.0,0.0,0.0,0.0,0.0,5.0850463,4.8262134,0.0,0.2986109,0.0,1.4719309,0.0,0.0,0.0,0.0,0.0,4.6615915,0.0,1.0529828,1.2770202,7.1359377,0.0,0
0.0,0.031709228,0.0,0.067557454,0.0,0.0,0.0,0.11795575,0.0,0.08297168,0.08691364,0.0,0.0,0.0,0.016178267,0.007119227,0.0,0.0,0.0,0.0,0.0,0.16528523,0.1636727,0.03803647,0
0.5370621,0.0,2.7881987,0.26027164,0.49969774,0.0,0.9708844,1.3843449,1.4467275,0.0,0.0,0.0,0.0,0.0,0.0,0.0,0.0,2.472503,0.568983,0.0,0.0,2.348437,0.0,0.0,1
0.81613827,1.252066,1.1962509,0.2227818,0.0,0.0,0.0,0.0,0.68695486,0.0,1.3564233,0.0,2.7606301,0.0,0.0,0.0,0.0,0.8952692,0.0,0.0,2.51457,0.0,1.7882359,0.0,1
0.0,0.0,0.88901275,0.0,0.0,0.0,0.29420024,0.08105813,0.0,0.403499,0.0,0.0,0.0,0.0,0.0,0.0,0.0,0.2114786,0.0693385,0.0,0.0,0.57098544,0.0,0.0,1
0.9371065,0.0,6.1981664,1.6980538,0.0,0.0,3.981084,0.0,1.9163598,7.0702605,0.0,0.0,0.0,0.0,0.0,0.0,2.6468875,2.5416174,0.0,5.6504927,0.0,0.0,4.0030622,7.674604,1
9.627089,1.0924675,12.476856,0.0,9.321543,3.9071312,3.1951907,1.9633577,0.0,0.0,0.0,2.1940966,0.0,0.0,2.2803369,0.0,0.0,10.699756,0.04959072,0.0,2.7120686,12.4997015,0.0,0.0,1
0.0,0.0,0.5664683,0.24265899,0.0,0.0,0.0,0.0,0.0,0.4802352,0.0,0.578855,0.0,0.0,0.0,0.31603694,0.10468727,0.35097715,0.0,0.0859697,0.0,0.0,0.16133234,0.97075963,1
0.69971293,0.0,1.9644343,0.0,0.0,0.0,0.0,0.0,0.0,1.4947864,0.041982397,0.0,0.040597774,0.0,0.0,0.0,0.0,0.44701827,0.0,0.0,0.0,0.7945326,0.0,0.72312003,1
1.5264578,0.0,3.5188484,0.0,1.7642714,0.0,0.92577446,1.1926713,0.0,0.83562803,0.0,0.0,0.0,0.0,0.0,0.0,0.0,2.1783729,0.0,0.0,0.0,3.764232,0.0,0.0,1
0.0,0.22973967,0.17994636,0.0,0.0,0.0,0.0,2.50848,2.6881692,0.0,1.3173119,0.0,0.0,0.0,0.0,0.0,0.0,0.0,2.5366228,0.0,0.0,1.8914757,3.8988202,0.0,1
0.0,0.0,0.0,1.1113992,0.0,0.0,0.0,0.33653554,0.69107145,0.0,0.0,0.0,0.0,0.0,0.0,0.0,0.0,0.0,0.033187706,0.017297685,0.0,0.0,0.0,0.0,1
3.4419181,0.44213682,4.3815384,0.0,3.5465655,0.6600657,0.16616876,0.39681724,0.0,0.0,0.0,1.0436854,0.0,0.0,1.2310659,0.0,0.0,3.6756842,0.0,0.0,0.0,2.5677013,0.1883725,0.33874673,1
2.8806667,0.0,4.5701437,0.0,1.4097719,0.0,1.8263545,0.07390217,0.0,0.0936056,0.0,0.0,0.0,0.0,0.0,0.0,0.0,1.8690733,0.0,0.0,0.0,3.5805173,0.0,0.0,1
2.231779,0.0,3.6822493,0.0,0.0,0.0,0.0,0.0,0.0,1.5444115,0.0,0.0,0.0,0.0,0.0,0.0,0.0,1.7793784,0.0,0.0,0.0,1.9095851,0.0,1.6948442,1
0.0,0.05109289,0.10679619,0.0,0.0,0.07395306,0.0,0.0,0.0,0.0,0.0,0.0,0.0,0.0,0.034096103,0.0,0.0,0.07562737,0.056513704,0.0,0.0,0.05101826,0.0,0.0,1
0.30833244,0.0,0.0,0.0,0.01843517,0.0,0.0,0.1636093,0.17487718,0.0,0.16921002,0.0,0.0,0.0,0.0,0.0015099319,0.0,0.0,0.04840098,0.0,0.0,0.0,0.0,0.0,1
0.0,2.3666434,0.70914245,0.0,0.0,0.0,0.0,0.0,0.14915252,0.0,0.0,0.0,2.5498974,0.0,0.30312237,0.0,2.250661,0.0,2.5711436,0.0,1.6867406,0.0,3.1855168,0.0,1
11.82575,0.0,11.710737,0.0,5.648633,1.8532401,0.0,2.7167082,0.0,0.0,0.0,0.0,0.0,0.0,0.081363454,0.0,0.0,0.0,2.4106905,0.0,0.0,4.229278,0.0,0.6586019,1
1.0689564,0.11189099,1.1026518,0.0,0.9444919,0.46025753,0.120382115,0.13984206,0.0034947372,0.0,0.0,0.38287085,0.0,0.0,0.17192687,0.0,0.0,1.1752883,0.032409135,0.0,0.14672197,1.0909733,0.0,0.0,1
6.9624333,0.0,13.434343,0.0,12.293556,0.0,0.0,1.2075096,0.0,0.0,0.0,0.77314013,0.0,0.0,3.2912087,0.0,0.0,6.064224,0.0,0.0,0.0,4.776277,2.2294054,5.185984,1
0.0,2.2826657,1.140327,0.0,0.0,0.0,0.0,0.0,0.0,0.0,0.0,0.0,2.0036206,0.0,0.0,0.0,2.1312854,0.0,2.6703393,0.0,1.6968445,0.0,2.2827199,0.296144,1
1.008804,0.0,0.32365116,0.0,0.0,0.0,0.0,0.0,0.0,1.290047,1.2803789,0.0,1.085808,0.0,0.0,0.0,0.078535855,0.0,0.0,0.029637832,0.0,0.474698,0.0,0.6707625,1
0.0,0.0,10.839214,2.3362222,0.0,0.0,5.785693,0.0,0.0,8.399417,0.0,0.0,0.0,0.0,0.0,0.0,1.6605335,1.917629,0.0,3.666394,0.0,0.0,3.1702182,7.7721095,1
1.2058611,0.0,2.3696132,0.0,0.0,0.0,0.032261107,0.0,0.0,1.6914498,0.0,0.9912445,0.0,0.0,0.0,0.0,0.0,1.2491342,0.0,0.30396292,0.0,0.0,0.5631483,2.5098147,1
0.29386124,0.18434972,0.84930557,0.0,0.0,0.0,0.0,0.0,0.0,0.52468425,0.0,0.0,0.018067604,0.0,0.0,0.0,0.0,0.14032325,0.0,0.0,0.0,0.6961296,0.0,0.0,1
0.0,0.0,0.24193728,0.0,0.0,0.09427479,0.0,0.036581412,0.08378358,0.0,0.0,0.0,0.0,0.0,0.0,0.0,0.0,0.2727479,0.2000816,0.0,0.0,0.08965887,0.0,0.0,1
0.0,0.3999112,0.11216059,0.0,0.0,0.0,0.0,0.035586942,0.0,0.0,0.0,0.0,0.23357852,0.0,0.0,0.0,0.1735085,0.0,0.3962627,0.0,0.18209088,0.11096391,0.5493915,0.08277671,1
0.0,0.3179395,0.008624136,0.0,0.0,0.044185624,0.0,0.4081775,0.0,0.29616034,0.0,0.0,0.0,0.0,0.16998701,0.0,0.0,0.0,0.08803369,0.0,0.0,0.9259766,0.5028802,0.0,1
0.0,0.4408827,0.32673812,0.0,0.7820153,0.21193072,0.8404146,0.0,1.0408564,0.030679518,1.1715307,0.0,0.0,0.0,0.0,1.2120626,0.0,0.0,0.0,0.58516127,0.115499765,1.1307287,0.0,0.0,0
0.9470745,0.0,0.0,1.6081098,0.0,0.0,0.0,0.0,0.0,0.0,0.0,0.0,0.0,0.0,1.962359,0.0,0.23357877,1.9519721,2.3900778,0.9048376,2.327336,0.09709494,3.2781289,0.0,0
0.2752097,0.0,0.0,0.18096583,0.0,0.0,0.0,0.0,0.0,0.0,0.0,0.0,0.0,0.27295107,1.8083291,0.8464174,0.0,1.1417606,2.000668,0.47332993,1.1290929,0.96937704,3.077521,0.687427,0
0.0,1.6299839,0.0,0.0,5.1356053,0.0,3.8154697,3.4275694,3.1970203,0.0,0.0,0.0,5.696826,0.0,0.0,0.822135,2.7822678,0.0,0.0,0.0,5.1022024,0.0,0.0,0.0,0
0.0,0.0,0.0,0.663899,1.9509654,0.0,0.0,0.0,0.0,0.0,0.0,0.3332729,0.0,0.0,0.521221,0.0,0.0,0.0,0.0,0.0,2.7004843,1.0585887,0.93072915,0.0,0
0.19949274,0.0,0.0,0.72470003,0.1619452,0.0,0.30402046,0.0,0.23239322,0.0,0.3679873,0.0,0.0,0.0,0.8162446,0.17494424,0.045797754,0.87771225,1.0351266,0.4893138,0.8375799,0.23441277,0.76974756,0.0,0
0.0,0.1213909,0.0,0.0,0.093575716,0.0,0.55985636,0.0,0.0,0.0,0.0,0.0,0.12769124,0.015284564,0.0,0.5766441,0.0010867734,0.0,0.05921162,0.0,0.12073508,0.34771326,0.0,0.38171607,0
0.0,2.2275658,2.122928,0.0,3.6410859,2.1132233,4.173713,5.8851194,7.405914,0.0,1.5140369,1.7284012,6.302697,0.0,0.0,0.0,7.1099176,0.0,0.0,0.0,3.1350663,0.0,0.0,0.0,0
0.0,0.4077587,0.0,0.6972729,0.624306,0.33341286,0.0,0.0,0.077815495,0.06893277,0.043590296,0.0,0.18841407,2.0416796,0.0,0.0,0.0,0.0,0.0,0.30997714,2.3677175,0.0,0.9670696,0.36959225,0
0.031480454,0.0,0.1982898,0.0,0.0,0.0,0.0,0.0,0.0,0.087481804,0.0,0.0,0.0,0.0,1.2824843,0.37284276,0.0,0.72006506,0.67262965,0.67974997,0.38815615,1.9663073,2.2863908,0.0,0
2.2882879,0.0,0.0,3.2585602,0.0,0.0,0.0,0.0,0.0,0.0,0.0,0.0,0.0,0.0,5.4265833,0.0,0.0,4.7372856,4.4352694,1.4461892,3.5521379,0.26533172,5.6100755,0.0,0
0.0,0.0,0.0,0.0,3.8633015,0.0,0.57040095,0.0,0.043178823,0.0,0.35646087,0.0,0.0,0.0,0.0,0.0,0.0,0.0,0.0,0.38903874,1.5718234,1.2411875,0.0,0.0,0
0.0,0.0,0.0,0.0,0.0,0.0,0.25970325,0.0,0.23634245,0.0,0.26177993,0.0,0.0,0.0,0.3053584,0.3881203,0.0,0.53129756,0.38338473,0.71060205,0.6948047,1.3186105,1.5077274,0.0,0
1.2411996,0.0,0.0066384175,0.0,0.0,0.0,0.0,0.0,0.0,0.19657461,0.1489237,0.7565468,0.0,0.114433415,2.21065,0.842996,0.0,1.3413424,2.2349582,0.82318044,0.72570807,1.283631,3.7102697,0.090415284,0
0.9992992,0.0,0.0,1.1333928,0.0,0.0,0.0,0.0,0.0,0.0,0.0,0.0,0.0,0.0,2.2727263,0.8049766,0.0,2.6388097,2.45224,1.2463238,1.2044706,1.3473059,3.5010629,0.0,0
0.84198666,0.0,0.0070452844,0.4431087,0.0,0.0,0.0,0.0,0.0,0.0,0.0,0.84293556,0.0,0.072691806,2.804029,0.48136157,0.0,1.5433327,2.3037622,0.6681701,1.4454206,0.88080907,3.88539,0.7244545,0
0.0,0.0,0.8696759,0.066311516,1.9753249,0.8344503,0.0,0.2311685,0.98719627,0.0,0.0,0.0,0.5111309,0.0,0.0,0.5250476,0.29409048,0.0,0.0,0.0,1.4184158,0.08092153,0.0,0.0,0
0.33081537,0.0,0.0,0.17535211,0.0,0.0,0.0,0.0,0.0,0.0,0.0,0.0,0.0,0.0,0.9250014,0.3321063,0.0,1.5638361,0.87194794,0.79756254,0.3208975,1.4947848,2.5460982,0.0,0
0.0,0.0,0.0,0.3183893,0.0,0.0,0.0,0.0,0.0,0.0,0.0,0.0,0.0,0.47871077,1.3356662,0.0046046227,0.0,0.34652713,1.0111128,0.09177978,0.6047289,0.4186594,1.0603725,0.41472688,0
0.0,0.0,0.0,0.4889548,2.1693735,0.0,0.2022078,0.0,0.0,0.0,0.0,0.0,0.0,0.0,0.32239816,0.0,0.0,0.22275323,0.0,0.0,0.58503115,0.562976,0.34306926,0.0,0
1.426017,0.0,0.0,0.0,0.0,0.0,0.25723165,0.1735998,0.72556776,0.0,0.0778069,0.0,0.0,0.0,1.2433369,1.5460846,0.0,1.6459876,2.057472,1.3605484,0.0,2.4840913,3.4773,0.13258162,0
0.0,0.0,0.0,0.88619065,0.11537398,0.0,0.0,0.0,0.0,0.0,0.0,0.0,0.0,0.0,0.44915617,0.0,0.0,1.9732156,0.7007768,0.80842125,1.5557251,0.8128995,2.3306234,0.0,0
0.18499109,0.0,0.0,0.3712559,1.8909652,0.0,0.0,1.0084032,2.0214705,0.0,0.0,0.0,2.3782947,0.0,0.0,0.0,0.2933743,0.0,0.0,0.0,3.5370438,0.0,0.0,0.0,0
0.47401154,0.0,0.0,0.81732273,0.0,0.0,0.0,0.0,0.0,0.0,0.0,0.0,0.0,0.019494973,1.0685984,0.0,0.0,0.98233384,1.1865515,0.376205,1.1688128,0.10329162,1.6158516,0.0,0
0.0,0.0,0.0,1.392479,2.530285,0.0,0.0,0.0,0.0,0.0,0.0,0.0,0.0,0.0,0.35672164,0.0,0.0,1.3821465,0.0,0.7012076,2.123197,0.54305303,1.2537999,0.0,0
0.0,0.0,0.0,0.08845189,0.0,0.0,0.0,0.0847411,0.0,0.0,0.0,1.0451066,0.0,0.0,0.5066158,0.17036669,0.0,0.7604386,0.4561888,0.0,1.1692203,0.74255556,0.7136175,0.6929637,0
0.0,0.0,0.0,0.58702904,0.32806632,0.0,0.0,0.0,0.0,0.0,0.0,0.0,0.0,0.0,0.74852365,0.0,0.0,1.466472,0.39067343,0.7830995,1.036405,1.3166357,2.1565664,0.0,0
2.4567308,2.4489784,1.0807414,0.0,8.614538,3.036089,7.688225,4.9362664,6.052775,0.0,0.0,1.5153329,12.5709,2.2008853,0.0,0.0,4.3438725,0.0,0.0,0.0,9.562271,0.0,0.0,0.0,1
0.0,0.0,0.0,0.0,0.0,2.7845533,0.06840945,1.5448241,0.0,2.7576838,3.116941,1.8441895,0.0,0.0,0.0,0.0,3.2285068,0.0,0.0,0.0,0.0,0.0,0.0,0.0,1
0.0,0.0,0.28620258,0.0,1.8598175,0.39333835,0.0,0.24434486,0.7348078,0.0,0.0,0.0,0.0,0.0,0.0,0.6404111,0.30880973,0.0,0.0,0.0,1.0032468,0.3716789,0.0,0.0,1
0.0,0.0,0.0,0.0,3.6218896,0.0,0.4156787,0.0,1.3326355,0.0,0.0,0.0,0.0,0.0053107096,0.0,0.0,1.239394,0.0,0.0,0.0,2.4057686,0.16394182,0.0,0.0,1
0.0,0.0,1.6013836,0.0,3.9013817,0.0,0.18252671,0.0,1.489616,0.0,0.8135354,0.0,0.0,0.0,0.53146476,1.7506181,0.0,0.0,0.0,0.7801978,2.503726,1.9998361,0.3963556,0.0,1
0.0,0.060701057,0.2637129,0.0,11.049552,0.0,8.583192,5.5690246,2.388675,0.0,0.0,1.5490128,10.945661,0.0,0.0,0.0,3.474823,0.0,0.0,0.0,11.299927,0.0,0.0,0.0,1
0.0,0.78557265,1.6941967,0.0,3.3940687,1.0680379,3.4401042,4.552211,4.0834484,0.0,0.0,1.764557,9.53913,0.0,0.0,2.515436,2.1202633,0.0,0.0,0.0,7.721308,0.0,0.0,0.0,1
0.0,0.41631603,0.0,0.032283824,0.0,0.0,0.24643269,0.0,0.4958564,0.0,0.30516633,0.0,0.84801275,0.90465343,0.0,0.0,0.30245388,0.0,0.0,0.0,0.84356946,0.0,0.23313232,0.44187292,1
0.0,0.0,0.19617845,0.0,2.9792924,0.49887037,0.10192128,0.0,1.2861797,0.0,0.0,0.0,0.5933873,0.0,0.0,0.0,0.38601798,0.0,0.0,0.0,2.4616272,0.0,0.0,0.0,1
0.0,0.0,1.4295605,0.0,5.2807565,3.29254,3.5011632,5.0784407,3.1285272,0.0,0.59806514,2.1059248,1.5277548,0.0,0.0,0.0,3.3416286,0.0,0.0,0.0,4.0218496,0.0,0.0,0.0,1
0.0,0.0,0.0,0.0,2.2292345,0.0,1.0231563,0.0,0.49784377,0.0,0.64386004,0.0,0.0,0.0,0.0,0.49351272,0.0,0.0,0.0,0.19440164,0.9269867,1.3529967,0.38612506,0.0,1
0.0,0.0,18.447538,0.0,25.681013,0.0,16.763641,7.41599,31.88666,0.0,22.870539,3.7378647,0.0,11.2068615,0.0,0.0,0.0,0.0,0.0,0.0,1.3079318,0.0,0.0,0.0,1
0.028003534,0.0,0.025172772,0.0,0.0,0.0,0.14761098,0.441076,0.21903248,0.0,0.0,0.41602486,0.420191,0.0,0.0,0.33312756,0.10527104,0.09049006,0.0,0.0,0.60542214,0.1817727,0.0,0.22017673,1
0.0,0.0,0.0,0.0,0.0,0.0,0.099580005,0.0,0.0,0.0,0.0,0.0,0.0,0.9537861,0.0,0.0,0.0,0.0,0.0,0.0,0.97721064,0.13136852,0.30785507,0.10073004,1
0.0,1.246219,2.0232713,0.0,18.773699,2.4242024,11.38488,13.927223,10.359835,0.0,0.0,0.0,16.36175,0.0,0.0,0.0,11.562683,0.0,0.0,0.0,17.294724,0.0,0.0,0.0,1
0.0,0.0,0.0,0.13184683,1.5424157,0.0,0.36497194,0.0,0.0,0.0,0.0,0.0,0.0,0.0,0.31837803,0.0,0.0,0.19823226,0.0,0.0,0.37148014,0.93902767,0.5949773,0.0,1
0.0,0.0,0.0,0.0,2.7505531,1.4386208,0.6326532,0.0,1.3967168,0.0,0.0,0.0,3.3016145,2.6519969,0.0,0.0,1.1506574,0.0,0.0,0.0,0.04333979,0.0,0.0,0.0,1
0.15628609,0.0,0.0,1.5789074,0.3040971,0.0,0.0,0.0,0.0,0.0,0.002777059,0.0,0.0,0.21324895,1.974035,0.0,0.0,1.323974,2.1360376,0.65565467,1.7981441,0.32736355,2.4127593,0.0,1
0.0,0.77900696,2.1445663,0.0,1.3987083,3.2602997,1.3232734,4.537866,2.2124379,0.5327431,2.711938,1.1845866,0.0,0.0,0.0,0.0,3.0054874,0.0,0.0,0.78085893,0.0,0.0,0.0,0.0,1
0.23750351,0.0,0.0,0.0,0.0,0.0,1.420747,2.1707132,2.4557834,0.0,0.0,1.2896521,3.6175468,0.0,0.0,1.8044356,1.9836932,0.0,0.0,0.0,3.0646355,0.4317705,0.0,1.0552101,1
0.0,1.7931336,0.0,0.0,5.780001,0.0,5.1410093,0.17169203,0.0,0.0,0.0,0.0,6.0243993,3.846767,0.0,0.0,0.0,0.0,0.0,0.0,5.8950124,0.0,0.0,0.0,1
0.0,0.0,0.0,0.0,1.7832566,2.5404866,1.7940121,0.3802618,2.1441917,0.0,0.0,1.8207194,1.597294,0.0,0.0,0.16519359,3.3512263,0.0,0.0,0.0,3.6027477,0.0,0.0,0.0,1
0.0,0.0,0.0,0.7325238,2.2428544,0.039602593,0.0,0.0,0.0,0.0,0.0,0.0,0.0,0.0,0.08090267,0.06827772,0.0,0.02138427,0.0,0.0,1.8747313,0.0,0.3388985,0.0,1
0.0,0.0,2.4756413,0.0,11.993121,1.5006219,2.9089327,0.0,1.8184128,0.0,0.0,0.0,2.9910636,0.0,0.0,0.0,1.229932,0.0,0.0,0.86577034,10.990857,0.0,0.0,0.0,1
0.0,0.0,0.0,1.4280752,1.4358486,0.0,0.0,0.0,0.092338905,0.0,0.0,0.0,0.75220644,0.21137656,0.0,0.0,0.0,0.99479663,0.0,0.6739938,2.4350922,0.0,1.015097,0.041780017,1
0.0,0.0,0.0,0.0,0.55766314,0.0,1.5268239,2.674476,1.2728995,0.0,0.0,2.351918,0.1730909,0.0,0.0,0.0,2.9441848,0.0,0.0,0.0,2.3326333,0.0,0.0,0.0,1
0.0,0.0,0.0,0.0,5.4624124,3.8030033,4.9441032,0.9255959,6.1363635,0.0,0.0,2.933992,10.179915,0.0,0.0,0.0,8.515966,0.0,0.0,0.0,3.950482,0.0,0.0,0.0,1
0.0,0.0,0.0,0.0,2.3877249,0.0,0.0,0.0,1.3152481,0.06305065,1.5801189,5.1358395,0.0,0.0,0.0,0.0,0.0019573225,0.0,0.0,0.0,6.6204495,0.0,0.0,0.0,0
0.0,0.0,0.0,0.0,1.2067865,0.0,0.0,0.0,1.8965911,0.0,2.0854712,3.6040652,0.0,0.0,0.0,1.8736254,0.0,0.0,0.0,0.0,5.6547956,0.0,0.0,0.0,0
0.0,0.0,0.0,0.0,2.255374,0.0,0.0,0.0,0.9704595,0.1938645,1.9261234,3.4493027,0.0,0.0,0.0,0.16222273,0.0,0.0,0.0,0.0,5.8801703,0.0,0.0,0.0,0
0.0,0.0,0.0,0.0,0.7761369,0.0,0.0,0.0,0.0,0.3940129,0.20953965,1.6259905,0.0,0.0,0.0,0.0,0.0,0.0,0.0,0.0,4.7316465,0.0,0.0,0.0,0
0.0,1.6364696,0.0,0.0,0.0,1.1320997,0.0,1.9763323,0.0,2.784477,0.0,0.0,3.7406235,0.0,0.0,0.0,0.0,0.0,0.0,0.3445693,0.0,2.038962,0.0,0.0,0
0.0,0.0,0.11598316,0.0,0.63071585,0.0,0.0,0.0,0.0,0.8897937,0.6069396,0.0,0.33639756,0.0,0.0,0.0,0.0,0.0,0.31101456,0.15443294,1.583933,0.0,0.0,0.0,0
0.0,0.0,0.0,0.0,1.0018942,0.06527746,0.0,0.0,0.376399,0.0,0.0,0.8864371,0.0,0.553334,0.26640227,0.67838913,0.0,0.0,0.0,0.0,1.7661172,0.0,0.0,0.29983574,0
0.0,0.0,0.0,0.0,1.2901986,0.0,0.0,0.0,1.0563244,0.2978758,2.902438,4.96847,0.0,0.0,0.0,0.0,0.0,0.0,0.0,0.0,5.891602,0.0,0.0,0.0,0
0.0,0.0,0.0,0.0,0.40901917,0.0,0.0,0.0,2.3726313,1.0982413,2.8086207,3.1896422,0.0,0.0,0.0,0.0,0.0,0.0,0.0,0.0,5.6183906,0.0,0.0,0.0,0
0.0,0.0,0.0,0.0,1.3519317,0.0,0.0,0.0,1.0680896,0.5833107,2.799333,2.7744381,0.0,0.0,0.0,0.0,0.0,0.0,0.0,0.0,5.1940103,0.0,0.0,0.0,0
0.0,0.0,0.0,0.0,0.81003475,0.0,0.0,0.0,1.6457444,0.47746825,2.2509131,3.0946732,0.0,0.0,0.0,0.0,0.0,0.0,0.0,0.0,4.917648,0.0,0.0,0.0,0
0.0,0.0,0.0,0.0,1.1763282,0.0,0.0,0.0,2.1021178,0.5980292,3.711979,4.6852374,0.0,0.0,0.0,0.0,0.0,0.0,0.0,0.0,6.26333,0.0,0.0,0.0,0
0.0,0.47210315,0.05564409,0.0,0.0,0.4608679,0.0,0.32349253,0.0,0.8980021,0.0,0.0,0.952673,0.0,0.0,0.38057593,0.0,0.0,0.0,0.32385254,0.0,1.0372406,0.0,0.0,0
0.63135487,0.0,0.0,0.0,0.35337994,0.0,0.0,0.0,0.39123106,0.66359216,0.0,0.0,0.0,0.0,0.0,0.39042643,1.3685215,0.0,0.30013657,0.34763545,1.1053613,1.1551234,0.0,0.0,0
0.0,0.0,0.0,0.0,1.6393865,0.0,0.0,0.0,3.4359617,0.93646336,3.4611135,6.450906,0.0,0.0,0.0,0.0,0.0,0.0,0.0,0.0,7.349372,0.0,0.0,0.0,0
0.0,0.0,0.0,0.0,0.8373545,0.0,0.0,0.0,0.22667928,0.16922852,0.36530718,0.6356212,0.0,0.0,0.0,0.0,0.0,0.0,0.0,0.0,1.9020789,0.0,0.0,0.0,0
0.061962254,0.0,0.0,0.18349601,0.0,0.0,0.65361184,0.0,0.0,0.6819835,0.0,0.0,0.33738887,0.0,0.0,0.0,0.0,0.0,0.0,0.9075704,0.19608383,0.0,0.0,0.0,0
0.0,0.0,0.0,0.0,3.7628314,0.0,0.0,0.0,1.6103778,0.0,2.009088,6.2442503,0.0,0.0,0.0,0.4075743,1.4556031,0.0,0.0,0.0,8.043514,0.0,0.0,0.0,0
0.0,0.49594238,0.11421492,0.0,0.0,1.226639,0.0,0.32211584,0.0,0.8091493,0.0,0.0,1.9103266,0.66650933,0.0,0.40440553,0.0,0.0,0.90458393,0.0,0.56956184,1.3506807,0.0,0.124547705,0
0.0,0.0,0.0,0.0,0.620778,0.0,0.0,0.0,1.7094095,0.53155625,3.3026872,4.026783,0.0,0.0,0.0,0.0,0.0,0.0,0.0,0.0,4.612222,0.0,0.0,0.0,0
0.09754397,0.0,0.0,0.0,0.0,0.0,0.0,0.0,0.62009734,0.19499713,0.0,0.6663641,0.0,0.0,0.47481483,1.133906,0.0,0.0,0.0,0.66743124,1.1154706,0.0,0.0,0.0,0
0.0,0.32994276,0.010678574,0.0,0.0,0.0,0.61584187,0.21386847,0.3278941,0.72581863,0.0,0.0,0.039736144,0.0,0.0,0.33387968,0.0,0.0,0.0,0.844953,0.0,0.5902191,0.0,0.0,0
0.40916348,0.0,0.0,0.0,0.0,0.0,0.0,0.0,0.0,0.0,0.18453076,1.1151899,0.26559854,0.0,0.0,0.0,0.0,0.0,0.022640157,0.6143962,2.6105256,0.0,0.0,0.0,0
0.0,0.12482135,0.022792172,0.0,0.0,0.115363084,0.0,0.0,0.0,0.47239307,0.0,0.0,0.36970302,0.0,0.0,0.38868204,0.0,0.0,0.0,0.5361446,0.82986903,0.011443932,0.0,0.0,0
0.0,0.0,0.0,0.0,1.1522082,0.0,0.0,0.0,1.0022678,0.0,0.52774155,0.5256521,0.0,0.0,0.0,0.2237227,0.0,0.0,0.0,0.0,1.8996526,0.0,0.0,0.0,0
0.0,0.0,0.0,0.0,2.2644992,0.0,0.0,0.0,2.735575,0.42538324,2.3805926,4.826765,0.0,0.0,0.0,0.0,0.0,0.0,0.0,0.0,6.7841964,0.0,0.0,0.0,0
0.0,0.0,0.0,0.0,1.7795889,0.0,0.0,0.0,4.015355,0.0,0.18088461,3.2266703,0.0,0.0,0.0,0.4881757,0.0,0.0,0.0,0.0,4.3519015,0.0,0.0,0.3578568,0
0.0,0.58809716,0.1363976,0.0,0.0,1.4561893,0.0,0.38242614,0.0,0.9603962,0.0,0.0,2.2677417,0.7917015,0.0,0.47982588,0.0,0.0,1.0747871,0.0,0.67543304,1.603499,0.0,0.14787044,1
0.0,0.8959712,0.0,0.0,0.0,0.32582095,0.065405056,1.3330563,0.0,1.7064911,0.0,0.0,2.062462,0.0,0.0,0.0,0.0,0.0,0.0,0.35913,0.0,1.135662,0.0,0.0,1
0.0,0.58086026,0.067785986,0.0,0.0,0.41763642,0.0,0.2363591,0.0,0.0,0.0,0.1143817,0.41864538,0.4506002,0.0,0.29101738,0.0,0.0,0.45748267,0.0,0.6893696,0.2211291,0.0,0.48819953,1
0.15539959,1.0896442,0.4085963,0.0,0.5999674,0.45961207,0.0,0.2676587,0.0,0.0,0.0,0.051551055,0.0,0.5776406,0.11550591,1.1146239,0.0,0.0,0.0,0.0,1.166144,0.37805957,0.0,0.90717536,1
0.0,0.0,0.0,0.0,2.0480525,0.08709031,0.0,0.0,0.5606544,0.0,0.0,0.38489425,0.0,0.0,0.0,0.0,0.0,0.0,0.0,0.0,2.996717,0.0,0.0,0.4612733,1
0.0,4.4847813,0.021164102,0.0,0.0,0.6297607,2.2579918,3.5064414,0.0,7.802098,0.0,0.0,7.8884625,0.0,0.0,0.0,0.0,0.0,0.0,2.9585977,0.0,4.4472795,0.0,0.0,1
0.0,0.0,0.0,0.0,0.6557373,0.0,0.0,0.0,0.0,0.6275299,0.57841665,0.3765537,0.0,0.0,0.0,0.0,0.21903753,0.0,0.0,0.0,3.1546967,0.0,0.0,0.0,1
0.0,0.0,0.0,0.0,1.0076576,0.15808363,0.0,0.0,0.020989873,0.0,0.0,0.43306875,0.0,0.34490126,0.0,0.07745263,0.0,0.0,0.59326494,0.0,2.3864233,0.0,0.0,0.30181006,1
0.0,0.8840395,0.9915437,0.0,0.0,0.0,0.0,0.0,0.0,1.4683353,0.46616212,0.0,0.68347275,0.0,0.0,1.1045033,0.0,0.0,1.0687195,2.2588592,0.0,0.0,0.0,0.0,1
0.0,0.47447383,0.1090472,0.0,0.0,1.1731626,0.0,0.30806583,0.0,0.7739146,0.0,0.0,1.8270624,0.6373443,0.0,0.38683546,0.0,0.0,0.864933,0.0,0.54489785,1.2917837,0.0,0.11911441,1
0.0,0.0,0.0,0.0,1.0188913,0.0,0.0,0.0,1.8802994,1.1076716,1.961759,0.0,0.0,0.0,0.0,0.0,0.6841183,0.0,0.0,0.0,1.132422,0.0,0.0,0.22075231,1
0.0,5.905952,0.034512304,0.0,0.0,0.15512092,0.0,7.039755,0.0,2.9412882,0.0,0.0,11.765058,0.0,0.0,0.0,0.0,0.016015299,0.0,10.354118,6.3823576,0.0,6.091191,3.6045215,1
0.0,21.06203,2.9535248,0.0,0.0,2.7178602,0.0,10.812177,0.0,12.468594,0.0,0.0,18.24937,9.591621,0.0,0.0,0.0,0.0,0.0,19.054028,0.0,4.8065987,1.5657457,0.0,1
0.0,0.0,0.0,0.0,0.0,0.0,0.0,0.0,1.0648818,1.6532384,2.8354888,3.1925843,0.0,0.0,0.0,0.0,0.0,0.0,0.0,0.0,4.0050273,0.0,0.0,0.0,1
0.0,0.80957645,0.18971016,0.0,0.0,2.0078769,0.0,0.52737236,0.0,1.3238941,0.0,0.0,3.1267326,1.0925812,0.0,0.66108686,0.0,0.0,1.4838437,0.0,0.92987776,2.2111077,0.0,0.20392291,1
0.0,2.533449,0.0,0.0,0.0,1.8605045,0.0,1.6448531,0.0,2.7624903,0.0,0.0,4.025931,0.7165714,0.0,0.0,0.0,0.0,1.4246277,0.82094735,0.0,1.5039746,0.0,0.0,1
0.0,2.7037408,0.10388912,0.0,0.0,4.1228023,0.0,1.61675,0.0,3.7462099,0.0,0.0,6.5886397,1.1532453,0.0,0.18334568,0.0,0.0,2.510251,0.0,1.505156,4.0845604,0.0,0.23317656,1
0.0,12.390876,0.6961896,0.0,0.0,0.78982466,1.4333957,7.4860106,0.0,9.734947,0.0,0.0,10.738654,0.9318623,0.0,0.0,0.0,0.0,0.0,10.58781,0.0,4.123613,0.0,0.0,1
0.0,4.3061748,0.0,0.0,0.0,0.0,0.0,7.7484045,0.0,0.0,0.0,0.0,9.383362,14.821293,0.0,0.0,0.0,0.0,11.76595,5.886698,0.0,1.4160489,0.0,0.0,1
0.0,3.0951705,0.0,0.0,0.0,1.5145345,0.0,0.0,0.027776528,2.978429,0.0,0.0,1.4033697,0.0,0.0,0.69290185,0.0,0.0,0.0,3.9494262,1.6091375,0.0,0.2892161,0.7647551,1
0.0,0.0,0.0,0.0,2.6819081,0.0,0.0,0.0,3.5591342,0.0,2.6121626,5.145285,0.0,0.0,0.0,0.16815877,0.0,0.0,0.0,0.0,8.377805,0.0,0.0,0.0,1
0.0,0.2854708,0.029462341,0.0,0.0,0.19444746,0.0,0.11382963,0.0,0.0,0.0,0.067268126,0.18808143,0.21533112,0.0,0.1411064,0.0,0.0,0.21441285,0.0,0.33844355,0.09525182,0.0,0.2412503,1
0.0,0.12667419,0.0,0.0,0.013735868,0.06746597,0.0,0.08858497,0.0,0.0,0.0,0.025994956,0.105664805,0.14507829,0.0,0.026546452,0.0,0.0,0.18810725,0.0,0.21444418,0.08301576,0.0,0.20331357,1
0.0,16.51781,4.4851193,0.0,0.0,3.8462336,5.56188,12.663401,0.0,12.92672,0.0,0.0,21.158684,3.2253132,0.0,0.0,0.0,0.0,0.0,18.068827,0.0,6.320765,0.0,0.0,1
0.0,0.0,0.0,0.0,0.10745958,0.0,0.0,0.0,0.110164806,0.0,0.0,0.8352613,0.0,0.0,0.0,0.6903814,0.0,0.0,0.0,0.0,2.484294,0.0,0.0,0.2618059,1
0.56498533,0.0,0.0,0.0,0.0,0.0,0.0,0.0,0.99114317,0.0,0.0468921,0.0,0.11605939,0.0,0.0,0.0,0.90589297,0.0,1.4039346,0.0,0.5755778,0.7555049,0.58357894,0.94389236,1
0.0,1.2631693,0.0,0.0,0.0,1.3169318,0.0,0.8657375,0.0,2.0459106,0.0,0.0,2.9760191,1.2686933,0.0,0.0,0.0,0.0,1.663373,0.53676456,0.0,2.5995288,0.0,0.0,1
0.14747824,0.0,0.0,0.0,0.0,0.0,0.0,0.2017355,0.0,0.5564162,0.0,0.1165022,0.0,0.500841,0.21537969,0.0,0.0,0.0,0.4083141,0.0,0.0,0.0,0.0,0.81329525,0
0.19346297,0.8352451,1.8155968,0.0,0.0,0.0,1.1540592,1.6319096,0.0,1.6649109,0.0,1.2159201,0.0,3.4160826,0.04376677,0.0,0.0,0.0,0.0,0.0,0.0,0.12550806,0.5699467,0.69635636,0
0.0,0.0,0.0,0.32187724,2.0788908,0.0,0.0,3.2749214,0.0,1.7463531,0.3342635,0.0,0.27679533,0.63173133,0.0,0.0,0.0,0.23634681,0.0,0.0,0.0,0.80093235,0.0,0.0,0
0.0,0.0,0.0,0.0,2.6699634,0.0,0.2093298,2.7570205,0.0,2.2999463,0.8418416,0.0,0.7205646,1.4172391,0.0,0.48786944,0.45771322,0.0,0.0,0.0,0.0,1.0429568,0.0,0.0,0
0.0,0.37795192,0.0,0.0,3.5663643,0.0,0.0,4.709938,0.0,3.5400527,0.009109811,0.0,0.98810226,1.0558629,0.0,1.0453366,0.0,0.83750546,0.0,0.0,0.0,0.39775625,0.0,0.0,0
0.0,0.38855392,1.2824386,0.0,0.0,0.0,0.0,0.0,0.9127719,0.0,0.0,1.4052887,0.0,1.2814238,0.0,0.0,0.0,0.0,0.0,0.0,0.0,0.0,0.0,0.0,0
0.0,0.0,0.0,0.0,3.6697764,0.0,0.124681905,5.1099176,0.0,4.9754186,1.6669954,0.0,2.844396,2.7328725,0.0,3.8817654,0.0,0.0,0.0,0.0,0.0,2.8367262,0.0,0.0,0
0.0,0.0,0.0,0.0,2.2619574,0.0,0.0,3.3747802,0.0,2.1555536,0.5642635,0.0,0.50131875,0.61797416,0.0,0.0,0.0,0.4626205,0.0,0.0,0.0,0.7564802,0.0,0.0,0
0.0,0.0,0.0,0.0,4.0461793,0.0,0.32521498,3.5318556,0.0,3.5966914,1.5072204,0.0,0.44960272,0.76792854,0.0,1.5383427,1.622936,0.3078504,0.0,0.0,0.0,1.7949893,0.0,0.0,0
0.0,0.0,0.0,0.0,4.7939854,0.0,0.1908627,4.2152905,0.0,3.885884,1.4817916,0.0,1.0796075,1.8675121,0.0,1.1328542,0.58967507,0.0,0.0,0.0,0.0,0.7697703,0.0,0.0,0
0.0,0.295846,0.19994138,0.0,0.5785939,0.0,0.0,1.4007934,0.0,0.98711395,0.0,0.0,0.0,0.7475849,0.0,0.0,0.0,0.044650115,0.0,0.0,0.0,0.0,0.0,0.14456636,0
0.0,0.0,0.3858551,0.0,0.16063981,0.0,0.5433689,0.8992873,0.0,0.46225885,0.0,0.0,0.0,1.1085342,0.0,0.0,0.0,0.0,0.0,0.0,0.0,0.0,0.053460952,0.0,0
0.0,0.0,0.0,0.0,2.5662494,0.0,0.0,2.8150811,0.0,1.682875,0.5550165,0.0,1.0225668,0.95232,0.0,0.0,0.0,0.0,0.0,0.0,0.0,0.46346936,0.0,0.0,0
0.0,0.0,0.0,0.0,1.0314524,0.0,0.0,1.3575413,0.0,0.796282,0.55538,0.0,0.0,0.49840117,0.0,0.0,0.88946575,0.059824057,0.0,0.0,0.0,0.4319501,0.0,0.0,0
0.6636345,0.1522527,2.0405684,0.0,0.0,0.0,0.41689968,0.0,0.627447,0.046605244,0.0,1.4441223,0.0,2.9233184,0.0,0.0,0.0,0.0,0.0,0.0,0.0,0.0,0.0,0.0,0
0.0,0.020652417,0.0,0.0,4.8105307,0.0,1.1975486,5.6309776,0.0,5.884656,1.1321527,0.0,2.4298465,2.353459,0.0,3.2293844,0.36611247,0.0,0.0,0.0,0.0,0.972615,0.0,0.0,0
0.0,0.0,0.0,0.0,3.1569664,0.0,0.0,4.190766,0.0,2.8226717,0.95176274,0.0,0.8649577,0.48598126,0.0,0.015877882,0.0,0.80758506,0.0,0.0,0.0,0.41882625,0.0,0.0,0
0.0,0.0,0.0,0.0,4.0148478,0.0,1.0721053,3.3349905,0.0,2.818909,1.6038938,0.0,1.3855664,1.763921,0.0,1.2010536,0.1301395,0.0,0.0,0.11572941,0.0,0.0,0.3157931,0.0,0
0.26354867,1.1398438,2.0823712,0.0,0.0,0.0,0.29882324,0.0,0.0,1.0680935,0.0,2.4010646,0.0,2.4197915,0.1047059,0.0,0.0,0.0,0.34488145,0.0,0.0,0.0,0.1881473,1.5311744,0
0.0,0.89435583,0.0,0.0,6.741089,0.0,1.0742642,7.063523,0.0,7.041553,1.9284148,0.0,3.4419158,2.2108166,0.0,4.2294803,0.0,0.0,0.0,0.0,0.0,0.7752465,2.0844898,0.0,0
0.0,0.0,0.0,0.0,0.798191,0.0,0.0,1.4349849,0.0,1.0218157,0.11369163,0.0,0.0,1.7503638,0.42161372,0.9769047,1.7870469,0.42331195,0.0,0.36803234,0.0,1.1684203,0.0,0.0,0
0.0,0.0,0.0,0.0,2.3321207,0.0,0.0,2.5231624,0.0,2.185923,0.3547059,0.0,0.28757754,0.3122488,0.0,0.27846396,0.0,0.0,0.0,0.0,0.0,1.0415376,0.0,0.0,0
0.0,0.0,1.335666,0.0,2.4632819,0.0,4.984321,0.0,4.3943644,0.0,0.0,8.62574,0.0,3.3555222,5.4398475,0.0,0.0,0.0,1.4342922,3.19554,1.2101873,0.0,0.0,0.0,0
0.0,0.30839244,0.0,0.0,6.417476,0.0,0.0,7.064134,0.0,7.4772754,2.4090488,0.0,3.2310889,2.1081586,0.0,5.793679,0.0,0.0,0.0,0.0,0.0,3.6505535,0.0,0.0,0
0.0,0.0,0.0,0.0,3.6157515,0.0,0.59072715,2.1498249,0.0,3.0746481,1.3414645,0.0,2.5323424,2.0882227,0.0,3.1667607,0.0,0.0,0.0,0.0,0.0,0.547088,0.0,0.0,0
0.0,0.22442448,0.0,0.0,1.6473808,0.0,0.0,1.6077577,0.0,1.8773782,0.7755426,0.0,0.666277,0.8406248,0.0,1.4316715,0.43746904,0.0,0.0,0.0,0.0,1.0889319,0.0,0.0,0
0.0,2.3541267,1.3856393,0.0,0.0,0.0,0.0,0.0,1.8016231,0.0,0.0,2.6303115,0.0,0.46088493,0.0,0.0,0.0,0.0,0.0,0.0,0.0,0.0,0.08158503,0.0,0
1.6605575,0.40218583,3.4238603,0.0,0.35123172,0.0,0.04087761,0.0,2.1682417,0.0,0.0,1.7350657,0.0,3.231435,0.0,0.0,0.0,0.0,0.0,0.0,0.8589027,0.0,0.0,0.0,1
0.0,1.4976151,1.583008,0.0,0.0,0.0,0.0,0.0,0.61928505,0.0,0.0,1.6342765,0.0,1.3927294,0.0,0.0,0.0,0.0,0.10245057,0.0,0.0,0.029386535,0.6282181,0.020878438,1
0.8519311,4.51803,7.520087,0.0,0.0,0.0,0.048233766,0.0,3.3709495,0.0,0.0,5.6987834,0.0,4.569499,2.3784359,0.0,0.0,0.0,3.6158326,0.0,0.036154173,0.0,0.0,3.042109,1
2.823258,0.0,1.0034767,0.0,0.6543677,0.0,0.0,0.0,0.95985603,0.0,0.0,0.0,0.0,2.6178162,0.0,0.0,0.0,0.0,0.0,0.0,0.64315605,0.0,0.0,0.0,1
0.0,7.0691257,8.485962,0.0,0.0,0.0,5.1368065,0.0,1.3252867,0.0,0.0,5.258547,0.0,4.887255,4.2859735,0.0,0.0,0.0,2.7988946,3.6679506,0.0,0.0,5.6003256,2.7843456,1
0.43733254,0.0,0.30387974,0.0,0.5358222,0.0,0.0,0.0,1.2295913,0.0,0.0,1.1793336,0.0,1.229434,0.0,0.0,0.0,0.0,0.0,0.0,0.0,0.0,0.0,0.0,1
0.0,0.66095763,0.62417936,0.0,0.4021648,0.0,0.0,0.9596175,0.0,0.21650054,0.0,0.0,0.0,0.848897,0.0,0.0,0.0,0.0,0.0,0.21937566,0.0,0.52527225,0.34299302,0.0,1
0.0,10.831606,10.06134,0.0,0.0,0.0,0.4644558,0.0,1.9053277,0.0,0.0,9.860444,0.0,2.1579354,3.7359033,0.0,0.0,0.0,5.20901,0.11871857,0.0,1.0562118,5.0941105,3.6518137,1
0.89383286,0.7778066,1.3618037,0.0,0.0,0.0,0.0,0.0,0.15734331,0.20313542,0.7345574,0.0,0.0,1.2547092,0.0,0.0,0.0,0.0,0.0,0.0,0.0,0.02518887,1.5674723,0.0,1
0.08894365,0.0,1.1883758,0.024839072,2.3838902,0.0,1.1916596,0.0,0.5262447,0.0,0.0,0.0,0.12083099,4.662197,0.64463305,0.0,0.0,0.37118697,0.0,1.7105588,0.0,0.0,0.0,0.0,1
1.4010724,0.75035256,0.86368376,0.0,0.0,0.0,1.1292546,1.1519252,0.0,1.869341,0.0,0.0904569,0.0,2.2872849,0.0,0.0,0.0,0.16762458,0.0,0.096091114,0.0,0.0,1.5108284,0.0,1
2.6167746,0.0,5.0044866,0.0,0.0,0.0,0.8483561,0.0,2.2293165,0.104615435,0.0,1.7589209,0.0,6.5792356,0.0,0.0,0.0,0.0,0.0,0.0,0.0,0.0,0.1634204,0.0,1
2.2794461,0.5752798,2.7763293,0.0,0.37366897,0.53374547,0.0,0.0,1.3575658,0.0,0.0,1.5425923,0.0,1.1172721,0.59349066,0.0,0.87212336,0.0,1.2287447,0.0,2.0873868,0.0,0.0,0.20921716,1
0.0,3.726706,4.301807,0.0,0.0,0.0,0.0,0.0,1.7527994,0.0,0.0,4.2953,0.0,3.7903543,0.44772512,0.0,0.0,0.0,1.5842843,0.0,0.0,0.0,0.0,1.7385937,1
0.08739523,0.8138468,1.4508243,0.0,0.0,0.0,0.0,0.0,0.9570072,0.086735085,0.0,2.2471552,0.0,0.837425,0.16595171,0.0,0.0,0.0,1.12566,0.0,0.0,0.0,0.0,1.399744,1
0.0,2.1833029,17.587265,0.0,2.9953074,1.2926491,3.9329283,0.0,15.881261,0.0,0.0,25.351595,0.0,0.0,4.8825097,0.0,0.0,0.0,11.659075,13.747275,0.0,0.0,0.0,0.0,1
1.6246823,0.0,1.6807166,0.0,0.5715035,0.0,0.0,0.0,2.235233,0.0,0.0,2.0120974,0.0,2.424685,0.0,0.0,0.0,0.0,0.0,0.0,0.0,0.0,0.0,0.0,1
1.3420365,0.14581136,1.4492824,0.0,0.0,0.0,1.3707532,0.9868717,0.0,0.8399228,0.0,0.5567307,0.0,3.4439423,0.0,0.0,0.0,0.0,0.0,0.0,0.62702525,0.0,0.8145261,0.53048676,1
0.0,5.4390693,11.755002,0.0,0.0,0.0,1.9355291,0.0,3.310312,0.0,0.0,10.854304,0.0,0.0,3.9899771,0.0,0.43573847,0.0,5.1936564,0.0,1.4410862,0.0,3.381495,4.9572244,1
1.811938,9.688234,12.982618,0.0,0.0,0.0,0.0,0.0,2.8692014,4.1071362,0.0,12.623147,0.0,0.0,7.392483,0.0,0.88214236,0.0,14.474898,0.0,0.0,8.826325,1.5756792,3.6023743,1
2.0053198,0.0,1.6595429,0.0,0.0,0.0,2.8293943,6.6802044,0.0,5.028986,0.0,0.0,1.1812614,6.799939,0.42206246,0.0,0.0,0.0,0.0,0.0,1.3658527,0.3210206,0.21536636,1.5003833,1
0.0,0.0,1.8717756,0.0,0.695198,0.0,0.0,0.0,1.2346247,0.0,0.33293548,4.470276,0.0,0.2570717,0.25812936,0.0,0.0,0.0,0.5178161,0.0,0.0,0.0,0.0,1.943525,1
1.3545412,0.0,0.19958547,0.0,0.6461781,0.0,0.0,0.0,0.6079868,0.0,0.0,0.0,0.0,1.083241,0.0,0.0,0.0,0.0,0.0,0.0,0.4072244,0.0,0.0,0.0,1
0.0,13.059371,17.422806,2.7507706,0.0,3.8161619,9.511892,0.0,3.2097247,0.4021238,0.0,11.868838,0.0,5.009351,9.805573,0.0,0.21869029,0.0,6.2892437,10.476773,0.0,0.0,12.4022,4.4286985,1
0.0,0.0,0.9001413,0.0,0.14282714,0.0,0.5130171,0.0,0.0,0.0,0.0,0.028005714,0.0,1.4407907,0.0,0.0,0.0,0.0,0.0,0.0,0.01967757,0.0,0.050911587,0.0,1
0.0,0.0,3.8535373,0.0,2.5348468,0.0,0.0,0.0,2.7362478,0.0,0.0,6.6017437,0.0,0.0,0.0,0.0,0.0,0.0,0.11301998,0.0,1.7329019,0.0,0.0,2.3868606,1
0.72339815,1.6323916,1.7450093,0.0,0.0,0.0,0.0,0.0,0.8907815,1.0058218,0.0,3.294257,0.0,0.0,1.7804844,0.0,0.6950214,0.0,3.0823114,0.0,0.0,0.0,0.0,2.9061124,1
0.0,0.20640431,0.0,0.0,0.451394,0.0,0.35282862,0.0,0.0,0.0,0.16940746,0.0,0.0,0.49095798,0.07175022,0.0,0.0,0.0,0.0,0.0,0.13084055,0.0,0.5893791,0.062917076,0
2.9153337,0.9228356,5.122169,1.5402651,0.10967381,0.0,0.0,0.0,0.0,0.0,0.0,3.4839344,2.259739,0.0,1.3675159,3.4407532,0.0,0.0,1.1724063,0.0,6.2608867,1.4913514,0.0,0.0,0
0.43421504,2.44671,1.5110226,2.1407979,0.0,0.0,0.0,1.5858041,0.0,0.0,0.0,0.0,0.0,0.50786656,0.0,3.0444791,3.3325198,0.0,2.1795588,0.0,0.81728655,1.1443163,0.0,0.0,0
6.2710447,0.0,4.8479414,0.0,0.21768053,0.0,0.0,0.0,0.0,0.0,0.0,7.8002934,1.8466582,0.0,4.5748177,4.2604713,0.0,0.0,2.0840173,0.0,9.276112,3.7827811,0.0,0.0,0
0.0,0.8044323,0.0,0.16217797,0.41088554,0.0,0.9117588,0.19615832,0.0,0.0,0.0,0.0,0.0,1.2189323,0.13353889,0.0,0.0,0.0,0.0,0.0,0.0,0.0,1.3856907,0.1722641,0
0.13887349,1.6414695,2.0899045,2.7465444,0.2157724,0.0,0.0,0.0,0.0,0.0,0.0,1.4157667,0.6614581,0.0,0.54837626,2.9689646,0.019375034,0.0,1.1480831,1.2315531,6.612535,1.4258753,0.0,0.0,0
0.0,0.0,0.0,0.19398245,0.6302355,0.0,0.52624786,0.12978329,0.0,0.0,0.0,0.0,0.0,1.0561589,0.0,0.0,0.0,0.0,0.0,0.097104035,0.0,0.0,1.4660826,0.41790098,0
0.0,1.5805775,0.0,1.5583657,0.0,0.0,1.4419004,2.3733034,0.0,0.0,0.0,0.0,0.0,2.938785,0.0,0.09525773,2.362048,0.6813372,0.72692496,0.0,0.0,0.15434867,3.096305,0.0,0
0.0,0.81545055,0.68906,0.7176723,0.0,0.0,0.0,0.03785574,0.0,0.0,0.0,0.0,0.0,0.0,0.0,1.2298117,0.975539,0.0,0.8786128,0.13110852,0.2540121,0.48929933,0.0,0.0,0
1.3735,1.2599624,2.291066,1.9052457,0.4440764,0.0,0.0,0.0,0.0,0.20933191,0.0,1.9312134,1.7924659,0.0,1.4309797,1.5729223,0.0,0.0,0.7883078,0.9646771,5.9740796,0.73138195,0.0,0.0,0
0.0,0.7834588,0.0,0.0,0.89747006,0.0,0.21063362,0.0,0.0,0.0,0.0,0.0,0.0,0.5106704,0.0,0.0,0.0,0.07603207,0.40798295,0.0,0.0,0.0,0.6384526,0.0,0
2.7419205,1.0570648,3.192558,0.9015976,1.1614655,0.0,0.0,0.0,0.0,0.0,0.0,3.0291748,0.06885809,0.0,0.85142815,2.63857,0.0,0.0,1.7448764,0.68630993,5.043783,1.7421035,0.0,0.0,0
2.387912,2.32673,3.076275,1.7874295,1.5467081,0.0,0.0,0.0,0.0,0.9067635,0.0,0.8420732,2.2048328,0.0,1.0128407,1.6509295,0.0,0.0,1.604879,1.7347089,7.9796987,0.89213705,0.0,0.0,0
5.110822,1.5381941,5.342254,0.0,2.9890206,0.0,0.0,0.0,0.0,0.0,0.0,3.6090484,0.3831892,0.31516862,1.6372286,2.6502254,0.0,0.0,2.750916,0.0,4.779966,1.9573481,0.0,0.0,0
0.0,0.107422635,0.0,0.0,0.09777364,0.0,0.12097742,0.0,0.0,0.0,0.053184584,0.0,0.0,0.14751497,0.03311425,0.0,0.0,0.0,0.0,0.0,0.05791476,0.0,0.14733112,0.0,0
2.7266593,1.3671472,2.9168217,2.079586,0.83046764,0.0,0.0,0.0,0.0,0.0,0.0,2.7925189,1.6890237,0.0,2.0971036,1.6621295,0.0,0.0,1.010255,0.06443603,6.0544147,1.3647612,0.0,0.0,0
2.1578429,1.2228335,2.4788048,1.350581,0.8261088,0.0,0.0,0.0,0.0,0.29239625,0.0,2.3507476,1.170224,0.0,1.462245,1.595182,0.0,0.0,1.3423086,0.822211,5.5459194,1.1826648,0.0,0.0,0
2.4322374,1.617624,3.5496376,0.9046588,0.20745534,0.0,0.0,0.0,0.0,0.0,0.0,1.8968829,0.40346414,0.0,0.0,2.476016,0.0,0.0,1.5987351,0.582905,3.1725264,0.7593508,0.0,0.0,0
0.0,0.0,0.0,0.0,0.0,0.0,0.15645425,0.46541834,0.0,0.0,0.5792573,0.0,0.0,0.79610026,0.48375243,0.0,0.0,0.0,0.0,0.0,0.0,0.0,0.77129024,0.09184692,0
1.960331,2.2118473,2.4088595,2.8487003,0.0,0.0,0.0,0.8254818,0.0,0.0,0.0,0.5338391,0.24517804,0.0,0.0,4.1747174,1.5792266,0.0,3.2201772,0.0,3.8416731,2.2829092,0.0,0.0,0
1.778888,1.162997,5.3612165,3.5798943,0.0,0.0,0.0,0.0,0.0,0.0,0.0,3.6499522,3.6422005,0.0,1.6557508,4.655686,0.0,0.0,1.5936055,0.99293315,8.31417,1.1469333,0.0,0.0,0
0.0,0.59576106,0.0,0.685074,0.0,0.0,0.27470654,0.829977,0.0,0.0,0.0,0.0,0.0,1.1437236,0.0,0.119651705,0.93859744,0.023303822,0.35632148,0.0,0.08865606,0.11258557,0.8273859,0.0,0
0.0,0.44322497,0.0,0.017160594,0.2092821,0.0,0.43682346,0.06237569,0.0,0.0,0.0,0.0,0.0,0.54856884,0.09810506,0.0,0.0,0.0,0.0,0.0,0.06901866,0.0,0.58509207,0.026944552,0
0.0,0.43623537,0.0,0.0,0.6204046,0.0,0.7255728,0.12620944,0.0,0.0,0.23739386,0.0,0.0,1.1175092,0.105855264,0.0,0.0,0.0,0.0,0.0,0.06319499,0.0,1.2969409,0.14439492,0
5.603259,0.7135967,6.7315764,3.5519745,1.4807343,0.0,0.0,0.0,0.0,0.0,0.0,8.182339,4.4784436,0.0,5.6557245,5.248636,0.0,0.0,2.4901624,0.5033169,14.844791,4.2085857,0.0,0.0,0
1.9218352,3.8508413,3.9404702,3.138314,1.1132274,0.0,0.0,0.0,0.0,0.081949845,0.0,0.09226255,1.605928,0.0,0.0,3.2147214,0.0,0.0,1.8491685,0.5071006,8.047165,1.5610337,0.0,0.0,0
3.3209786,0.0,2.2188644,0.0,1.0191932,0.0,0.0,0.0,0.0,0.11855482,0.0,5.0981374,0.0,0.0,2.9041646,0.69892454,0.0,0.0,2.2282019,1.4435198,4.241899,2.6154964,0.0,0.0,0
1.4155133,1.934496,2.4824684,1.6651069,0.82609,0.0,0.0,0.0,0.0,0.0,0.0,0.0,0.0889876,0.0,0.0,2.937379,0.0,0.0,1.6923643,0.5942113,2.727278,0.88159937,0.0,0.0,1
0.0,1.2052023,0.0,0.41385382,0.12475973,0.0,0.8270183,0.442896,0.0,0.0,0.0,0.0,0.0,1.2401896,0.0,0.0,0.4568766,0.0,0.24120328,0.0,0.07569881,0.0,1.3430241,0.0,1
0.0,0.0,0.0,0.0,1.0933067,0.0,0.75332254,0.38550138,0.0,0.0,0.7686737,0.0,0.0,1.7592164,0.0,0.0,0.0,0.0,0.0,0.19807658,0.0,0.0,2.2624793,0.4329897,1
0.0,0.7312132,0.0,0.37664595,0.0,0.0,0.75316286,0.39862442,0.0,0.0,0.0,0.0,0.0,1.005997,0.05154821,0.0,0.31502944,0.0,0.14763021,0.0,0.0,0.0,1.1133721,0.15560642,1
0.0,1.9452845,0.0,0.9102477,0.0,0.0,0.0,0.010055947,0.0,0.0,0.0,0.0,0.0,0.8553076,0.0,0.23914492,0.8005839,0.0,1.1724238,0.0,1.3967088,0.06756575,0.5475695,0.0,1
0.0,1.8744318,0.0,0.0,1.2867376,0.0,1.3038675,2.5834281,0.0,0.0,2.1785233,0.0,0.0,3.957075,0.0,0.0,0.8771256,2.457343,0.0,0.0,0.0,0.0,3.4621675,0.0,1
0.0,0.089503676,0.0,0.41127622,0.0,0.0,0.49439716,0.37301773,0.0,0.0,0.0,0.0,0.0,0.8466348,0.0,0.2046077,0.18332274,0.0,0.0,0.0,0.0,0.0,1.1146687,0.32176086,1
0.30229136,0.82169855,1.4764284,0.9265494,0.0,0.0,0.0,0.5087294,0.0,0.0,0.0,0.1447126,0.24232762,0.0,0.0,1.8235053,0.0,0.0,1.0686704,0.0,2.1282985,0.8778666,0.0,0.0,1
0.0,0.0,0.1658526,0.0,0.21418981,9.012679,5.8682647,13.10482,0.78249073,0.0,0.0,0.0,0.0,7.676449,0.0,0.33430827,13.305125,8.299882,0.0,0.0,0.050809592,5.2646155,12.62662,0.0,1
0.0,0.6638615,0.0,0.6995584,0.0,0.0,0.7405585,0.6873251,0.0,0.0,0.0,0.0,0.0,1.0522124,0.0,0.34504947,0.8161428,0.0,0.3090806,0.0,0.0,0.045445167,1.1961675,0.24941437,1
0.0,2.0191858,0.0,0.6137625,0.0,0.0,2.3033528,3.6134193,0.0,0.0,1.752197,0.0,0.0,4.9345813,0.42079958,0.0,2.5254953,2.0665236,0.0,0.0,0.0,0.0,4.4906187,0.0,1
0.0,1.7565886,0.0,0.0,0.0,0.64404577,3.7261078,9.238692,0.0,0.0,0.0,0.0,0.0,5.993197,0.74290305,2.304341,8.506162,3.0551124,0.0,0.0,0.0,1.6665169,6.769507,0.0,1
0.0,0.5591415,0.0,1.3821026,0.0,0.0,0.9133815,2.3734777,0.0,0.0,0.0,0.0,0.0,2.085405,0.0,0.95511854,2.7209592,0.7572453,0.25200677,0.0,0.0,0.32854414,2.0553482,0.14875853,1
0.0,1.8523033,0.0,0.0,2.167755,0.0,0.6350038,0.8817004,0.0,0.0,0.18524356,0.0,0.0,2.056352,0.0,0.0,0.0,1.2166057,0.29738867,0.0,0.0,0.0,2.1789885,0.0,1
2.9705415,1.2337173,2.8872356,0.6205085,1.248438,0.0,0.0,0.0,0.0,0.0,0.0,2.3778732,1.768222,0.0,1.4368376,2.2484934,0.0,0.0,2.018987,0.63767755,5.950367,1.5216435,0.0,0.0,1
0.0,2.185581,0.0,0.58455175,0.0,0.0,2.6996064,4.4914384,0.0,0.0,2.5861251,0.0,0.0,5.908823,0.718956,0.0,3.1619313,2.6746292,0.0,0.0,0.0,0.0,5.253268,0.0,1
0.05630202,0.08871313,0.08223403,0.027207695,0.08553211,0.0,0.019325024,0.06475659,0.0,0.0,0.0,0.0,0.06435005,0.08663269,0.02583038,0.083030514,0.0,0.0,0.056061774,0.0,0.019815996,0.0,0.0,0.0,1
0.0,1.362448,0.0,0.6159242,0.0,0.0,1.9367816,4.3667717,0.0,0.0,2.437036,0.0,0.0,4.9007516,0.48166746,0.0,3.4162374,2.7244775,0.0,0.0,0.0,0.0,4.209224,0.0,1
0.0,1.1777887,0.0,1.2347034,0.0,0.0,3.6351032,2.9408205,0.0,0.0,0.0,0.0,0.0,5.814901,0.0,0.1195973,3.4539263,1.6972926,0.32927763,0.0,0.0,0.0,3.5589492,0.4101898,1
1.3384403,0.0,2.0904434,0.1290552,0.06568819,2.9786885,2.173528,1.1467928,0.8947738,0.0,1.3841634,0.0,0.0,1.4337448,0.0,0.0,3.5637379,2.8750489,0.58474326,0.0,0.0,0.0,2.9344265,0.0,1
1.1101997,0.22138037,0.0,1.2397211,0.0,0.0,0.0,0.0,0.0,0.0,0.0,0.0,0.0,1.0763075,0.0,0.23127107,1.4440055,0.6400415,0.41229656,0.0,1.9095558,0.25522164,0.0,0.0,1
0.0,0.31136385,0.0,0.0,1.2886451,0.45501024,4.5342317,4.018633,0.0,0.0,0.0,0.0,0.0,5.769153,0.0,0.591543,4.0997367,2.762173,0.0,0.0,0.0,1.9342002,2.702708,0.0,1
0.0,1.868414,0.0,0.7019741,0.057457983,0.0,2.030996,2.943728,0.0,0.0,0.0,0.0,0.0,4.057807,0.0,0.0,2.3976734,1.5632168,0.3142644,0.0,0.0,0.052782603,3.6618102,0.0,1
0.0,0.67164993,0.3001261,0.0,0.15708515,0.0,0.0,0.0,0.0,0.0,0.035200685,0.0,0.0,0.0,0.03198546,0.029563723,0.0,0.0,0.052181065,0.0,0.9443669,0.0,0.0,0.0,1
0.0,1.1553032,0.0,1.2688568,0.0,0.0,1.9059467,3.6031692,0.0,0.0,0.62041646,0.0,0.0,4.121031,0.0,0.0,3.4618678,1.7551666,0.0,0.0,0.0,0.0,3.5473332,0.0,1
0.0,0.0,0.0,0.0,0.38175154,0.0,0.26953185,0.0,0.0,0.0,0.22166882,0.0,0.0,0.47623247,0.1226964,0.0,0.0,0.0,0.0,0.0,0.09954812,0.0,0.58333695,0.11145695,1
0.0,2.4027624,0.0,0.0,0.0,0.0,6.571532,10.174231,0.0,0.0,1.3996273,0.0,0.0,10.145647,0.80584985,0.2741018,9.105871,4.599472,0.0,0.0,0.0,0.31378463,9.067617,0.0,1
0.0,0.0,0.0,4.727577,0.0,1.654234,3.2862256,0.2541978,1.2317122,0.0,0.0,0.0,6.883353,3.2585564,0.0,3.8117595,2.4176738,0.0,2.3803518,0.0,0.0,0.0,2.0446782,0.0,0
0.0,0.6757657,0.0,0.7614984,0.48695186,0.45741725,0.8271487,0.016726676,0.577012,0.09893757,0.535693,0.0,1.14886,0.5455129,0.0,0.77998805,0.47646034,0.1530197,0.030070486,0.0,0.0,0.14930499,0.60670805,0.0,0
0.0,0.0,0.0,3.3012486,0.4192411,1.1237688,1.8267232,0.50122446,1.3315407,0.0,0.0,0.0,4.9507046,2.3989644,0.0,2.8088791,2.4485285,1.4903064,0.7056769,0.0,0.0,0.0,1.5294145,0.0,0
0.698807,2.3564854,0.0709433,0.0,0.9457877,0.36407712,0.0,0.0,1.067174,0.0,0.2577779,1.0455201,0.2759842,0.0,0.0,1.2714456,0.43703735,0.0,0.95727044,1.0458362,0.12678203,0.0,0.50834954,1.0093137,0
0.0,0.0,0.0,4.8407702,0.0,2.3414626,3.9297419,0.3840067,0.88613147,0.0,0.0,0.0,8.33665,4.119157,0.0,3.7563465,2.5265758,0.84262663,2.641983,0.0,0.0,0.0,1.509728,0.0,0
0.0,0.48356014,0.0,2.3618023,0.3219488,1.480726,2.316409,0.7253961,1.0353426,0.0,0.0,0.0,3.2791755,2.11761,0.0,2.017161,1.3901109,0.0,1.4058163,0.0,0.0,0.0,0.6309207,0.0,0
0.0,0.4910171,0.0,0.0,0.59840876,0.83388954,0.121588245,0.0919905,0.7190234,0.0,0.06900298,0.0,0.8833293,0.39359584,0.0,0.48003995,0.29866222,0.0,0.4360401,0.13023949,0.0,0.0,0.005310134,0.050068356,0
0.2778307,0.0,0.0,1.7071271,0.0,0.64781696,1.4305831,0.0,0.2648313,0.0,0.0,0.0,2.4830456,1.6273521,0.0,1.1230819,1.276455,0.39692572,0.6113778,0.0,0.0,0.0,1.7457739,0.0,0
0.08369698,0.0,0.0,0.965277,0.51040274,0.0,0.0,0.5473207,0.8504748,0.0,0.19501457,0.0,1.078375,0.48720834,0.27754968,0.7268416,0.8864557,0.79421574,0.0,0.0,0.0,0.27061838,0.5063366,0.47755104,0
0.0,0.0,0.0,3.6697388,0.0,0.867665,2.5033746,1.1758944,0.85373414,0.0,0.0,0.0,6.251696,2.6197863,0.0,3.0100784,1.977992,0.54069823,2.2000816,0.0,0.0,0.0,0.79344296,0.0,0
0.17101568,0.0,0.0,4.738885,0.5614489,2.1728761,3.8940582,0.23948109,1.5308106,0.0,0.0,0.0,7.1050873,4.4805217,0.0,3.7422829,3.9161472,0.84866685,1.7875246,0.0,0.0,0.0,3.157133,0.0,0
1.4252989,1.942287,4.5192156,1.2438145,0.0,1.7847098,0.0,0.0,0.0,0.0,0.0,0.45880383,0.0,1.7109642,0.0,1.9179667,1.5135233,2.057669,2.0449355,0.0,0.0,0.0,4.044756,2.9171243,0
0.0,0.0,0.0,6.280829,0.0,2.244586,4.694836,0.33810806,1.4304368,0.0,0.0,0.0,10.596722,5.145622,0.0,5.2243013,4.5583463,0.0,3.426174,0.0,0.0,0.0,3.0465813,0.0,0
0.62938315,0.0,0.0,4.131812,0.14472799,1.9440348,3.7656698,0.64572567,1.111212,0.0,0.0,0.0,7.6129475,4.6748137,0.0,3.3537035,4.8918524,0.0,2.5980713,0.0,0.0,0.0,2.3421133,0.1962636,0
0.0,0.016440146,0.008609438,0.00022068346,0.012705924,0.011601527,0.0,0.0,0.0,0.011963015,0.014206407,0.0,0.0,0.006492257,0.0,0.0,0.0,0.0,0.0,0.011197984,0.0116459,0.0,0.0,0.008818528,0
0.19162126,0.20930746,0.81919557,0.0,0.3046498,0.69105417,0.21861486,0.19549584,0.0,0.0,0.0,0.0,0.0,0.25200248,0.0,0.18726797,0.49761012,0.06489099,0.38576415,0.0,0.0,0.0,0.0,0.33531684,0
7.9844527,0.69314355,4.317602,4.8793406,0.0,10.0303335,0.0,0.06627863,0.0,8.052766,3.9614847,0.0,10.495277,7.2322474,0.0,10.859112,0.0,0.0,0.0,8.04573,0.0,10.250549,1.7793107,6.05139,0
0.0,0.0,0.0,2.2085125,0.018164672,0.0,0.0,0.7067218,1.1325419,0.0,0.0,0.0,3.1345146,0.3689782,0.0,2.2413962,1.4368609,1.3175219,0.109930374,0.0,0.0,0.35333225,0.27626598,0.7907089,0
0.0,0.0,0.7428058,0.020065958,0.0,0.0,0.0,0.80658585,0.0,0.2565295,0.0,0.0,0.0,0.45481384,0.0,0.6733928,0.3093156,0.0,0.0,0.0,0.0,0.86051273,0.433043,0.6218466,0
1.1004398,0.0,0.0,4.715856,0.94747204,1.7498456,4.384617,0.0,1.5820073,0.0,0.0,0.0,8.967687,5.578169,0.0,3.9520743,5.716029,1.2901565,1.9425932,0.0,0.0,0.0,4.4506764,0.0,0
0.17510216,0.0,3.4238665,2.1474328,0.0,0.5204253,0.0,1.165998,0.0,0.08327049,0.0,0.19254634,0.0,1.8467385,0.0,1.4399241,1.7721803,0.21939169,1.3548129,0.020396827,0.0,0.0,2.602129,3.147926,0
0.031986315,0.0,0.0,4.420232,0.0,1.4349861,3.6598592,0.23648293,1.1669294,0.0,0.0,0.0,6.6252937,3.8799767,0.0,3.1895347,3.6736135,0.0,2.838284,0.0,0.0,0.0,3.1776125,0.0,0
0.2199222,0.0,0.0,1.6151571,0.48430473,0.0,0.0,1.2263402,1.5323634,0.0,0.0,0.0,1.5400734,0.77505225,1.4099993,1.1424394,1.4244932,1.794481,0.09746313,0.0,0.0,0.2605781,0.6374406,1.3609064,0
0.09582696,0.0,0.7115312,0.19004464,0.018039776,0.65506,0.46285254,0.5021257,0.0,0.0,0.0,0.0,0.5416854,0.8330802,0.0,0.050657503,0.4236994,0.0,0.6090515,0.0,0.36952165,0.0,0.0,0.21045296,0
0.0,0.0,0.0,0.35258147,0.0,0.68502027,0.041883335,0.0,0.060284402,0.0,0.0,0.0,1.2587183,0.5239522,0.0,0.6002697,0.3958167,0.4311219,0.4677883,0.0,0.0,0.0,0.0,0.07088844,0
0.28700766,0.0,0.0,2.7944744,0.0,1.6162039,3.3832862,0.3211582,0.69414645,0.0,0.0,0.0,4.4868565,3.5124917,0.0,1.8830982,3.5246015,0.0,2.2347157,0.0,0.0,0.0,2.5545192,0.0,0
0.0,0.0,0.0,0.9810563,0.0,0.47929588,0.6274628,0.8161143,0.34482762,0.0,0.0,0.0,2.258008,1.1956016,0.0,0.89526796,1.1567285,0.0,0.89204746,0.0,0.0,0.0,0.0,0.54556745,0
0.0,0.8958479,9.898667,0.0,0.0,0.0,0.0,0.0,13.904615,9.724744,12.423159,1.3711417,4.755839,1.0823222,0.0,0.0,0.0,0.0,0.0,11.413412,0.0,10.654936,0.0,3.774825,1
0.0,0.0,0.0,1.6814848,0.0,0.4257198,0.6833904,0.0,0.21392116,0.0,0.0,0.0,2.6012015,1.1771594,0.0,1.2656089,1.1504416,0.97831494,0.42202887,0.0,0.0,0.0,0.8187337,0.0,1
1.5559398,2.8972793,2.109914,0.0,0.0,0.23666747,0.0,0.0,1.0273553,0.54687357,0.51858974,1.0789993,2.283455,0.0,0.0,3.2143316,0.0,0.0,0.6989885,1.2411871,0.0,2.2713509,1.1878636,0.3578591,1
0.09882705,0.07380461,0.48759085,0.0194249,0.1550415,0.4161726,0.15300904,0.15125555,0.0,0.0,0.0,0.0,0.016730774,0.21715683,0.0,0.09220885,0.28490162,0.0,0.25484103,0.0,0.024386913,0.0,0.0,0.19315961,1
0.0,0.016440146,0.008609438,0.00022068346,0.012705924,0.011601527,0.0,0.0,0.0,0.011963015,0.014206407,0.0,0.0,0.006492257,0.0,0.0,0.0,0.0,0.0,0.011197984,0.0116459,0.0,0.0,0.008818528,1
0.0,0.0,0.0,4.2273245,0.0,1.9241036,3.5503936,0.0,1.1371891,0.0,0.0,0.0,6.199272,3.4797988,0.0,3.369989,2.7560003,0.51807153,1.569648,0.0,0.0,0.0,2.88181,0.0,1
4.52556,4.87272,8.593603,1.1104255,0.8446557,8.899699,0.0,2.7696652,1.9121927,9.439062,2.4254253,0.65690535,9.203577,5.940872,0.0,11.346916,0.0,0.0,0.0,7.299868,0.0,10.865888,0.2241459,3.1139839,1
0.49635416,2.4647467,0.0,0.0,0.7356009,0.094889484,0.0,0.1518842,2.3585055,0.0,0.0,0.87844896,0.0,0.16047603,0.0,1.118897,0.0,0.7272116,1.5428468,1.8179193,0.07208902,0.0,0.61752754,0.56650436,1
0.1615493,0.0,0.0,0.8897808,0.25715956,0.0,0.0,0.2656474,0.3914068,0.0,0.0,0.0,0.9656918,0.4575174,0.0,0.6404392,0.89565104,0.9344447,0.044460505,0.0,0.0,0.0,0.74171746,0.42937097,1
0.011208757,0.0,0.0,0.22373411,0.0,0.26153088,0.6587579,0.0,0.0,0.0,0.0,0.0,0.6543781,0.40650254,0.0,0.15629336,0.14475223,0.04434438,0.31153163,0.0,0.0,0.0,0.16679686,0.0,1
0.0,0.0,0.0,0.05122673,0.0,0.04270677,0.0049831886,0.0,0.0,0.0,0.0,0.0,0.0994502,0.0,0.0,0.084586404,0.0,0.0,0.0,0.0,0.0,0.0,0.0,0.0,1
0.8880486,2.0535374,1.2757798,0.0,1.40188,1.1076112,0.0,0.0,0.0,0.59334326,0.0,0.32337567,0.0,0.0,0.0,0.9757686,0.74082714,1.2464728,0.0,0.0,0.0,0.0,2.1021407,1.0147182,1
0.09470558,0.022233631,0.021372247,0.07851479,0.0,0.024213605,0.04326322,0.0,0.0,0.030422501,0.0,0.0,0.061431814,0.067858666,0.0,0.04267703,0.064165235,0.0,0.075470865,0.122074254,0.049499005,0.0,0.07363289,0.0574492,1
14.218656,4.641701,10.37299,0.32676032,3.902843,11.3150835,0.0,0.0,4.761335,9.645878,10.007206,0.0,19.541517,5.608399,0.0,16.071804,0.0,0.0,1.5653368,15.963912,0.0,18.876566,1.1803502,11.158632,1
4.4424987,4.383132,5.6390624,0.0,1.4294842,0.4599762,0.0,2.5336235,3.4851882,2.3883188,0.0,2.0773973,2.9288578,0.10939401,0.0,7.29255,0.0,0.0,1.391168,2.0255833,0.0,4.3293195,3.593929,2.98069,1
0.0,0.66439646,0.0,0.0,0.63295025,0.5946585,0.0,0.2105568,0.6880171,0.0,0.0076112384,0.42049876,0.0,0.0,0.036313325,0.098126024,0.025934132,0.24863718,0.30005464,0.65904117,0.0,0.0,0.0,0.54973054,1
0.0023788,0.8193482,0.0,0.0,0.6853468,0.54527205,0.0,0.034224104,0.23430513,0.0,0.02360613,0.21419254,0.0,0.0,0.0,0.23490365,0.20276964,0.35599422,0.14104645,0.37534827,0.0,0.0,0.15398179,0.3663471,1
0.04916488,0.25378984,0.13816208,0.0,0.16947004,0.10896715,0.0,0.0,0.0,0.046496354,0.0,0.04075384,0.0,0.0,0.0,0.07333875,0.08128985,0.14153288,0.0,0.0,0.0,0.0,0.20810802,0.09234079,1
0.059466746,0.0,0.0,0.6665807,0.24582218,0.44301343,0.762534,0.17601694,0.12159353,0.0,0.0,0.0,1.943905,1.0336463,0.0,0.72306454,1.2353249,0.045869544,0.44909784,0.0,0.0,0.0,0.29346728,0.27276626,1
5.5823,0.0,3.2194629,5.5503283,0.0,3.982092,0.0,0.0,0.0,7.480456,5.0311503,0.0,3.2202625,5.6773267,0.0,4.2857356,0.0,0.0,0.0,4.544136,0.0,4.4941607,3.0677783,5.6878705,1
0.0,0.022616383,0.0,0.0,0.08367409,0.02842151,0.0,0.053846892,0.09658473,0.0,0.0093131615,0.0,0.04235564,0.023648575,0.040364094,0.032422744,0.039840996,0.061786674,0.017257744,0.02671668,0.0,0.0,0.0,0.101528704,1
0.0,0.52548665,0.0,0.0,0.5698535,0.66931874,0.0,0.30814353,0.5393752,0.0,0.0,0.17477925,0.22950695,0.3073637,0.0,0.1565993,0.20190974,0.13379824,0.39358324,0.33167848,0.0,0.0,0.0,0.4027415,1
0.028504621,0.0,0.0,0.4325163,0.24470592,0.0,0.0,0.27954525,0.37961045,0.0,0.044153925,0.0,0.47560394,0.41041428,0.24190542,0.3514649,0.4849743,0.35625154,0.028206559,0.0,0.0,0.019461002,0.15247059,0.4497406,1
2.3075857,2.0992308,3.6730895,0.0,4.3928266,0.0,0.0,1.5148141,2.467671,1.2111115,0.0,0.0,0.0,0.0,1.799414,2.6653402,0.0,0.0,0.69160247,1.7272875,1.6316158,0.0,5.4849563,0.06275253,1
0.0,0.016440146,0.008609438,0.00022068346,0.012705924,0.011601527,0.0,0.0,0.0,0.011963015,0.014206407,0.0,0.0,0.006492257,0.0,0.0,0.0,0.0,0.0,0.011197984,0.0116459,0.0,0.0,0.008818528,1
0.0,0.0,2.816606,0.0,0.0,0.0,0.0,1.4110762,0.0,0.7926096,0.0,0.0,0.0,1.3937197,0.0,2.0623817,0.96418107,0.0,0.0,0.0,0.0,1.6083012,1.778512,2.590145,1
3.9919784,6.1783113,3.0365176,0.0,1.3025376,0.0,0.0,0.0,0.43108538,0.33906078,1.3990004,1.7910386,1.5730906,0.0,0.0,5.0291314,1.2811701,0.0,2.5113158,1.9990287,1.0576417,1.094596,3.5527928,2.5635955,1
3.5476835,2.464882,0.0,0.0,4.578411,0.26185954,0.0,2.1381967,0.0,0.0,1.3820486,0.0,0.0,2.9980667,0.5659482,0.61462605,0.0,0.0,2.2385032,5.399064,0.026367635,0.0,0.0,0.0,0
0.0,0.5249299,0.28481013,0.0,0.0,0.19229874,1.1339246,0.0,0.0,0.3296535,0.0,0.0,0.16175748,0.0,0.0,0.053798366,0.0,0.0,0.0,0.68110025,0.77092475,0.7788295,0.0,0.0,0
0.0,0.68944895,0.0,0.0,0.98636764,2.1846092,0.0,0.0,0.0,0.0,0.0,6.2012954,0.0,0.0,3.0178347,0.0,3.7475488,0.0,0.0,0.0,4.4685116,0.8797849,0.0,0.0,0
0.0,1.4343883,0.0,0.0,0.0,2.7224596,0.0,0.74201685,0.0,0.0,0.0,2.865644,0.0,0.0,3.9590814,0.0,3.1249945,0.0,0.0,0.3745099,3.7559845,0.0,0.0,0.0,0
0.0,0.9900322,0.0,0.0,0.0,1.6102707,0.14406615,0.34884453,0.0,0.0,0.0,2.5481057,0.0,0.0,1.3753564,0.0,1.7226756,0.5905774,0.0,0.0,2.3406727,0.24799308,0.41246793,0.0,0
0.0,0.57029265,0.0,0.0,0.060391355,1.4337894,0.0,0.6919153,0.0,0.0,0.30089438,0.48662212,0.0,0.0,1.3750648,0.0,0.0,0.0,0.0,1.0485455,0.7438381,0.21905155,0.0,0.0,0
0.0,1.352322,0.0,0.0,1.3353425,3.5382361,0.0,0.5489019,0.0,0.0,0.0,8.065292,0.0,0.0,6.19881,0.0,7.001751,0.0,0.0,0.09699213,6.4265985,0.0,0.0,0.0,0
0.0,0.25617462,0.0,0.0,0.90670294,3.8013701,0.0,0.0,0.0,0.0,0.0,6.6004586,0.0,0.0,4.4354043,0.0,5.2077374,1.361776,0.0,0.0,4.298826,0.0,0.69922644,0.0,0
0.0,0.28503138,0.0,0.0,0.33802652,0.25550905,0.36089656,0.0,0.0,0.0,0.0,1.237145,0.0,0.0,0.9172748,0.0,0.9742626,0.0,0.0050999746,0.0,0.0,0.0,0.0,0.0,0
0.0,1.664297,0.0,0.0,0.21946564,3.840452,0.21059662,0.018202038,0.0,0.0,0.0,3.7177956,0.0,0.0,4.6106253,0.0,4.400782,0.0,0.0,0.30786926,4.141065,0.0,0.0,0.0,0
0.0,1.2071782,0.0,0.0,0.10726631,2.1366634,0.0,0.0,0.0,0.0,0.0,1.9663597,0.0,0.0,1.2264278,0.0,0.0,0.0,0.0,0.0,0.6620478,1.6454664,0.23017067,0.0,0
0.033075877,0.20558345,0.0,0.0,1.7497132,0.73273546,0.0,0.0,0.0,0.0,0.0,0.0,0.0,0.049924757,1.1684564,0.0,0.0,0.0,0.5181187,0.4893144,0.0,0.0,0.0,0.0,0
0.0,1.6072061,0.0,0.265021,0.0,2.7576916,0.0,0.0,0.0,0.0,0.35022607,3.2468562,0.0,0.0,2.1604104,0.0,0.0,0.0,0.0,0.0,1.3451778,1.5678041,0.59013414,0.0,0
0.0,1.1566048,0.0,0.0,0.0,1.1718975,0.0,0.0,0.0,0.0,0.37093085,3.3723261,0.0,0.0,0.8241712,0.15139876,0.0,0.0,0.0,0.0,2.1426325,2.6827679,0.93807113,0.0,0
0.0,1.2729096,0.0,0.0,0.0,2.192632,0.0,0.7941428,0.0,0.0,0.0,2.5232506,0.0,0.0,2.6336179,0.0,1.6848998,0.0,0.0,0.0,2.241059,0.0,0.0,0.0,0
0.0,0.66702336,0.0,0.0,0.049333453,0.62270975,0.0,0.0,0.0,0.0,0.0,2.4538798,0.0,0.0,0.5379707,0.0,0.0,0.0,0.0,0.0,0.99739105,1.4772017,0.2213047,0.0,0
0.0,0.3564136,0.0,0.0,0.0,1.317522,0.41675484,0.0,0.0,0.0,0.0,0.02583351,0.12367053,0.0,1.0470226,0.0,0.6793904,0.0,0.0,0.24485497,0.18543649,0.0,0.0,0.0,0
0.0,0.51493335,0.0,0.0,0.0,1.0041628,0.0,0.27618513,0.0,0.0,0.33093625,0.5738148,0.0,0.0,0.8222333,0.0,0.07875298,0.0,0.067888826,0.5377061,0.45865402,0.21998206,0.0,0.0,0
5.858251,4.454836,0.0,0.0,7.9879627,0.42312288,0.0,3.184454,0.0,0.0,1.8825897,0.0,0.0,4.3732615,0.53905886,1.8493006,0.0,0.0,1.6181673,7.7059393,0.0,0.0,0.0,0.0,0
0.0,1.3876,0.0,0.0,0.22054438,2.4315627,0.0,0.3615524,0.0,0.0,0.0,4.763982,0.0,0.0,2.9116588,0.0,3.438422,0.03628581,0.0,0.0,4.984491,0.0,0.39413255,0.0,0
0.0,0.8422733,0.0,0.3349003,0.27531573,0.8857376,0.0,0.0,0.0,0.0,0.0,1.8076947,0.0,0.0,0.5663605,0.0,0.0,0.0,0.0,0.0,0.29395747,1.3300134,0.9137384,0.0,0
0.0,0.94279236,0.0,0.0,0.0,1.6938325,0.0,0.0,0.0,0.0,0.0,2.2270253,0.0,0.0,1.8338972,0.0,0.9339934,0.0,0.0,0.28588578,0.27933863,0.0,0.0,0.0,0
0.0,0.92107403,0.0,0.0,1.0338808,1.691703,0.0,0.0,0.0,0.0,0.0,6.07894,0.0,0.0,3.3640635,0.0,3.328382,0.0,0.0,0.0,3.9081771,0.092452295,0.0,0.0,0
3.3797545,3.3158374,0.0,0.0,8.225761,1.3160616,0.0,2.8796914,0.0,0.0,0.0,0.0,0.0,5.054919,1.1616559,0.0,0.0,0.0,0.38798344,4.904858,0.0,0.0,0.0,0.0,0
0.0,0.5170282,0.0,0.0,0.6494138,2.6333191,0.0,0.0,0.0,0.0,0.0,4.177908,0.0,0.0,2.7174587,0.0,3.991261,0.0,0.0,0.0,4.044969,0.0,0.0,0.0,0
0.0,1.6938481,0.0,0.0,0.0,1.4487673,0.0,1.4413321,0.0,0.0,0.0,4.303706,0.0,0.0,2.7914665,0.0,3.5113087,0.11044845,0.0,0.0,4.5699515,0.0,0.0,0.0,0
0.0,0.85388786,0.0,0.0,0.5095243,2.4102929,0.0,0.58952487,0.0,0.0,0.0,5.9268208,0.0,0.0,3.001538,0.0,4.981275,0.0,0.0,0.0,5.539213,0.0,0.0,0.0,0
1.5342506,1.0756453,0.0,0.0,2.6025171,0.6105364,0.0,0.5530195,0.0,0.0,0.0,0.0,0.0,1.2976477,0.41991237,0.034210417,0.0,0.0,1.1830833,2.0835714,0.0,0.0,0.0,0.0,1
0.0,2.222267,2.053146,0.0,2.2509565,0.14493619,1.350438,0.0,0.52333426,1.0510187,1.5349934,0.0,2.9946465,0.0,0.0,0.0,0.0,0.0,0.0,1.5951654,0.0,7.5458217,0.4633738,2.8836317,1
9.478501,5.996358,0.0,0.0,11.489009,0.0,0.0,4.264553,0.0,0.0,1.4617909,0.0,1.4344045,4.4395657,0.0,3.2268453,0.0,0.0,0.0,10.5739975,0.0,0.0,0.0,0.6525167,1
3.2024653,0.98890615,0.0,0.0,7.6214895,1.3947136,0.0,0.0,0.0,0.0,0.0,0.0,0.47447854,0.05787685,0.0,0.0,0.0,0.0,2.5034282,1.9541788,0.0,0.0,0.0,1.4147363,1
0.3704241,0.07048105,0.0,0.0,1.0328367,0.44943312,0.0,0.0,0.0,0.0,0.0,0.0,0.08521544,0.027177617,0.12574396,0.0,0.0,0.0,0.5193234,0.28787908,0.0,0.0,0.0,0.18216681,1
7.1596766,4.6525955,0.0,0.0,9.460531,0.4273209,0.0,3.8998256,0.0,0.0,1.9662031,0.0,0.34393254,4.6504073,0.7035065,2.623028,0.0,0.0,1.0947251,9.026821,0.0,0.0,0.0,0.0,1
3.155996,3.777105,0.0,0.2504962,11.507895,0.0,0.0,0.0,0.0,0.0,0.0,0.0,3.4336574,0.0,0.0,0.0,0.0,0.23262393,0.8592406,0.6895428,0.0,5.1123033,3.4502816,5.6508856,1
13.722159,8.432116,0.0,0.0,15.032949,0.0,0.0,4.5229564,0.8940578,0.0,0.0,0.0,3.6511245,3.4986963,0.0,3.8003345,0.0,0.0,0.0,12.782778,0.0,0.0,0.0,3.2701626,1
1.4456974,0.6185923,0.0,0.0,2.729499,1.3089346,0.0,1.6405653,0.0,0.0,0.23781155,0.0,0.0,2.8333712,2.025471,0.0,0.0,0.0,2.489574,3.0249126,0.0,0.0,0.0,0.0,1
1.2308663,0.52687323,0.0,0.0,2.322391,1.1132575,0.0,1.3950173,0.0,0.0,0.20149234,0.0,0.0,2.4094198,1.7225245,0.0,0.0,0.0,2.1175766,2.5727248,0.0,0.0,0.0,0.0,1
0.38841438,2.867106,0.0,0.0,0.0,1.6110634,0.0,0.0,0.0,0.0,0.0,1.3498728,0.0,0.0,3.8149064,0.0,0.0,0.0,1.1845195,0.78254,0.21496847,0.0,0.0,0.0,1
1.3899277,0.5430124,0.0,0.0,2.7005017,0.85710704,0.0,1.4035075,0.0,0.0,0.0,0.0,0.0,2.370769,1.6090857,0.0,0.0,0.0,2.0122204,2.528976,0.0,0.0,0.0,0.0,1
17.076105,10.08996,0.0,0.0,20.689152,0.0,0.0,3.6246204,3.6557093,0.0,0.0,0.0,9.211911,0.7066241,0.0,0.5241397,0.0,0.0,0.0,13.187986,0.0,0.0,6.221663,7.6942153,1
0.0,0.6194366,0.0,0.0,0.22477809,1.7847122,0.0,0.13368408,0.0,0.0,0.0,1.1846343,0.0,0.0,1.3252938,0.0,0.0,0.0,0.0,0.28920496,0.45120463,0.69833046,0.0,0.0,1
8.195968,5.3453426,0.0,0.0,18.253593,0.0,0.0,5.2748895,3.809956,0.0,0.0,0.0,3.6241624,4.0285864,0.45509148,1.3673245,0.0,0.0,3.2012153,11.175241,0.0,0.0,0.0,2.0581102,1
5.5865397,2.426581,0.0,0.0,8.420446,2.1953454,0.0,1.0774491,0.0,0.0,0.0,0.0,1.8724958,0.0,0.0,0.0,0.0,0.0,0.13005857,8.07287,0.0,0.0,0.0,1.8291548,1
0.0,0.0043734945,0.0,0.0,0.0,0.025505723,0.059610046,0.0,0.0,0.048110683,0.042590894,0.0,0.053519905,0.0,0.0,0.0,0.022009503,0.0,0.0,0.013489716,0.0,0.016442953,0.0,0.0,1
6.8925223,4.5008984,0.0,0.0,7.446456,0.29584834,0.0,3.2007885,0.0,0.0,0.0,0.0,1.8077286,3.805249,0.7465987,0.0,0.0,0.0,0.0,7.5753546,0.0,0.0,0.0,0.0,1
34.702297,16.60649,0.0,0.0,42.481422,0.0,0.0,11.617287,8.34985,0.0,0.0,0.0,15.9691305,7.390172,0.0,0.0,0.0,0.0,0.0,26.371208,0.0,0.0,7.443702,7.6985326,1
0.4492871,0.0,0.0,0.19710459,1.3749067,0.27205643,0.0,0.0,0.0,0.0,0.0,0.0,0.19184183,0.0,0.0,0.0,0.0,0.060201935,0.36939642,0.0,0.0,0.32538378,0.30213088,0.612212,1
11.614916,7.142113,0.0,0.0,15.270647,0.0,0.0,3.4997902,0.021586884,0.0,2.265335,0.0,4.2051554,1.7134863,0.0,4.126509,0.0,0.0,0.0,13.4762335,0.0,0.0,0.0,3.0142276,1
0.7142285,0.30630192,0.0,0.0,1.3433548,0.6426828,0.0,0.8045096,0.0,0.0,0.11414989,0.0,0.0,1.3898782,0.9939826,0.0,0.0,0.0,1.222977,1.4852788,0.0,0.0,0.0,0.0,1
0.0,0.55600876,0.0,0.0,0.0,1.6561357,0.0,0.030337553,0.0,0.0,0.0,2.533025,0.0,0.0,1.6947303,0.0,1.4182619,0.28881827,0.0,0.098922454,2.2744088,1.000973,0.32564852,0.0,1
0.0,0.7539698,0.0,0.0,0.2544952,0.18628688,0.0,0.0,0.0,0.0,0.0,2.4027174,0.0,0.0,0.23291677,0.0,0.0,0.0,0.0,0.0,1.3078492,1.8976527,0.5719125,0.0,1
4.2355986,8.2642355,0.0,0.0,18.430477,0.56527907,0.0,1.3977458,1.7278564,0.0,0.0,0.0,4.155805,2.6088789,0.0,1.4443294,0.0,0.0,2.8263187,7.9930134,0.0,2.9840853,3.5775096,7.0422745,1
0.56819093,0.020193808,0.0,0.0,1.585185,0.19990006,0.0,0.0,0.0,0.0,0.0,0.0,0.10081714,0.0,0.0,0.0,0.0,0.0,0.43042943,0.08162325,0.0,0.2236704,0.06240678,0.38081795,1
2.2118175,0.39732075,0.0,0.0,5.552371,2.010097,0.0,0.0,0.0,0.0,0.0,0.0,0.24699223,1.1623046,1.0771303,0.0,0.0,0.0,3.0860922,2.240089,0.0,0.0,0.0,0.15576734,1
0.0,0.32629678,0.0,1.4729301,0.0,1.0631878,0.0,0.0,2.29113,1.3268533,0.0,0.12471844,0.0,3.2739654,1.1472191,1.6095158,0.0,2.38769,0.0,0.85737836,0.0,0.0,0.4059332,0.22653663,0
0.0,0.0,0.0,1.1416,0.0,0.1609471,0.0,0.0,2.8499758,1.623833,0.0,0.0,0.0,2.2782433,0.0,1.8873539,0.0,1.8362501,0.0,0.0,0.0,0.14257291,0.7815084,0.0,0
0.0,0.0,0.0,0.0,0.0,1.5690334,0.0,0.0,0.67851114,1.3000662,0.0,0.41413587,0.0,1.2550832,0.0,2.6178086,0.0,1.1671126,0.0,0.0,0.0,0.6886212,0.11966968,0.99112344,0
0.0,0.17825842,0.0,1.6993785,0.0,0.31662637,0.0,0.0,2.2485106,1.4555426,0.0,0.0,0.0,2.7410967,0.6201305,0.6126133,0.0,1.8724753,0.0,0.8797324,0.0,0.0,0.0,0.88649684,0
0.0,0.91464543,0.0,1.6887189,0.0,0.42690632,0.0,0.0,2.1799977,2.0343792,0.0,0.0,0.0,1.0639366,0.0,1.8044313,0.0,2.0402546,0.0,0.0,0.0,0.6954987,0.0,0.0,0
0.0,0.0,1.1903552,0.0,0.0,0.0,0.0,0.0,0.0,0.0,2.296599,0.0,0.30543798,0.0,0.0,0.0,0.0,0.0,1.032517,0.4789768,0.049574427,0.0,0.0,0.0,0
0.0,0.0,0.0,0.35545737,0.0,0.0,0.0,0.0,1.339924,0.7240562,0.0,0.38910824,0.0,2.1627903,0.5897894,0.90807474,0.0,1.1124063,0.0,0.7810058,0.0,0.119181335,0.0,0.0,0
0.0,0.0,0.014134971,0.0,0.0,0.38728204,0.0,0.0,0.0,0.0,0.18308052,0.0,0.2153224,0.0,0.0,1.3321347,0.0,0.14728811,0.0,0.0,0.0,0.0,0.47604826,0.38530433,0
0.0,0.0,0.0113884425,0.0,0.0,0.0,0.0,0.0,0.39659575,0.0,0.0,0.0,0.0,0.71877253,0.0,0.0,0.0,0.0,2.8414218,3.6220214,5.5658517,0.0,2.8502731,1.6456717,0
0.0,0.0,0.0,0.2558253,0.0,0.40853915,0.08272609,0.0,1.1108276,0.7675348,0.0,0.5834324,0.0,1.552666,0.0,0.9594047,0.0,0.97430265,0.0,0.4768549,0.0,0.46560574,0.0,0.11174975,0
0.0,0.0,0.0,0.18327604,0.0005818391,0.0,0.0,0.0,2.1411712,1.3439271,0.0,0.0,0.0,0.45492247,0.0,2.8509858,0.0,1.4693118,0.0,0.0,0.0,0.2345326,1.1230307,0.0,0
0.0,0.0,0.0,2.0683405,0.0,0.24280988,0.0,0.0,2.4484901,2.3435326,0.0,0.0,0.0,4.379667,1.819042,1.4618645,0.0,3.172981,0.0,0.88657135,0.0,0.0,0.24877734,0.0,0
0.0,0.0,0.0,0.9433701,0.0,0.0,0.0,0.0,3.6106925,1.1250209,0.0,0.6926554,0.0,4.927231,1.2998961,0.20286359,0.0,2.0828705,0.0,2.2636554,0.0,0.07900125,0.0,0.0,0
0.0,0.0,0.0,0.0,0.0,1.5875497,0.0,0.0,0.9864144,0.36776406,0.0,0.41835812,0.0,0.37090135,0.0,0.81684273,0.0,0.80202997,0.0,0.0,0.0,0.1137206,0.9156738,1.2309425,0
0.0,0.0,0.0,0.6099915,0.0,0.0,0.0,0.0,2.742806,1.1938643,0.0,1.358397,0.0,2.8298721,0.577405,1.6286112,0.0,1.7866585,0.0,1.8656757,0.0,0.16999735,0.0,0.0,0
0.0,0.13674548,0.0,2.970185,0.0,0.0,0.0,0.0,5.3636703,2.325297,0.0,0.0,0.0,5.0653462,1.3264154,0.61856186,0.0,3.3119035,0.0,2.0473547,0.0,0.18090403,0.0,0.0,0
0.0,0.0058112848,0.0,0.92491764,0.0,0.6349254,0.0,0.0,1.0690001,1.6327051,0.0,0.4164096,0.0,1.5328507,0.0,1.8732164,0.0,1.5706367,0.0,0.0,0.0,1.3186489,0.0,0.14363521,0
0.0,0.0,0.0,0.016842887,0.0,1.822676,0.0,0.0,0.84302115,1.5650592,0.0,0.64290017,0.0,1.5483416,0.0,2.8496845,0.0,1.301324,0.0,0.0,0.0,0.8430371,0.10685534,1.1626705,0
0.0,0.0,0.0,0.082460135,0.0,1.3399352,0.0,0.0,0.47100732,1.1853645,0.0,0.0,0.0,0.85311574,0.0,2.8127887,0.0,1.3550311,0.0,0.0,0.0,0.6287918,0.067987144,0.7284719,0
0.0,0.7131236,0.0,1.1764152,0.0,0.56731,0.0,0.0,3.3896754,1.7070528,0.0,0.0,0.0,2.30193,0.0,3.6640937,0.0,2.9097378,0.0,0.0,0.0,0.5466274,0.66193086,0.0,0
0.0,0.06854057,0.0,0.56223637,0.0,1.179512,0.0,0.0,3.1420972,1.7268356,0.0,0.0,0.0,1.8183782,0.0,4.8906603,0.0,2.4180486,0.0,0.0,0.0,0.17968905,0.893399,0.58720696,0
0.0,0.0,0.0,4.3350334,0.0,0.0,0.0,0.0,6.2146587,3.9277132,0.0,0.0,0.0,5.6313515,3.0665512,1.8758241,0.0,4.861471,0.0,1.5341061,0.0,0.07942614,0.0,0.0,0
0.0,0.0,0.0,0.13947326,0.0,1.0694145,0.0,0.0,0.50423414,1.0569974,0.0,0.28622988,0.0,0.8999787,0.0,1.7776394,0.0,0.9267828,0.0,0.0,0.0,0.58453095,0.0,0.6177088,0
0.0,0.0,0.0,1.7077413,0.0,0.061082255,0.0,0.0,5.332154,2.018714,0.0,1.5800567,0.0,4.9908257,1.3069694,1.2962221,0.0,2.7382157,0.0,3.3006964,0.0,0.0,0.0,0.0,0
0.29098126,0.7379857,0.0,4.4682117,0.0,0.40759566,0.0,0.0,4.569551,3.2357821,0.0,0.0,0.0,4.220694,2.6590695,0.025198083,0.47097656,3.9850245,0.0,1.1277217,0.0,0.5116897,0.0,0.0,0
0.0,0.7664955,0.0,0.7756424,0.0,0.5799025,0.0,0.0,2.4964883,1.9729167,0.0,0.041187823,0.0,0.13805349,0.0,2.784302,0.0,1.6773437,0.0,0.0,0.0,0.93025815,0.0,0.0,0
0.0,0.0,0.0,0.0,0.0,22.151901,9.039082,0.0,0.0,0.0,17.700315,0.0,3.4317086,0.0,0.0,0.0,0.0,0.0,5.843005,23.023888,29.520752,24.33114,0.0,0.5653671,1
0.015479837,0.0,7.1169987,0.0,0.0,0.0,0.0,0.0,0.0,0.0,7.8696165,0.0,2.9795566,0.0,0.0,0.0,0.0,0.0,6.612094,0.0,6.5287147,0.0,1.4231462,0.0,1
0.0,0.0,0.0,0.0,0.0,0.0,0.0,1.7937336,0.0,0.0,1.229248,0.0,1.0839766,0.0,0.0,0.52261776,0.0,0.60133123,0.0,0.0,0.0,0.24180345,0.34554708,0.010367164,1
2.1252468,1.4939463,0.0,1.789987,0.6496751,0.1528143,1.1598254,1.3513156,1.0096747,1.2133228,2.1054044,1.1583557,0.8926165,0.0,0.0,0.0,1.5309051,0.0,0.0,0.11997741,0.0,1.5167987,1.5962034,2.3681858,1
5.996946,0.0,1.8385421,0.0,0.0,8.261613,0.0,1.816403,0.0,0.0,11.646143,0.0,0.0,0.0,0.0,0.0,0.0,0.0,9.295786,18.43911,17.164215,3.162259,9.442947,4.139098,1
0.8625517,0.0,21.79878,0.0,0.0,22.666777,9.268638,0.0,0.0,0.0,43.03444,0.0,0.0,0.0,0.0,0.0,0.0,0.0,43.153397,59.04606,52.359306,43.35899,12.1380205,0.0,1
0.0,0.0,0.513397,0.0,0.0,0.0,0.0,0.0,0.0,0.0,1.9451743,0.0,0.0,0.0,0.0,0.0,0.0,0.0,1.5108652,4.4497027,4.1155562,0.0,4.499459,2.9492292,1
0.0,0.0,0.26573598,0.0,0.0,0.16353704,0.0,0.72315466,0.0,0.0,0.92866796,0.0,0.43328768,0.0,0.0,2.0196135,0.0,0.0,0.0,0.0,0.0,0.0,1.340038,0.51604265,1
2.195063,0.0,0.0,4.1507516,0.0,0.0,0.44589728,0.13096136,0.0,0.0,2.3567433,0.0,5.2022815,0.0,0.0,0.0,0.0,0.0,1.2093434,0.80417824,0.0,1.0043926,0.9157921,3.4982758,1
0.0,0.19882578,0.2093011,0.0,0.0,0.5185939,0.18452542,0.0,0.0,0.0,0.07522762,0.0,0.0,0.86743593,0.0,0.0,0.2893978,0.0,0.7137061,1.3723471,1.2199978,0.0,1.5115259,1.1822752,1
0.0,0.0,0.71272296,0.0,0.0,0.11395607,0.58209145,0.0,0.0,0.0,1.6414233,0.0,0.0,0.0,0.0,0.0,0.0,0.0,0.0,0.9058798,1.7042701,0.0,4.212601,2.7144427,1
0.0,0.0,2.1584988,0.0,0.0,0.0,0.0,0.35240358,0.0,0.0,9.234679,0.0,0.0,0.0,0.0,0.0,0.0,0.0,3.3431275,9.405561,11.328993,0.0,6.132362,0.0,1
0.0,0.0,0.8886091,0.0,0.0,0.0,0.0,0.0,0.0,0.0,1.745055,0.0,0.0,0.0,0.0,0.0,0.0,0.0,3.2430341,3.4992976,3.1061738,0.0,1.1213951,0.8185909,1
0.0,0.12574737,0.0,1.4396675,0.0,0.32721195,0.0,0.0,2.7504241,1.419117,0.0,0.0,0.0,3.1750827,0.33846635,2.57372,0.0,2.7456253,0.0,0.48538613,0.0,0.0,0.45954177,0.0,1
0.0,0.0,0.06976311,0.0,0.0,0.43269798,0.0,0.0,0.0,0.0,0.21296051,0.0,0.0,0.020890297,0.0,0.9595088,0.0,0.0,0.0,0.0,0.0,0.0,0.77533525,0.5897459,1
0.0,0.0,0.0,1.9640329,0.0,0.0,0.0,0.0,5.0340834,1.91554,0.0,0.40948063,0.0,4.506135,1.4402375,1.4067047,0.0,2.872172,0.0,2.424384,0.0,0.0,0.0,0.0,1
0.0,0.0,0.0,0.0,0.0,0.0,0.0,0.0,0.0,0.0,0.6751294,0.0,0.0,0.0,0.0,0.0,0.0,0.0,1.9428852,3.0250998,3.0515857,0.0,1.5252757,1.2667048,1
0.0,0.0,0.31362438,0.0,0.0,7.0855317,3.2251596,0.0,0.0,0.0,19.806995,0.0,8.250556,3.2806592,0.0,0.6548605,0.0,0.0,0.0,27.500366,29.478249,17.693922,10.36602,0.0,1
0.0,0.0,0.0,0.0,0.0,0.0,0.0,0.0,0.0,0.0,0.16615951,0.0,0.0,0.23871182,0.0,0.0,0.0,0.0,0.5016243,0.7143719,1.5284734,0.0,0.0,0.21486132,1
0.0,0.0,5.4019175,0.0,0.0,0.0,0.0,0.0,0.0,0.0,10.116892,0.0,0.0,0.0,0.0,0.0,0.0,0.0,2.257478,0.8840807,12.924692,0.0,1.1745458,0.9502113,1
0.0,0.0,1.0762907,0.0,0.0,0.0,0.0,0.0,0.0,0.0,4.52142,0.0,4.0068703,0.0,0.0,0.0,0.0,0.0,7.378157,8.160214,6.7434015,0.0,0.0,0.0,1
0.0,0.0,0.0,0.0,0.0,0.70666456,0.0,0.0,0.2806162,0.3727615,0.0,0.2928862,0.0,0.6195043,0.0,0.907021,0.0,0.24921688,0.0,0.0,0.0,0.073939,0.24631166,0.58315194,1
0.0,0.9309244,0.0,0.0,0.0,1.5610025,2.6296797,0.0,1.6268833,0.0,0.0,0.0,0.0,4.4245954,0.0,0.0,2.4735928,0.21804106,0.0,3.8273091,3.3195426,0.0,1.3189632,0.392817,1
0.0,0.0,0.028546004,0.0,0.0,0.3263897,0.0,0.22669001,0.0,0.0,0.31268,0.0,0.5190574,0.0,0.0,1.729039,0.0,0.2160903,0.0,0.0,0.0,0.0,0.46940315,0.29421034,1
0.0,0.0,0.0,0.0,0.0,0.76940715,0.0,0.0,0.98897743,0.26803303,0.0,0.26761264,0.0,0.81638575,0.0,1.6413324,0.0,0.23778687,0.0,0.2017906,0.0,0.0,1.1949394,0.5062253,1
0.0,0.0,0.51619333,0.0,0.0,0.0,0.0,0.0,0.0,0.0,1.2646941,0.0,0.0,0.0,0.0,0.0,0.0,0.0,1.1244451,2.1794086,3.641734,0.0,3.5938354,2.1792808,1
0.33800334,1.1481861,1.3421935,0.0,0.0,0.0,1.3642823,0.9552158,0.0,0.0,0.4435416,3.0729563,0.017636677,2.554714,0.0,2.3866127,0.40742385,0.22798479,2.089374,0.0,0.9555447,0.1761711,1.0339931,0.0,0
1.226838,3.6463363,2.183829,0.0,0.0,0.0,2.857821,5.567385,0.0,0.0,0.2427785,6.575833,0.0,5.4940453,0.0,1.2570713,3.4897938,0.0,3.6084015,0.0,4.35526,2.5553799,0.0,0.0,0
0.0,0.0,1.53972,0.0,0.0,1.7886671,0.0,0.0,1.3620225,2.0507743,0.0,0.7634825,0.5115637,2.2408535,0.0,5.168049,0.0,1.3368692,0.681808,0.0,0.0,0.0,0.0,0.0,0
0.4887738,0.0,0.13127919,0.25744137,0.0,0.30940127,1.1902462,0.58111024,0.05793591,0.0,0.72620314,1.1071875,0.0,0.32542917,0.39052078,0.7020153,1.0315824,0.0,0.19751388,0.0,0.0,0.0,0.70868975,0.0,0
0.0,0.0,0.73610985,0.0,3.4349883,2.530505,0.0,0.0,1.4154519,5.198568,0.0,0.0,2.6415877,4.1792655,5.457377,7.0852156,0.0,5.33851,0.0,0.0,0.0,0.0,0.0,8.378087,0
0.49771938,0.0,0.48953483,0.0,0.3779309,1.0265416,0.0,0.0,0.75475734,1.1774526,0.0,0.18031344,0.44623992,0.7563139,0.0,2.449068,0.0,0.0,0.0,0.0,0.0,0.0,0.0,0.0,0
0.25301397,0.0,0.033746585,0.0886877,0.0,0.44036758,1.5050311,1.3936299,0.4252898,0.0,0.0,2.2902164,0.0,2.2059436,0.8928618,0.71319455,1.6928066,0.0,1.6970358,0.16226831,0.4781647,0.48425394,0.32451952,0.7008525,0
1.0744631,0.0,0.6333859,0.17507665,0.0,0.0,3.5523458,0.74608195,2.4859152,0.0,0.0,4.700176,0.0,2.1519997,0.0,0.11439603,4.9527545,0.0,2.0072064,1.3525114,0.0,2.447015,0.0,0.0,0
0.670047,0.2631848,0.2885258,0.47489506,0.0,0.19775599,1.0750105,0.667165,0.7459888,0.0,0.2488983,1.51544,0.0,0.86691535,0.0,0.48361894,1.6855983,0.0,0.5063886,0.0,0.0,0.0,0.69195884,0.0,0
0.0,0.0,2.395509,0.0,3.281396,0.0,0.0,0.0,3.838571,0.0,0.0,2.7903492,0.0,3.347295,1.7995598,3.3658144,0.0,5.7964196,0.0,0.0,4.520073,0.0,0.0,0.80546314,0
1.072924,0.0,0.59107846,0.4909593,0.0,0.0,1.1332796,0.53123456,0.14677732,0.19128507,0.7510091,0.85973644,0.0,0.29983458,0.033959787,0.18213777,1.7009343,0.62880784,0.0,0.0,0.06134065,0.0,0.050528742,0.0,0
0.0,0.0,0.32200044,0.0,0.0,0.0,0.37212613,0.5815082,0.009863433,0.0,0.11341093,1.6374702,0.05780875,1.9653237,0.07407878,1.2373534,1.9781045,0.0,1.1568383,0.0,0.35796466,0.4542603,1.332127,0.0,0
1.3272326,3.2294898,1.1670355,0.0,0.0,0.0,0.8341734,3.5100906,0.0,0.0,0.6549123,5.4518905,0.0,4.550111,0.0,1.1147721,0.96427,0.0,3.3763235,0.0,4.5793533,1.1165785,0.0,0.0,0
1.6781284,0.0,1.5051069,0.09937836,0.0,0.5446565,0.015532219,0.0,0.0,0.49273902,0.79543304,0.19117634,0.0,0.0,0.0,1.4951198,0.5957997,0.39626014,0.0,0.0,0.0,0.0,0.0,0.2516846,0
0.0,0.0,0.6119372,0.0,0.0,1.1369472,0.0,0.0,0.16897672,3.1920161,0.0,0.0,0.26752597,1.4083295,1.3504274,4.0621133,0.13024467,2.0380063,0.97874784,0.0,0.0,0.0,0.0,3.002477,0
2.0738835,0.0,0.0,2.2267537,0.60056126,0.4507832,0.7769717,1.5401423,0.067277335,0.0064465003,1.1156337,1.9510326,0.0,0.0,1.0522517,0.7701646,0.075432986,0.6980226,0.6581038,1.175485,1.129962,0.0,0.0,0.0,0
0.0,0.0,1.3257357,0.0,0.7113796,0.55200875,0.0,0.0,0.31114313,1.934175,0.0,0.0,1.199971,1.1537852,0.0,3.626695,0.0,0.8417783,0.0,0.0,0.0,0.0,0.0,0.29016334,0
1.2538695,0.0,0.88918877,0.19337387,0.0,0.43906042,1.5004689,0.6133953,0.81323946,0.0,0.0,2.045506,0.0,0.2694479,0.0,0.37502736,3.3826063,0.0,0.93424577,0.0,0.0,0.0,0.0,0.30324203,0
0.0,0.0,0.6348246,0.0,1.2662476,0.0,0.0,0.0,0.6003638,2.26115,0.0,0.0,0.5741207,1.20112,0.273965,3.5451589,0.0,3.6282,0.10978447,0.0,0.45422328,0.0,0.0,3.6947625,0
0.0,0.0,1.6890408,0.0,0.0,0.0,0.03728786,1.7385889,0.0,0.0,0.6931892,1.3995063,0.0,2.6339176,0.0,1.0831305,3.4868503,0.0,0.6869022,0.0,0.7156373,0.0,0.0,0.0,0
0.04611253,0.0,1.0521466,0.0,1.3198229,1.318041,0.0,0.0,0.5081869,2.552886,0.0,0.0,1.251688,1.1147356,0.25213814,4.2664747,0.0,0.3721878,0.0,0.0,0.0,0.0,0.0,0.0,0
1.3135918,0.33566234,0.72431505,0.0,0.0,0.0,2.8492265,2.5436187,1.985691,0.0,0.0,4.6084533,0.0,3.213043,0.270463,0.0,5.8860755,0.0,1.4225465,0.52505195,1.4165121,1.8400947,0.0,0.0,0
1.9758997,0.0,1.0391698,0.0,0.0,0.0,2.627367,1.3210264,3.1232946,0.0,0.0,4.884475,0.0,2.552462,0.0,0.0,5.2715917,0.0,0.5519149,1.5512073,1.0222641,2.933291,0.0,0.0,0
1.9167397,0.59077835,0.5020191,0.0,0.0,0.0,1.8935207,2.2984576,0.0,0.0,1.031756,2.2144628,0.0,2.0141983,0.0,0.2860627,2.6781204,0.0,1.3727652,0.0,1.0777351,0.65180004,0.3225736,0.0,0
0.0,0.0,1.1701707,0.0,0.8092633,0.56391144,0.0,0.0,0.2231394,1.5892909,0.0,0.0,1.1457922,0.9797772,0.0,3.1400695,0.0,0.5100234,0.0,0.0,0.0,0.0,0.0,0.033440493,0
0.117168464,0.0,0.0,0.371379,0.0,0.16400011,0.47164854,0.14243929,0.399582,0.0,0.31133312,0.2826862,0.0,0.3044381,0.03847743,0.39579785,0.27430373,0.0,0.24717623,0.0,0.0,0.0,0.20499282,0.0,0
0.0,0.0,0.32898423,0.0,0.0,0.5003216,0.015849646,0.0,1.2815045,0.5882088,0.01261539,1.2504812,0.0,0.7285725,0.0,1.2445335,1.0344687,0.0,0.6960168,0.0,0.0,0.0,0.0,0.0,1
0.0631172,0.0,0.49648747,0.16154349,0.0,0.5279498,0.06761299,0.0,0.7910869,0.689135,0.47585043,1.0277587,0.0,0.891836,0.0,1.660087,0.9381702,0.4228558,0.98140544,0.0,0.0,0.0,0.15904641,0.0,1
1.7407458,2.1631253,0.0,0.0,5.7710743,3.2094352,0.0,0.0,0.0,3.2311664,0.0,0.0,2.2206066,3.583697,3.1064944,3.4346652,0.0,3.1204505,0.0,0.0,0.0,0.0,0.0,2.634384,1
2.3643358,1.2036219,0.0,1.7289586,2.7491245,0.0,0.0,0.5625554,0.0,2.774201,0.0,0.0,3.104652,1.111523,3.8353093,0.0,0.0,0.0,0.0,0.0,0.0,0.0,1.620711,1.5936142,1
0.0,0.0,0.0,0.0,2.9987826,1.554173,0.0,0.0,1.457504,4.6534634,0.0,0.0,1.8359433,3.2596512,3.8442447,4.322147,0.0,4.4032373,0.0,0.0,0.0,0.0,0.0,3.577107,1
0.20996869,0.0,2.2604206,0.0,1.8492458,1.1174695,0.0,0.0,0.7202847,3.16736,0.0,0.0,2.3888717,1.7825181,0.0,6.0163174,0.0,0.71742964,0.0,0.0,0.0,0.0,0.0,0.0,1
0.0,0.0,0.0,0.0,1.2134088,1.0301806,0.0,0.0,0.81956,3.9383764,0.0,0.0,0.6686029,2.851661,3.2881541,3.5669606,0.0,4.732832,0.20896222,0.0,0.5398679,0.0,0.12366413,4.5637965,1
0.73621184,0.0,1.2442918,0.0,0.0,0.0,0.0,0.0,0.0,0.0,0.0,0.0,2.1145835,2.7214983,4.7979546,3.0369682,0.0,0.0,3.8455808,0.0,0.0,0.0,2.439619,6.7538614,1
0.0,0.0,0.4417255,0.0,0.2703269,0.1754227,0.0,0.0,0.10403529,0.60927933,0.0,0.0,0.42458367,0.3617571,0.0,1.1655354,0.0,0.24024937,0.0,0.0,0.0,0.0,0.0,0.041807793,1
0.5859304,0.0,0.0,0.0,3.1533072,1.554525,0.0,0.0,1.4064189,3.7249036,0.0,0.0,1.6993785,2.4705536,3.5369565,3.1147866,0.0,3.000441,0.0,0.0,0.0,0.0,0.0,2.1857579,1
0.0,0.0,0.0,0.0,1.8677582,0.5860611,0.0,0.0,1.0657939,3.2816162,0.0,0.0,1.0047114,2.8348114,3.6435208,2.0141792,0.0,4.802893,0.0,0.0,0.45684335,0.0,0.4370643,4.3836265,1
0.0,0.0,0.7722162,0.0,0.0,0.0,0.0,0.0,0.0,0.50525767,0.0,0.037978705,0.38718915,0.60394007,0.0,1.2632024,0.0,0.93486905,0.48972788,0.0,0.0,0.0,0.0,0.77220047,1
0.0,0.0,0.72907996,0.0,0.060686495,0.0,0.0,0.0,0.05049517,0.62228316,0.0,0.0,0.53163856,0.5467155,0.0,1.39556,0.0,0.60228455,0.12405505,0.0,0.0,0.0,0.0,0.35501206,1
0.0,0.10175379,0.23904546,0.087470144,0.0,0.12146598,0.40888956,0.32935318,0.5773489,0.0,0.0042184717,0.6702746,0.0,0.46401227,0.08427431,0.49108478,0.31164253,0.21969323,0.19824274,0.0,0.2034102,0.0,0.061435122,0.0,1
8.077083,0.0,0.8471102,0.0,0.0,0.0,0.0,1.3827502,0.0,0.0,4.647407,0.0,8.532378,8.084686,10.328001,0.0,0.0,0.0,10.050216,0.0,0.0,0.0,10.919084,12.218542,1
0.20781651,0.0,0.78552854,0.0,0.50690746,0.70304275,0.0,0.0,0.5252614,1.2696905,0.0,0.0,0.7376718,0.8093005,0.0,2.57422,0.0,0.21127115,0.0,0.0,0.0,0.0,0.0,0.0,1
0.0,0.0,0.0,0.0,2.7838686,0.9975184,0.0,0.0,1.4133956,4.006415,0.0,0.0,1.6251214,3.2248263,4.046973,2.913785,0.0,4.8815656,0.0,0.0,0.0,0.0,0.0,4.135711,1
0.0,0.0,0.98490536,0.0,0.46904668,0.20989841,0.0,0.0,0.19794011,1.1296046,0.0,0.0,0.891511,0.75856215,0.0,2.280402,0.0,0.5479473,0.0,0.0,0.0,0.0,0.0,0.12216785,1
0.29959828,0.0,0.0,0.0,5.0710745,2.0771892,0.0,0.0,2.346678,6.791681,0.0,0.0,3.6633043,4.933485,4.760487,7.0159426,0.0,5.9770503,0.0,0.0,0.0,0.0,0.0,4.2123084,1
2.2981715,0.0,2.629261,0.0,0.0,0.0,0.0,0.0,0.0,0.0,1.6108683,0.0,4.933603,4.88621,3.835705,0.822629,0.0,0.5192384,6.327296,0.0,0.0,0.0,4.5699573,8.389014,1
0.9116519,0.098949924,0.48809433,0.0,0.72623146,0.0,0.0,0.0,0.024061106,0.6529974,0.13839093,0.0,0.48240697,0.48631305,0.25093004,0.32785925,0.0,1.4259202,0.0,0.0,0.0,0.0,0.0,0.726581,1
0.50206673,0.23568094,0.0,0.0,4.4755664,1.8997467,0.65599394,0.0,0.0,0.0,0.0,0.0,6.872414,6.7715006,5.675609,6.588304,0.0,0.0,0.10511444,0.0,0.0,0.0,1.9056717,4.5116286,1
0.0,0.0,1.2762167,0.0,0.30075365,0.90969574,0.0,0.0,0.22445683,2.7839973,0.0,0.0,0.86422646,1.5275118,0.039090194,4.726657,0.0,1.6266584,0.17424706,0.0,0.0,0.0,0.0,1.3250111,1
0.0,0.0,0.0,0.37398064,1.8124758,1.0249405,0.0,0.0,0.9629724,2.9034467,0.0,0.0,0.48737353,2.1303508,3.8456705,1.369084,0.0,3.654121,0.0,0.0,0.58659106,0.0,0.5711391,3.4943295,1
0.0,0.0,0.0168535,0.08218455,0.0,0.181519,1.7209281,0.5322047,0.59013903,0.0,0.16071488,2.0312982,0.17339323,1.1318157,0.44540107,1.1002604,1.4798164,0.0,0.9902896,0.0,0.0,0.0,1.4525696,0.0,1
0.76153725,0.0,0.09634163,1.1795458,0.0,0.6537831,0.9427195,0.413068,0.87607646,0.58168936,0.8446026,1.0153306,0.0,0.5365583,0.0,0.5542866,1.173831,0.0,0.63123333,0.0,0.0,0.0,0.23501784,0.0,1
0.0,0.0,0.0,0.43593487,0.7556525,0.0,0.0,0.0,0.6925639,0.0,0.0,0.0,0.1230931,0.0,0.28722402,0.0,0.0,0.0,0.0,0.0,0.7676056,0.0,0.33094493,0.0,0
0.36759996,0.07196436,0.5855098,0.7793736,0.23437199,0.0,0.33877486,0.0,0.0,0.0,0.42299402,0.0,0.29961032,0.50896835,0.0,0.08716182,0.09919338,0.0,0.08834611,0.7375348,0.0,0.027318021,0.31763,0.40620446,0
0.0,0.0,0.0,0.04310374,0.109404035,0.0,0.2732017,0.36830032,0.0,0.21090946,0.0,0.0,0.0,0.0,0.0,0.14320678,0.16043495,0.19363092,0.120567776,0.010399947,0.0,0.28103969,0.0,0.0,0
0.45223725,0.073163144,0.33165005,0.14801975,0.0,0.0,0.0,0.0,0.0,0.06263844,0.25732905,0.0,0.0,0.0,0.0,0.089845404,0.5472915,0.0,0.34362957,0.55807906,0.0,0.0,0.0,0.05884893,0
0.0,0.0,0.0,0.10967709,0.12321312,0.0,0.0,0.0,0.145066,0.0,0.0,0.0,0.043262675,0.0,0.07734408,0.0,0.0,0.0,0.0,0.0,0.18861154,0.0,0.077849805,0.0,0
0.7496353,0.34777606,0.92151606,0.99879855,0.0,0.0,0.0,0.0,0.0,0.27192286,0.3899256,0.0,0.0,0.0,0.0,0.9823928,2.3549385,0.0,1.1087679,2.2685082,0.22278298,0.10215212,0.0,0.0,0
0.28622815,0.0,1.088178,2.2739155,0.4246144,0.96209115,1.9204165,1.0191075,0.0,0.4875928,0.0,0.0,0.0,0.0,0.0,1.4542668,2.0569127,1.2630255,0.0,2.280727,0.8209021,2.3585382,0.0,0.0,0
0.0,0.0,0.0,0.1114526,0.1252057,0.0,0.0,0.0,0.14702775,0.0,0.0,0.0,0.04376238,0.0,0.07824338,0.0,0.0,0.0,0.0,0.0,0.19123742,0.0,0.07875064,0.0,0
1.0186945,0.0,1.6278449,0.261989,0.0,0.0,0.0,0.0,0.0,0.0,1.1054379,0.0,0.1580896,0.10842763,0.0,0.0,1.0021847,0.0,0.73035693,1.4369216,0.0,0.0,0.119926855,0.77962124,0
0.0,0.005632942,0.0,0.0,0.0,0.0,0.0,0.012736356,0.010787313,0.0,0.0,0.0,0.00905883,0.011708099,0.015788129,0.0,0.0,0.0,0.0,0.0,0.008874,0.0,0.016189326,0.0124183595,0
1.5879805,1.0185882,1.012095,0.8545073,0.0,0.0,0.0,0.0,0.0,0.4408918,0.7476774,0.0,0.0,0.0,0.0,0.51761794,1.9858212,0.0,1.4691162,2.1277559,0.0,0.0,0.0,0.013335848,0
0.0,0.0,0.0,0.24923429,0.27983132,0.0,0.0,0.0,0.29926217,0.0,0.016601091,0.0,0.08253997,0.0,0.1480306,0.0,0.0,0.0,0.0,0.0,0.39500946,0.0,0.14865635,0.0,0
0.8721231,0.0,0.8711806,4.521649,1.7524056,0.29572096,2.994791,0.0,0.0,0.54046816,0.0,0.0,0.0,0.0,0.0,3.735029,3.3438504,1.2666477,0.67489445,4.5087624,0.7887298,3.425663,0.0,0.0,0
2.5551028,0.67713857,2.075437,1.0494868,0.0,0.0,0.0,0.0,0.0,0.72070694,0.81923205,0.0,0.0,0.0,0.0,0.71869606,2.5509293,0.0,2.4267545,3.713759,0.0,0.11916599,0.0,0.0,0
0.0,0.0,0.0,0.0,0.6038,0.0,0.0,0.13765208,0.40913647,0.25951347,0.0,0.0,0.0,0.0,0.0,0.0,0.0,0.0,0.23793912,0.0,0.0,0.0,0.0,0.0,0
1.2857598,0.91423255,0.31501335,0.5922599,0.0,0.0,0.0,0.0,0.0,0.43579933,0.0,0.0,0.046820506,0.0,0.0,0.039555915,0.66576004,0.25923592,0.41435644,0.80488247,0.0,0.16903296,0.06372436,0.0,0
0.0,1.2598983,0.25176555,3.31322,0.98590565,0.0,2.073965,0.0,0.0,0.0,0.0,0.0,0.0,0.0,0.0,2.6893284,2.727095,1.8226142,0.8010691,2.2053742,0.0,1.000941,0.00043465197,0.0,0
0.0,0.0,0.0,0.12311158,0.15441328,0.0,0.0,0.0,0.98116,0.0,0.2684889,0.0,0.0,0.0,0.538972,0.0,0.0,0.24289362,0.0,0.0,1.1678777,0.13136277,0.7724496,0.0,0
0.0,0.0,0.0,0.6532222,9.678767,0.0,5.0267797,9.943772,7.846062,0.0,2.1065433,0.0,13.059824,0.0,0.0,0.0,0.0,0.0,4.794081,0.0,17.852236,0.0,2.3440182,9.151383,0
0.3179469,0.0,0.021824513,0.44196454,0.5361132,0.0,0.0,0.2702944,0.0,0.11365656,0.22303118,0.45004708,0.11668354,0.0,0.0,0.4443898,0.0064438824,0.4253168,0.42196482,0.06649412,0.0,0.48290825,0.40247717,0.0,0
0.0,0.51491785,0.0,1.7366828,0.0,1.0027509,0.6449436,0.0,0.0,0.031073613,0.0,0.0,0.0,0.0,0.0,1.2628635,1.9486341,1.2547736,0.0,1.0479698,0.3926916,0.724485,0.0,0.0,0
0.29308617,0.0,1.2670033,2.401444,1.085443,1.5193028,0.9564612,0.41860065,0.10325195,0.20437765,0.0,0.0,0.0,0.029786486,0.0,1.327695,1.4155406,0.0,0.0,2.5576115,0.705462,2.1509626,0.0,0.0,0
0.0,0.0,0.0,0.62677443,0.7035261,0.0,0.0,0.0,0.7164047,0.0,0.06703803,0.0,0.18879569,0.0,0.3392568,0.0,0.0,0.0,0.0,0.0,0.9533718,0.0,0.3402073,0.0,0
0.658858,0.29175186,0.44065896,0.5463046,0.0,0.0,0.0,0.0,0.0,0.13232233,0.06492863,0.0,0.0,0.0,0.0,0.20951203,0.7019724,0.0,0.30324742,0.81954545,0.0,0.092734136,0.0,0.0,0
0.3128843,0.0,0.47647977,0.0,0.0,0.0,0.0,0.007659211,0.15343061,0.2208582,0.28031474,0.0,0.0,0.0,0.0,0.0,0.5102817,0.0,0.37258178,0.27465758,0.03860856,0.0,0.0,0.17946273,0
0.0,0.005632942,0.0,0.0,0.0,0.0,0.0,0.012736356,0.010787313,0.0,0.0,0.0,0.00905883,0.011708099,0.015788129,0.0,0.0,0.0,0.0,0.0,0.008874,0.0,0.016189326,0.0124183595,0
2.7187252,1.4290028,0.0,4.8838744,4.8757677,0.0,0.0,0.0,7.9442925,0.16907683,0.0,0.0,6.3022833,0.0,0.0,0.0,0.7071823,0.0,0.0,0.0,13.876501,0.0,0.0,5.5970955,1
0.7315988,0.0,0.0,0.0,0.50455195,0.0,0.0,0.700972,0.052212607,0.35788682,0.0,0.0,0.0,0.0,0.0,0.0,0.0,0.0,0.0,0.13681242,0.0,0.0,0.045711838,0.80253816,1
0.0,0.0,0.0,0.6047402,0.67879814,0.0,0.0,0.0,0.69205916,0.0,0.064094394,0.0,0.18259431,0.0,0.32809633,0.0,0.0,0.0,0.0,0.0,0.92078435,0.0,0.3290279,0.0,1
0.0,0.0,0.0,0.0,0.0,0.0,0.0,0.4731968,1.5013902,0.0,0.0,0.0,0.0,0.0,0.9294885,0.0,0.0,0.77497274,0.0,0.0,1.2730649,0.0,1.7954395,0.0,1
0.0,0.0,0.2441527,0.0,0.32752034,0.0,0.0,1.513109,4.3607426,0.0,0.0,0.0,0.0,0.0,3.0281665,0.0,0.0,0.0,0.0,0.0,4.0185394,0.0,4.785776,0.0,1
0.0,0.0,0.0,1.021228,1.146202,0.0,0.0,0.0,1.1522349,0.0,0.119734496,0.0,0.29981157,0.0,0.53904974,0.0,0.0,0.0,0.0,0.0,1.5367484,0.0,0.5403396,0.0,1
0.0,0.0,0.0,0.82807225,1.1732284,0.0,0.0,0.06774145,1.6958185,0.0,0.4931701,0.0,0.30875984,0.0,1.1749632,0.0,0.0,0.0,0.0,0.0,1.687359,0.0,0.9011954,0.0,1
1.3473536,0.010789404,1.3076773,0.6152958,0.06767266,0.0,0.0,0.0,0.0,0.2522981,0.090067156,0.0,0.0,0.040095303,0.0,0.21685737,1.1859862,0.0,1.0269493,1.8165448,0.0,0.0,0.0,0.0,1
0.119949594,0.0,0.0,0.24633479,1.2126666,0.0,0.0,0.12063481,0.9534641,0.0,0.0,0.0,0.03956842,0.0,0.30344093,0.0,0.0,0.0,0.0,0.0,0.72985405,0.0,0.45498854,0.0,1
0.0,0.0,0.0,0.70250523,0.78851503,0.0,0.0,0.0,0.8000793,0.0,0.07715517,0.0,0.21010952,0.0,0.37761486,0.0,0.0,0.0,0.0,0.0,1.0653738,0.0,0.37863052,0.0,1
0.66377705,0.0,0.0,0.0,3.4657347,0.0,0.21582142,4.0458336,9.673743,0.0,0.0,0.0,10.098765,0.0,0.0,0.0,0.0,0.0,5.683007,0.0,11.987211,0.0,0.0,13.702288,1
0.0,0.0,0.0,0.0,0.0,0.0,0.0,1.3665851,1.9062945,0.0,0.6204427,0.0,0.0,0.0,1.9636652,0.0,0.0,0.0,0.0,0.0,0.6613576,0.0,1.3786838,0.4533113,1
0.0,0.0,0.0,0.23006319,0.0,0.0,0.0,0.0,1.7851676,0.0,0.69815844,0.0,0.0,0.0,1.1874547,0.0,0.0,0.95794165,0.0,0.0,2.438645,0.37373772,1.7076994,0.0,1
0.0,0.0,0.16542739,0.88768095,1.3530334,0.0,0.0,0.0,1.3322474,0.0,0.0,0.0,0.47993937,0.0,0.7779453,0.0,0.0,0.0,0.0,0.0,1.7313427,0.0,0.8531701,0.0,1
0.38901576,0.0,0.7850777,3.0030081,2.9996715,0.0,0.0,0.16853793,5.2070556,0.0,0.0,0.0,1.9670335,0.0,0.273921,0.0,0.0,0.0,0.0,0.0,5.029821,0.0,0.0038181636,0.0,1
0.0,0.0,0.0,0.35628116,0.39996478,0.0,0.0,0.0,0.41753784,0.0,0.03090187,0.0,0.11266747,0.0,0.20225044,0.0,0.0,0.0,0.0,0.0,0.55332625,0.0,0.20296828,0.0,1
0.0,0.0,0.0,0.5698859,0.6396829,0.0,0.0,0.0,0.65354884,0.0,0.059438087,0.0,0.17278485,0.0,0.31044245,0.0,0.0,0.0,0.0,0.0,0.86923665,0.0,0.31134403,0.0,1
0.0,0.0,0.43007183,0.0,0.0,0.0,0.0,5.1157823,8.079847,0.0,0.0,0.0,0.0,0.0,7.589752,0.0,0.0,0.0,0.0,0.0,4.391355,0.0,5.9167724,0.0,1
0.0,0.0,0.0,0.39026308,0.9461443,0.0,0.0,0.0,0.824972,0.0,0.030727865,0.0,0.0,0.0,0.0741768,0.0,0.0,0.0,0.0,0.0,0.6995667,0.0,0.13591295,0.0,1
0.0,0.0,0.0,0.0,0.80699635,0.0,0.0,1.2210258,2.180123,0.0,0.0,0.0,0.0,0.0,1.5272754,0.0,0.0,0.0,0.0,0.0,0.92813283,0.0,1.7461832,0.3152341,1
0.0,0.0,0.0,0.0,1.9764216,0.0,0.0,1.0309172,2.299338,0.0,0.0,0.0,0.0,0.0,1.4163826,0.0,0.0,0.0,0.0,0.0,1.0559721,0.0,1.2618465,0.37144428,1
0.0,0.0,0.0,1.9619952,3.3597827,0.0,0.0,0.0,6.5807896,0.0,0.25515062,0.0,2.511457,0.0,0.73584014,0.0,0.0,0.0,0.0,0.0,8.586578,0.0,2.3809545,0.0,1
3.5519466,0.0,3.2703707,4.6026344,0.56560236,0.0,0.0,3.2027411,8.240587,0.0,0.0,0.0,3.0104537,0.0,1.896175,0.0,0.0,0.0,1.1256757,0.0,6.5970874,0.0,0.0,1.3712565,1
0.06738894,0.0,0.0,0.0,0.026012704,0.0,0.0,0.55712014,0.2901437,0.104251795,0.0,0.0,0.0,0.0,0.35220483,0.0,0.0,0.0,0.0,0.0,0.0,0.0,0.22963522,0.51379764,1
0.0,0.0,0.0,0.0,0.0,0.0,0.0,2.6324341,4.645863,0.0,1.3710412,0.0,0.0,0.0,3.3581443,0.0,0.0,0.0,0.0,0.0,2.4406345,0.0,4.2481294,0.82382846,1
0.7420096,0.0,3.5150309,0.0,0.0,0.0,0.0,7.2292614,10.168205,0.0,0.0,0.0,0.0,0.0,7.1379743,0.0,0.0,0.0,0.0,1.9131263,3.523051,0.0,1.6181744,0.0,1
